<?xml version="1.0" encoding="UTF-8"?><artifacts>
    <artifact name="DeviceManagement" groupId="nl.weintegrate.wealert.api.devicemanagement.wso2.api" version="1.0.0" type="synapse/api" serverRole="EnterpriseServiceBus">
        <file>src/main/synapse-config/api/DeviceManagement.xml</file>
    </artifact>
    <artifact name="SendRequestToDeviceData" groupId="nl.weintegrate.wealert.api.devicemanagement.wso2.sequence" version="1.0.0" type="synapse/sequence" serverRole="EnterpriseServiceBus">
        <file>src/main/synapse-config/sequences/SendRequestToDeviceData.xml</file>
    </artifact>
    <artifact name="UnregisterDeviceInSequence" groupId="nl.weintegrate.wealert.api.devicemanagement.wso2.sequence" version="1.0.0" type="synapse/sequence" serverRole="EnterpriseServiceBus">
        <file>src/main/synapse-config/sequences/UnregisterDeviceInSequence.xml</file>
    </artifact>
    <artifact name="UnregisterDeviceOutSequence" groupId="nl.weintegrate.wealert.api.devicemanagement.wso2.sequence" version="1.0.0" type="synapse/sequence" serverRole="EnterpriseServiceBus">
        <file>src/main/synapse-config/sequences/UnregisterDeviceOutSequence.xml</file>
    </artifact>
    <artifact name="GetDevicesInSequence" groupId="nl.weintegrate.wealert.api.devicemanagement.wso2.sequence" version="1.0.0" type="synapse/sequence" serverRole="EnterpriseServiceBus">
        <file>src/main/synapse-config/sequences/GetDevicesInSequence.xml</file>
    </artifact>
    <artifact name="GetDevicesOutSequence" groupId="nl.weintegrate.wealert.api.devicemanagement.wso2.sequence" version="1.0.0" type="synapse/sequence" serverRole="EnterpriseServiceBus">
        <file>src/main/synapse-config/sequences/GetDevicesOutSequence.xml</file>
    </artifact>
    <artifact name="ListDeviceInSequence" groupId="nl.weintegrate.wealert.api.devicemanagement.wso2.sequence" version="1.0.0" type="synapse/sequence" serverRole="EnterpriseServiceBus">
        <file>src/main/synapse-config/sequences/ListDeviceInSequence.xml</file>
    </artifact>
    <artifact name="ListDeviceOutSequence" groupId="nl.weintegrate.wealert.api.devicemanagement.wso2.sequence" version="1.0.0" type="synapse/sequence" serverRole="EnterpriseServiceBus">
        <file>src/main/synapse-config/sequences/ListDeviceOutSequence.xml</file>
    </artifact>
    <artifact name="UnsubscribeUserInSequence" groupId="nl.weintegrate.wealert.api.devicemanagement.wso2.sequence" version="1.0.0" type="synapse/sequence" serverRole="EnterpriseServiceBus">
        <file>src/main/synapse-config/sequences/UnsubscribeUserInSequence.xml</file>
    </artifact>
    <artifact name="UnsubscribeUserOutSequence" groupId="nl.weintegrate.wealert.api.devicemanagement.wso2.sequence" version="1.0.0" type="synapse/sequence" serverRole="EnterpriseServiceBus">
        <file>src/main/synapse-config/sequences/UnsubscribeUserOutSequence.xml</file>
    </artifact>
    <artifact name="DeviceManagementResponseSender" groupId="nl.weintegrate.wealert.api.devicemanagement.wso2.sequence" version="1.0.0" type="synapse/sequence" serverRole="EnterpriseServiceBus">
        <file>src/main/synapse-config/sequences/DeviceManagementResponseSender.xml</file>
    </artifact>
    <artifact name="UnregisterDeviceFaultSequence" groupId="nl.weintegrate.wealert.api.devicemanagement.wso2.sequence" version="1.0.0" type="synapse/sequence" serverRole="EnterpriseServiceBus">
        <file>src/main/synapse-config/sequences/UnregisterDeviceFaultSequence.xml</file>
    </artifact>
    <artifact name="UnsubscribeUserFaultSequence" groupId="nl.weintegrate.wealert.api.devicemanagement.wso2.sequence" version="1.0.0" type="synapse/sequence" serverRole="EnterpriseServiceBus">
        <file>src/main/synapse-config/sequences/UnsubscribeUserFaultSequence.xml</file>
    </artifact>
    <artifact name="GetDevicesFaultSequence" groupId="nl.weintegrate.wealert.api.devicemanagement.wso2.sequence" version="1.0.0" type="synapse/sequence" serverRole="EnterpriseServiceBus">
        <file>src/main/synapse-config/sequences/GetDevicesFaultSequence.xml</file>
    </artifact>
    <artifact name="ListDeviceFaultSequence" groupId="nl.weintegrate.wealert.api.devicemanagement.wso2.sequence" version="1.0.0" type="synapse/sequence" serverRole="EnterpriseServiceBus">
        <file>src/main/synapse-config/sequences/ListDeviceFaultSequence.xml</file>
    </artifact>
    <artifact name="IdentifyErrorSequence" groupId="nl.weintegrate.wealert.api.devicemanagement.wso2.sequence" version="1.0.0" type="synapse/sequence" serverRole="EnterpriseServiceBus">
        <file>src/main/synapse-config/sequences/IdentifyErrorSequence.xml</file>
    </artifact>
    <artifact name="RegisterDeviceToDeviceDataInSequence" groupId="nl.weintegrate.wealert.api.devicemanagement.wso2.sequence" version="1.0.0" type="synapse/sequence" serverRole="EnterpriseServiceBus">
        <file>src/main/synapse-config/sequences/RegisterDeviceToDeviceDataInSequence.xml</file>
    </artifact>
    <artifact name="RegisterDeviceToDeviceDataOutSequence" groupId="nl.weintegrate.wealert.api.devicemanagement.wso2.sequence" version="1.0.0" type="synapse/sequence" serverRole="EnterpriseServiceBus">
        <file>src/main/synapse-config/sequences/RegisterDeviceToDeviceDataOutSequence.xml</file>
    </artifact>
    <artifact name="RegisterDeviceToDeviceDataFaultSequence" groupId="nl.weintegrate.wealert.api.devicemanagement.wso2.sequence" version="1.0.0" type="synapse/sequence" serverRole="EnterpriseServiceBus">
        <file>src/main/synapse-config/sequences/RegisterDeviceToDeviceDataFaultSequence.xml</file>
    </artifact>
</artifacts>
