{
   "swagger":"2.0",
   "paths":{
      "/recaptcha_01/verify":{
         "post":{
            "responses":{
               "200":{
                  "description":""
               }
            },
            "parameters":[
               {
                  "name":"Payload",
                  "description":"Request Body",
                  "required":false,
                  "in":"body",
                  "schema":{
                     "type":"object",
                     "properties":{
                        "payload":{
                           "type":"string"
                        }
                     }
                  }
               }
            ],
            "x-auth-type":"Application & Application User",
            "x-throttling-tier":"Unlimited"
         }
      }
   },
   "info":{
      "title":"RecaptchaManagement",
      "version":"1.0"
   },
   "securityDefinitions":{
      "default":{
         "type":"oauth2",
         "authorizationUrl":"https://10.3.235.7:8245/authorize",
         "flow":"implicit",
         "scopes":{

         }
      }
   },
   "basePath":"/ggmd/captcha/1.0",
   "host":"10.3.235.7:8245",
   "schemes":[
      "https",
      "http"
   ]
}