<?xml version="1.0" encoding="UTF-8"?><artifacts>
    <artifact name="TransformDeliveriesCSVRecordIntoXML" groupId="nl.ggmd.wso2.Deliveries.fileadapter.sequence" version="1.0.0" type="synapse/sequence" serverRole="EnterpriseServiceBus">
        <file>src/main/synapse-config/sequences/TransformDeliveriesCSVRecordIntoXML.xml</file>
    </artifact>
    <artifact name="ConvertPlainXMLToDataXML" groupId="nl.ggmd.wso2.Deliveries.fileadapter.sequence" version="1.0.0" type="synapse/sequence" serverRole="EnterpriseServiceBus">
        <file>src/main/synapse-config/sequences/ConvertPlainXMLToDataXML.xml</file>
    </artifact>
    <artifact name="SendDeliveriesMessageToDataService" groupId="nl.ggmd.wso2.Deliveries.fileadapter.sequence" version="1.0.0" type="synapse/sequence" serverRole="EnterpriseServiceBus">
        <file>src/main/synapse-config/sequences/SendDeliveriesMessageToDataService.xml</file>
    </artifact>
    <artifact name="DeliveriesFileProcessingFaultSequence" groupId="nl.ggmd.wso2.Deliveries.fileadapter.sequence" version="1.0.0" type="synapse/sequence" serverRole="EnterpriseServiceBus">
        <file>src/main/synapse-config/sequences/DeliveriesFileProcessingFaultSequence.xml</file>
    </artifact>
    <artifact name="DeliveriesFileProcessor" groupId="nl.ggmd.wso2.Deliveries.fileadapter.inbound-endpoint" version="1.0.0" type="synapse/inbound-endpoint" serverRole="EnterpriseServiceBus">
        <file>src/main/synapse-config/inbound-endpoints/DeliveriesFileProcessor.xml</file>
    </artifact>
    <artifact name="DeliveriesInSequence" groupId="nl.ggmd.wso2.Deliveries.fileadapter.sequence" version="1.0.0" type="synapse/sequence" serverRole="EnterpriseServiceBus">
        <file>src/main/synapse-config/sequences/DeliveriesInSequence.xml</file>
    </artifact>
    <artifact name="DiscardDeliveriesMessage" groupId="nl.ggmd.wso2.Deliveries.fileadapter.sequence" version="1.0.0" type="synapse/sequence" serverRole="EnterpriseServiceBus">
        <file>src/main/synapse-config/sequences/DiscardDeliveriesMessage.xml</file>
    </artifact>
    <artifact name="FileSplitterScheduler" groupId="nl.ggmd.wso2.Deliveries.fileadapter.task" version="1.0.0" type="synapse/task" serverRole="EnterpriseServiceBus">
        <file>src/main/synapse-config/tasks/FileSplitterScheduler.xml</file>
    </artifact>
    <artifact name="DeliveryFileSplitter" groupId="nl.ggmd.wso2.Deliveries.fileadapter.proxy-service" version="1.0.0" type="synapse/proxy-service" serverRole="EnterpriseServiceBus">
        <file>src/main/synapse-config/proxy-services/DeliveryFileSplitter.xml</file>
    </artifact>
    <artifact name="DeliveriesFileReader" groupId="nl.ggmd.wso2.Deliveries.fileadapter.proxy-service" version="1.0.0" type="synapse/proxy-service" serverRole="EnterpriseServiceBus">
        <file>src/main/synapse-config/proxy-services/DeliveriesFileReader.xml</file>
    </artifact>
</artifacts>
