<?xml version="1.0" encoding="UTF-8"?>
<sequence name="ContractsFileProcessingFaultSequence" trace="disable" xmlns="http://ws.apache.org/ns/synapse">
    <call-template description="LogINFO" target="gov:com/commons/util/v1/templates/LoggerTemplate.xml">
        <with-param name="SequenceName" value="DiscardContractsMessage"/>
        <with-param name="Message" value="ContractsFileProcessingFaultSequence Sequence Started."/>
        <with-param name="LogLevel" value="ERROR"/>
    </call-template>
    <payloadFactory media-type="xml">
        <format>
            <errormessage xmlns="">
                <message>$1</message>
            </errormessage>
        </format>
        <args>
            <arg evaluator="xml" expression="//*[local-name()='csv-record']"/>
        </args>
    </payloadFactory>
    <call-template description="LogINFO" target="gov:com/commons/util/v1/templates/LoggerTemplate.xml">
        <with-param name="SequenceName" value="ContractsFileProcessingFaultSequence"/>
        <with-param name="Message" value="Going to send the message to error queue"/>
        <with-param name="LogLevel" value="ERROR"/>
    </call-template>
    <property description="SetOutOnly" name="OUT_ONLY" scope="default" type="STRING" value="true"/>
    <call>
        <endpoint>
            <address format="pox" uri="jms:/GGMD.Contracts.Error.Queue.01?transport.jms.ConnectionFactoryJNDIName=QueueConnectionFactory&amp;java.naming.factory.initial=org.apache.activemq.jndi.ActiveMQInitialContextFactory&amp;java.naming.provider.url=ACTIVE_MQ_URL&amp;transport.jms.DestinationType=queue"/>
        </endpoint>
    </call>
    <call-template description="LogINFO" target="gov:com/commons/util/v1/templates/LoggerTemplate.xml">
        <with-param name="SequenceName" value="ContractsFileProcessingFaultSequence"/>
        <with-param name="Message" value="Error Message Successfully sent to the queue."/>
        <with-param name="LogLevel" value="ERROR"/>
    </call-template>
</sequence>
