<?xml version="1.0" encoding="UTF-8"?>
<sequence name="ConvertContractPlainXMLToCDMXML" trace="disable" xmlns="http://ws.apache.org/ns/synapse">
    <call-template description="LogINFO" target="gov:com/commons/util/v1/templates/LoggerTemplate.xml">
        <with-param name="SequenceName" value="ConvertPlainXMLToCDMXML"/>
        <with-param name="Message" value="ConvertPlainXMLToCDMXML Sequence Started."/>
        <with-param name="LogLevel" value="INFO"/>
    </call-template>
    <call-template description="LogINFO" target="gov:com/commons/util/v1/templates/LoggerTemplate.xml">
        <with-param name="SequenceName" value="ConvertPlainXMLToCDMXML"/>
        <with-param name="Message" value="Going to convert the Contract XMl into CDM XML"/>
        <with-param name="LogLevel" value="INFO"/>
    </call-template>
    <xslt key="gov:nl/ggmd/service/contracts/v1/xslt/ConvertContractXMLToCDMXml.xslt">
        <resource key="gov:nl/ggmd/service/contracts/v1/xslt/ConvertContractXMLToCDMXml.xslt" location="gov:nl/ggmd/service/contracts/v1/xslt/ConvertContractXMLToCDMXml.xslt"/>
    </xslt>
    <call-template description="LogINFO" target="gov:com/commons/util/v1/templates/LoggerTemplate.xml">
        <with-param name="SequenceName" value="ConvertPlainXMLToCDMXML"/>
        <with-param name="Message" value="Successfully Transformed it into Contracts CDM"/>
        <with-param name="LogLevel" value="INFO"/>
    </call-template>
</sequence>
