<?xml version="1.0" encoding="UTF-8"?>
<sequence name="DiscardContractsMessage" trace="disable" xmlns="http://ws.apache.org/ns/synapse">
    <call-template target="gov:com/commons/util/v1/templates/LoggerTemplate.xml">
        <with-param name="SequenceName" value="DiscardContractsMessage"/>
        <with-param name="Message" value="DiscardContractsMessage Sequence Started."/>
        <with-param name="LogLevel" value="INFO"/>
    </call-template>
    <call-template target="gov:com/commons/util/v1/templates/LoggerTemplate.xml">
        <with-param name="SequenceName" value="DiscardContractsMessage"/>
        <with-param name="Message" value="Going to write the discarded message on file."/>
        <with-param name="LogLevel" value="INFO"/>
    </call-template>
    <payloadFactory media-type="xml">
        <format>
            <discardedmessage xmlns="">
                <message>$1</message>
            </discardedmessage>
        </format>
        <args>
            <arg evaluator="xml" expression="//*[local-name()='csv-record']" xmlns:ns="http://org.apache.synapse/xsd"/>
        </args>
    </payloadFactory>
    <property expression="get-property(&quot;SYSTEM_DATE&quot;, &quot;yyyy-MM-dd&quot;)" name="GetSystemDate" scope="default" type="STRING" xmlns:ns="http://org.apache.synapse/xsd"/>
    <property expression="fn:concat('DisgardedContractsRows-',get-property('SYSTEM_DATE', 'ddMMyy'), '.xml')" name="uri.var.discardfileurl" scope="default" type="STRING" xmlns:ns="http://org.apache.synapse/xsd"/>
    <property name="OUT_ONLY" scope="default" type="STRING" value="true"/>
    <property action="remove" name="ClientApiNonBlocking" scope="axis2"/>
    <call>
        <endpoint key="gov:nl/ggmd/service/contracts/v1/endpoints/DisgardedContractRowsFileEndpoint.xml"/>
    </call>
    <call-template target="gov:com/commons/util/v1/templates/LoggerTemplate.xml">
        <with-param name="SequenceName" value="DiscardContractsMessage"/>
        <with-param name="Message" value="Discarded Message Successfully written on the file."/>
        <with-param name="LogLevel" value="INFO"/>
    </call-template>
</sequence>
