<?xml version="1.0" encoding="UTF-8"?>
<sequence name="FilterContractsXMLMessage" trace="disable" xmlns="http://ws.apache.org/ns/synapse">
    <call-template description="LogINFO" target="gov:com/commons/util/v1/templates/LoggerTemplate.xml">
        <with-param name="SequenceName" value="FilterContractsXMLMessage"/>
        <with-param name="Message" value="FilterContractsXMLMessage sequence started."/>
        <with-param name="LogLevel" value="INFO"/>
    </call-template>
    <call-template description="LogINFO" target="gov:com/commons/util/v1/templates/LoggerTemplate.xml">
        <with-param name="SequenceName" value="FilterContractsXMLMessage"/>
        <with-param name="Message" value="Going to use Iterate to break the messages."/>
        <with-param name="LogLevel" value="INFO"/>
    </call-template>
    <iterate expression="//*[local-name()='csv-record']">
        <target>
            <sequence>
                <call-template description="LogINFO" target="gov:com/commons/util/v1/templates/LoggerTemplate.xml">
                    <with-param name="SequenceName" value="FilterContractsXMLMessage"/>
                    <with-param name="Message" value="Going to use Iterate to break the messages."/>
                    <with-param name="LogLevel" value="INFO"/>
                </call-template>
                <property description="GetEenheid2015Value" expression="//*[local-name()='Eenheid2015']" name="Eenheid2015Value" scope="default" type="STRING"/>
                <call-template description="LogINFO" target="gov:com/commons/util/v1/templates/LoggerTemplate.xml">
                    <with-param name="SequenceName" value="FilterContractsXMLMessage"/>
                    <with-param name="Message" value="Going to apply Filteration Criteria."/>
                    <with-param name="LogLevel" value="INFO"/>
                </call-template>
                <filter xpath="//*[local-name()='Eenheid2015'] !='' or //*[local-name()='Eenheid'] !=''">
                    <then>
                        <filter xpath="//*[local-name()='Kiesproductcategorieofzzp'] ='Dagbesteding 07'">
                            <then>
                                <call-template description="LogINFO" target="gov:com/commons/util/v1/templates/LoggerTemplate.xml">
                                    <with-param name="SequenceName" value="FilterContractsXMLMessage"/>
                                    <with-param name="Message" value="Filteration Criteria does not matched for Contract incoming message."/>
                                    <with-param name="LogLevel" value="INFO"/>
                                </call-template>
                                <sequence key="DiscardContractsMessage"/>
                            </then>
                            <else>
                                <call-template description="LogINFO" target="gov:com/commons/util/v1/templates/LoggerTemplate.xml">
                                    <with-param name="SequenceName" value="FilterContractsXMLMessage"/>
                                    <with-param name="Message" value="Filteration Criteria matched for Contract incoming message."/>
                                    <with-param name="LogLevel" value="INFO"/>
                                </call-template>
                                <sequence key="ConvertContractPlainXMLToCDMXML"/>
                                <sequence key="SendContractsMessageToDataService"/>
                            </else>
                        </filter>
                    </then>
                    <else>
                        <switch source="//*[local-name()='Eenheid2015']">
                            <case regex="Minuten per week">
                                <call-template description="LogINFO" target="gov:com/commons/util/v1/templates/LoggerTemplate.xml">
                                    <with-param name="SequenceName" value="FilterContractsXMLMessage"/>
                                    <with-param name="Message" value="Filteration Criteria matched for Contract incoming message."/>
                                    <with-param name="LogLevel" value="INFO"/>
                                </call-template>
                                <sequence key="ConvertContractPlainXMLToCDMXML"/>
                                <sequence key="SendContractsMessageToDataService"/>
                            </case>
                            <case regex="Uren per week">
                                <call-template description="LogINFO" target="gov:com/commons/util/v1/templates/LoggerTemplate.xml">
                                    <with-param name="SequenceName" value="FilterContractsXMLMessage"/>
                                    <with-param name="Message" value="Filteration Criteria matched for Contract incoming message."/>
                                    <with-param name="LogLevel" value="INFO"/>
                                </call-template>
                                <sequence key="ConvertContractPlainXMLToCDMXML"/>
                                <sequence key="SendContractsMessageToDataService"/>
                            </case>
                            <case regex="Eurocenten">
                                <call-template description="LogINFO" target="gov:com/commons/util/v1/templates/LoggerTemplate.xml">
                                    <with-param name="SequenceName" value="FilterContractsXMLMessage"/>
                                    <with-param name="Message" value="Filteration Criteria does not matched for Contract incoming message."/>
                                    <with-param name="LogLevel" value="INFO"/>
                                </call-template>
                                <sequence key="DiscardContractsMessage"/>
                            </case>
                            <case regex="Stuks">
                                <call-template description="LogINFO" target="gov:com/commons/util/v1/templates/LoggerTemplate.xml">
                                    <with-param name="SequenceName" value="FilterContractsXMLMessage"/>
                                    <with-param name="Message" value="Filteration Criteria matched for Contract incoming message."/>
                                    <with-param name="LogLevel" value="INFO"/>
                                </call-template>
                                <sequence key="ConvertContractPlainXMLToCDMXML"/>
                                <sequence key="SendContractsMessageToDataService"/>
                            </case>
                            <case regex="Aantal">
                                <call-template description="LogINFO" target="gov:com/commons/util/v1/templates/LoggerTemplate.xml">
                                    <with-param name="SequenceName" value="FilterContractsXMLMessage"/>
                                    <with-param name="Message" value="Filteration Criteria matched for Contract incoming message."/>
                                    <with-param name="LogLevel" value="INFO"/>
                                </call-template>
                                <sequence key="ConvertContractPlainXMLToCDMXML"/>
                                <sequence key="SendContractsMessageToDataService"/>
                            </case>
                            <case regex="Stuks\/aantal">
                                <call-template description="LogINFO" target="gov:com/commons/util/v1/templates/LoggerTemplate.xml">
                                    <with-param name="SequenceName" value="FilterContractsXMLMessage"/>
                                    <with-param name="Message" value="Filteration Criteria matched for Contract incoming message."/>
                                    <with-param name="LogLevel" value="INFO"/>
                                </call-template>
                                <sequence key="ConvertContractPlainXMLToCDMXML"/>
                                <sequence key="SendContractsMessageToDataService"/>
                            </case>
                            <case regex="Dagen per week">
                                <call-template description="LogINFO" target="gov:com/commons/util/v1/templates/LoggerTemplate.xml">
                                    <with-param name="SequenceName" value="FilterContractsXMLMessage"/>
                                    <with-param name="Message" value="Filteration Criteria matched for Contract incoming message."/>
                                    <with-param name="LogLevel" value="INFO"/>
                                </call-template>
                                <sequence key="ConvertContractPlainXMLToCDMXML"/>
                                <sequence key="SendContractsMessageToDataService"/>
                            </case>
                            <default>
                                <call-template description="LogINFO" target="gov:com/commons/util/v1/templates/LoggerTemplate.xml">
                                    <with-param name="SequenceName" value="FilterContractsXMLMessage"/>
                                    <with-param name="Message" value="Filteration Criteria does not matched for Contract incoming message."/>
                                    <with-param name="LogLevel" value="INFO"/>
                                </call-template>
                                <sequence key="DiscardContractsMessage"/>
                            </default>
                        </switch>
                    </else>
                </filter>
            </sequence>
        </target>
    </iterate>
</sequence>
