<?xml version="1.0" encoding="UTF-8"?><artifacts>
    <artifact name="AuthenticateFaultSequence" groupId="nl.ggmd.wso2.identity.accessmanagement.sequence" version="1.0.0" type="synapse/sequence" serverRole="EnterpriseServiceBus">
        <file>src/main/synapse-config/sequences/AuthenticateFaultSequence.xml</file>
    </artifact>
    <artifact name="AuthenticateInSequence" groupId="nl.ggmd.wso2.identity.accessmanagement.sequence" version="1.0.0" type="synapse/sequence" serverRole="EnterpriseServiceBus">
        <file>src/main/synapse-config/sequences/AuthenticateInSequence.xml</file>
    </artifact>
    <artifact name="ValidateAuthenticateCDMRequest" groupId="nl.ggmd.wso2.identity.accessmanagement.sequence" version="1.0.0" type="synapse/sequence" serverRole="EnterpriseServiceBus">
        <file>src/main/synapse-config/sequences/ValidateAuthenticateCDMRequest.xml</file>
    </artifact>
    <artifact name="ValidateAuthenticateCDMResponse" groupId="nl.ggmd.wso2.identity.accessmanagement.sequence" version="1.0.0" type="synapse/sequence" serverRole="EnterpriseServiceBus">
        <file>src/main/synapse-config/sequences/ValidateAuthenticateCDMResponse.xml</file>
    </artifact>
    <artifact name="ConvertAuthenticateCDMRequestToISRequest" groupId="nl.ggmd.wso2.identity.accessmanagement.sequence" version="1.0.0" type="synapse/sequence" serverRole="EnterpriseServiceBus">
        <file>src/main/synapse-config/sequences/ConvertAuthenticateCDMRequestToISRequest.xml</file>
    </artifact>
    <artifact name="ConvertAuthenticateISResponseToCDMResponse" groupId="nl.ggmd.wso2.identity.accessmanagement.sequence" version="1.0.0" type="synapse/sequence" serverRole="EnterpriseServiceBus">
        <file>src/main/synapse-config/sequences/ConvertAuthenticateISResponseToCDMResponse.xml</file>
    </artifact>
    <artifact name="SendRequestToIS" groupId="nl.ggmd.wso2.identity.accessmanagement.sequence" version="1.0.0" type="synapse/sequence" serverRole="EnterpriseServiceBus">
        <file>src/main/synapse-config/sequences/SendRequestToIS.xml</file>
    </artifact>
    <artifact name="AuthenticateOutSequence" groupId="nl.ggmd.wso2.identity.accessmanagement.sequence" version="1.0.0" type="synapse/sequence" serverRole="EnterpriseServiceBus">
        <file>src/main/synapse-config/sequences/AuthenticateOutSequence.xml</file>
    </artifact>
    <artifact name="IdentityAndAccessManagement" groupId="nl.ggmd.wso2.identity.accessmanagement.api" version="1.0.0" type="synapse/api" serverRole="EnterpriseServiceBus">
        <file>src/main/synapse-config/api/IdentityAndAccessManagement.xml</file>
    </artifact>
    <artifact name="GetUserRole" groupId="nl.ggmd.wso2.identity.accessmanagement.sequence" version="1.0.0" type="synapse/sequence" serverRole="EnterpriseServiceBus">
        <file>src/main/synapse-config/sequences/GetUserRole.xml</file>
    </artifact>
    <artifact name="ChangePasswordInSequence" groupId="nl.ggmd.wso2.identity.accessmanagement.sequence" version="1.0.0" type="synapse/sequence" serverRole="EnterpriseServiceBus">
        <file>src/main/synapse-config/sequences/ChangePasswordInSequence.xml</file>
    </artifact>
    <artifact name="ChangePasswordOutSequence" groupId="nl.ggmd.wso2.identity.accessmanagement.sequence" version="1.0.0" type="synapse/sequence" serverRole="EnterpriseServiceBus">
        <file>src/main/synapse-config/sequences/ChangePasswordOutSequence.xml</file>
    </artifact>
    <artifact name="ChangePasswordFaultSequence" groupId="nl.ggmd.wso2.identity.accessmanagement.sequence" version="1.0.0" type="synapse/sequence" serverRole="EnterpriseServiceBus">
        <file>src/main/synapse-config/sequences/ChangePasswordFaultSequence.xml</file>
    </artifact>
    <artifact name="ConvertChangePasswordCDMRequestToISRequest" groupId="nl.ggmd.wso2.identity.accessmanagement.sequence" version="1.0.0" type="synapse/sequence" serverRole="EnterpriseServiceBus">
        <file>src/main/synapse-config/sequences/ConvertChangePasswordCDMRequestToISRequest.xml</file>
    </artifact>
    <artifact name="ConvertChangePasswordISResponseToCDMResponse" groupId="nl.ggmd.wso2.identity.accessmanagement.sequence" version="1.0.0" type="synapse/sequence" serverRole="EnterpriseServiceBus">
        <file>src/main/synapse-config/sequences/ConvertChangePasswordISResponseToCDMResponse.xml</file>
    </artifact>
    <artifact name="ValidateChangePasswordCDMRequest" groupId="nl.ggmd.wso2.identity.accessmanagement.sequence" version="1.0.0" type="synapse/sequence" serverRole="EnterpriseServiceBus">
        <file>src/main/synapse-config/sequences/ValidateChangePasswordCDMRequest.xml</file>
    </artifact>
    <artifact name="ValidateChangePasswordCDMResponse" groupId="nl.ggmd.wso2.identity.accessmanagement.sequence" version="1.0.0" type="synapse/sequence" serverRole="EnterpriseServiceBus">
        <file>src/main/synapse-config/sequences/ValidateChangePasswordCDMResponse.xml</file>
    </artifact>
</artifacts>
