<?xml version="1.0" encoding="UTF-8"?>
<sequence name="CallDataServiceToSaveDiscardedKPIContractInCSV" trace="disable" xmlns="http://ws.apache.org/ns/synapse">
    <header name="Action" scope="default" value="urn:InsertDiscardedContract"/>
    <property description="SetOutOnly" name="OUT_ONLY" scope="default" type="STRING" value="true"/>
    <call>
        <endpoint>
            <address format="soap11" uri="DISCARDEDCONTRACTS_DATASERVICE_ENDPOINT"/>
        </endpoint>
    </call>
    <log description="LogINFO" separator="========--------Response received from Contract Data Service-------========="/>
    <filter xpath="//*[local-name()='faultstring']">
        <then>
            <property description="SetOutOnly" name="OUT_ONLY" scope="default" type="STRING" value="true"/>
            <call>
                <endpoint>
                    <address format="pox" uri="jms:/GGMD.Contracts.Error.Queue.01?transport.jms.ConnectionFactoryJNDIName=QueueConnectionFactory&amp;java.naming.factory.initial=org.apache.activemq.jndi.ActiveMQInitialContextFactory&amp;java.naming.provider.url=ACTIVE_MQ_URL&amp;transport.jms.DestinationType=queue"/>
                </endpoint>
            </call>
        </then>
        <else>
            <log description="LogINFO" separator="Success response received from DisgardedKPIContracts Data Service."/>
        </else>
    </filter>
</sequence>
