<?xml version="1.0" encoding="UTF-8"?>
<sequence name="CheckCustomerCity" trace="disable" xmlns="http://ws.apache.org/ns/synapse">
    <sequence key="GGMDKPIMonitorPreserveContractPayload"/>
    <property description="CustomerCity" expression="get-property('CustomerCity')" name="CustomerCity" scope="default" type="STRING"/>
    <payloadFactory description="GetConfigurationFile" media-type="xml">
        <format key="gov:nl/ggmd/service/contracts/v1/configurationfiles/StuksCustomerCity.xml"/>
        <args/>
    </payloadFactory>
    <payloadFactory description="TransformIntoJSON" media-type="json">
        <format>{ "CurrentCustomerCity" : $1 }</format>
        <args>
            <arg evaluator="xml" expression="$body"/>
        </args>
    </payloadFactory>
    <script description="MatchCity" language="js"><![CDATA[var payload = mc.getPayloadJSON();
							var array = payload.CurrentCustomerCity.Body.CustomerCities.CustomerCity; 
							var customerCity = mc.getProperty("CustomerCity");
	
							for(var index=0 ; index < array.length; index++){
								if(customerCity == array[index]){
								  var match = "true";
							      break; 
							    } else {
							          var match = "false";
							        }
							   	  }
							mc.setProperty('IsCustomerCity', match);]]></script>
    <sequence key="GGMDKPIMonitorReplaceMsgBodyWithContractPayload"/>
</sequence>
