<?xml version="1.0" encoding="UTF-8"?>
<sequence name="CheckKPIContractCountandTriggerDeliveriesComponent" trace="disable" xmlns="http://ws.apache.org/ns/synapse">
    <log level="custom">
        <property name="ACTION" value="Trigger Delivery Processing"/>
    </log>
    <!-- <payloadFactory media-type="xml">
    <format>
      <m0:Message xmlns:m0="http://services.samples">
        <m0:request>
          <m0:data>Deliveries File Splitter Trigger Request</m0:data>
        </m0:request>
      </m0:Message>
    </format>
    <args/>
  </payloadFactory>
  <header name="Action" scope="default" value="urn:mediate"/>
  <property action="remove" description="RemoveClientApiNonBlocking"
    name="ClientApiNonBlocking" scope="axis2"/>
  <property description="OutOnly" name="OUT_ONLY" scope="default"
    type="STRING" value="true"/>
  <call>
    <endpoint>
      <address trace="disable" uri="http://localhost:8280/services/DeliveryFileSplitter"/>
    </endpoint>
  </call>
  <log description="TriggerDeliveries" separator="=====- Deliveries File Splitter Component Successfully Triggered-======"/> -->
    <payloadFactory media-type="xml">
        <format>
            <m0:Message xmlns:m0="http://services.samples">
                <m0:request>
                    <m0:data>Deliveries File Splitter Trigger Request</m0:data>
                </m0:request>
            </m0:Message>
        </format>
        <args/>
    </payloadFactory>
    <header name="Action" scope="default" value="urn:mediate"/>
    <property action="remove" name="ClientApiNonBlocking" scope="axis2"/>
    <property name="OUT_ONLY" scope="default" type="STRING" value="true"/>
    <call>
        <endpoint>
            <address uri="http://localhost:8280/services/GGMDKPIMonitorDeliveryFileSplitter"/>
        </endpoint>
    </call>
    <log level="custom">
        <property name="END_SEQ" value="LogTriggerDeliveryProcessing"/>
    </log>
</sequence>
