<?xml version="1.0" encoding="UTF-8"?>
<sequence name="CopyJWTContractFileToInDirectorySEQ"
	trace="disable" xmlns="http://ws.apache.org/ns/synapse">
	<fileconnector.copy>
		<source>/ggmd/files/to_be_processed/</source>
		<destination>/opt/file/jwt/contracts/In</destination>
		<filePattern>GGMD jeugd zorgtoewijzingencontract.*\.(csv)</filePattern>
	</fileconnector.copy>
	<fileconnector.delete>
		<source>/ggmd/files/to_be_processed/</source>
		<filePattern>GGMD jeugd zorgtoewijzingencontract.*\.(csv)</filePattern>
	</fileconnector.delete>
</sequence>