<?xml version="1.0" encoding="UTF-8"?>
<sequence name="CopyWMOContractFileToInDirectorySEQ" trace="disable" xmlns="http://ws.apache.org/ns/synapse">
  <fileconnector.copy>
    <source>/ggmd/files/uploads/</source>
    <destination>/opt/file/kpi/contracts/In/</destination>
    <filePattern>GGMD zorgtoewijzingen.*\.(csv)</filePattern>
  </fileconnector.copy>
  <fileconnector.delete>
    <source>/ggmd/files/uploads/</source>
    <filePattern>GGMD zorgtoewijzingen.*\.(csv)</filePattern>
  </fileconnector.delete>
</sequence>