<?xml version="1.0" encoding="UTF-8"?>
<sequence name="FilterKPIContractsXMLMessage" trace="disable" xmlns="http://ws.apache.org/ns/synapse">
    <iterate expression="//*[local-name()='csv-record']">
        <target>
            <sequence>
                <property description="Eenheid2015Value" expression="//*[local-name()='Eenheid2015']" name="Eenheid2015Value" scope="default" type="STRING"/>
                <property description="FrequentieValue" expression="//*[local-name()='Frequentie']" name="OriginalFrequency" scope="default" type="STRING"/>
                <property description="EinddatumValue" expression="//*[local-name()='Einddatum']" name="EinddatumValue" scope="default" type="STRING"/>
                <script description="CheckContractEndDate" language="js"><![CDATA[var log = mc.getServiceLog();
                var contractEndProperty = mc.getProperty('EinddatumValue');
                //log.info("ContractEndDateProperty: " + contractEndProperty);
                var contractEnd = contractEndProperty.substring(0);
                var contractEndArray = contractEnd.split('-');
                var currentYear = (new Date()).getFullYear();
                var expiryDate = new Date(currentYear,00,01);
                var contractEndDate = new Date(contractEndArray[2], contractEndArray[1]-1, contractEndArray[0]);
                //log.info("ContractEndDate: " + contractEndDate);
                //log.info("ContractExpiryDate: " + expiryDate);
                if (contractEndDate >= expiryDate) {
                mc.setProperty('ContractNotExpired','true');
                } else {
                mc.setProperty('ContractNotExpired','false');
                }]]></script>
                <filter description="CheckContractExpiry" xpath="get-property('ContractNotExpired')='true' or //*[local-name()='Einddatum'] = ''">
                    <then>
                        <filter description="CheckProductCategory" xpath="//*[local-name()='Kiesproductcategorieofzzp'] ='Dagbesteding 07'">
                            <then>
                                <property description="IsContractDiscarded" name="IsContractDiscarded" scope="default" type="STRING" value="True"/>
                                <property description="DiscardedReason" name="DiscardedReason" scope="default" type="STRING" value="InvalidProductCategory"/>
                            </then>
                            <else>
                                <filter description="CheckUnitOfProduct2015" xpath="//*[local-name()='Eenheid2015'] ='Eurocenten'">
                                    <then>
                                        <property description="IsContractDiscarded" name="IsContractDiscarded" scope="default" type="STRING" value="True"/>
                                        <property description="DiscardedReason" name="DiscardedReason" scope="default" type="STRING" value="InvalidUnitOfProduct"/>
                                    </then>
                                    <else>
                                        <filter description="CheckEmptyUnitOfProduct" xpath="//*[local-name()='Eenheid2015'] ='' and //*[local-name()='Eenheid'] =''">
                                            <then>
                                                <property description="IsContractDiscarded" name="IsContractDiscarded" scope="default" type="STRING" value="True"/>
                                                <property description="DiscardedReason" name="DiscardedReason" scope="default" type="STRING" value="InvalidUnitOfProduct"/>
                                            </then>
                                            <else>
                                                <filter xpath="//*[local-name()='Volume'] ='0'">
                                                    <then>
                                                        <property description="IsContractDiscarded" name="IsContractDiscarded" scope="default" type="STRING" value="True"/>
                                                        <property description="DiscardedReason" name="DiscardedReason" scope="default" type="STRING" value="VolumeInContractIsZero"/>
                                                    </then>
                                                    <else>
                                                        <property description="IsContractDiscarded" name="IsContractDiscarded" scope="default" type="STRING" value="False"/>
                                                        <property description="DiscardedReason" name="DiscardedReason" scope="default" type="STRING" value=""/>
                                                    </else>
                                                </filter>
                                            </else>
                                        </filter>
                                    </else>
                                </filter>
                            </else>
                        </filter>
                    </then>
                    <else>
                        <property description="IsContractDiscarded" name="IsContractDiscarded" scope="default" type="STRING" value="True"/>
                        <property description="DiscardedReason" name="DiscardedReason" scope="default" type="STRING" value="ExpiredContract"/>
                    </else>
                </filter>
                <sequence key="ConvertKPIContractPlainXMLToCDMXML"/>
                <sequence key="GGMDKPIMonitorPreserveContractPayload"/>
                <sequence key="SetContractDeliveryPeriod"/>
                <sequence key="GGMDKPIMonitorReplaceMsgBodyWithContractPayload"/>
                <sequence key="SetKPIContractDeliveryPeriodToCDMRequest"/>
                <sequence key="GGMDKPIMonitorSetMultiplyVolume"/>
                <enrich description="SetContractType">
                    <source clone="true" property="ContractType" type="property"/>
                    <target xmlns:tns="http://www.ggmd.nl/data/service/contract" xpath="//tns:CreateContract/ContractType "/>
                </enrich>
                <sequence key="SendKPIContractsMessageToDataService"/>
            </sequence>
        </target>
    </iterate>
</sequence>
