<?xml version="1.0" encoding="UTF-8"?>
<sequence name="GGMDKPIMonitorSetMultiplyVolume" trace="disable" xmlns="http://ws.apache.org/ns/synapse">
    <property description="UnitOfProduct2015" expression="//*[local-name()='UnitOfProduct2015']" name="UnitOfProduct2015" scope="default" type="STRING"/>
    <property description="UnitOfProduct" expression="//*[local-name()='UnitOfProduct']" name="UnitOfProduct" scope="default" type="STRING"/>
    <property description="Volume" expression="//*[local-name()='Volume']" name="Volume" scope="default" type="STRING"/>
    <property description="CustomerCity" expression="//*[local-name()='CustomerCity']" name="CustomerCity" scope="default" type="STRING"/>
    <property description="ProductCode" expression="//*[local-name()='ProductCode']" name="ProductCode" scope="default" type="STRING"/>
    <filter description="FilterUnitOfProduct2015" xpath="//*[local-name()='UnitOfProduct2015'] =''">
        <then>
            <filter description="FilterUnitOfProduct" xpath="//*[local-name()='UnitOfProduct'] =''">
                <then>
                    <property description="IsContractDiscarded" name="IsContractDiscarded" scope="default" type="STRING" value="True"/>
                    <property description="DiscardedReason" name="DiscardedReason" scope="default" type="STRING" value="InvalidContract"/>
                    <property description="FinalVolume" name="FinalVolume" scope="default" type="STRING" value="0.0"/>
                    <sequence key="SetKPIVolumePerDeliveryPeriodToCDMRequest"/>
                    <sequence key="SetKPIContractDiscardedInCDM"/>
                </then>
                <else>
                    <property description="Euro" name="Euro" scope="default" type="STRING" value="Euro's"/>
                    <filter description="IsUnitOfProductEuoro" xpath="//*[local-name()='UnitOfProduct'] =get-property('Euro')">
                        <then>
                            <sequence key="SetVolumePerDeliveryPeriodForEuro"/>
                        </then>
                        <else>
                            <filter description="IsUnitOfProductStuks" xpath="//*[local-name()='UnitOfProduct'] ='Stuks'">
                                <then>
                                    <sequence key="SetVolumePerDeliveryPeriodForStuks"/>
                                </then>
                                <else>
                                    <sequence key="SetVolumePerDeliveryPeriodForOtherUnitOfProduct"/>
                                </else>
                            </filter>
                        </else>
                    </filter>
                </else>
            </filter>
        </then>
        <else>
            <filter description="IsUnitOfProduct2015Stuks/aantal" xpath="//*[local-name()='UnitOfProduct2015'] ='Stuks/aantal'">
                <then>
                    <sequence key="CheckCustomerCity"/>
                    <filter description="DoesCityMatch" xpath="get-property('IsCustomerCity') ='false'">
                        <then>
                            <property description="IsContractDiscarded" name="IsContractDiscarded" scope="default" type="STRING" value="True"/>
                            <property description="DiscardedReason" name="DiscardedReason" scope="default" type="STRING" value="InvalidContract"/>
                            <property description="FinalVolume" name="FinalVolume" scope="default" type="STRING" value="0.0"/>
                            <sequence key="SetKPIVolumePerDeliveryPeriodToCDMRequest"/>
                            <sequence key="SetKPIContractDiscardedInCDM"/>
                        </then>
                        <else>
                            <sequence key="SetVolumePerDeliveryPeriodForUnitOfProduct2015"/>
                        </else>
                    </filter>
                </then>
                <else>
                    <sequence key="SetVolumePerDeliveryPeriodForUnitOfProduct2015"/>
                </else>
            </filter>
        </else>
    </filter>
</sequence>
