<?xml version="1.0" encoding="UTF-8"?>
<sequence name="GGMDKPIMonitorCopyDeliveryFileToInDirectories"
	trace="disable" xmlns="http://ws.apache.org/ns/synapse">
	<fileconnector.copy>
		<source>/ggmd/files/to_be_processed/</source>
		<destination>/opt/file/kpi/deliveries/in/</destination>
		<filePattern>GGMD deliveries.*\.(csv)</filePattern>
	</fileconnector.copy>
	<fileconnector.delete>
		<source>/ggmd/files/to_be_processed/</source>
		<filePattern>GGMD deliveries.*\.(csv)</filePattern>
	</fileconnector.delete>
</sequence>
