<?xml version="1.0" encoding="UTF-8"?>
<sequence name="KPIContractsFileProcessingFaultSequence" trace="disable" xmlns="http://ws.apache.org/ns/synapse">
    <payloadFactory media-type="xml">
        <format>
            <errormessage xmlns="">
                <message>$1</message>
            </errormessage>
        </format>
        <args>
            <arg evaluator="xml" expression="//*[local-name()='csv-record']"/>
        </args>
    </payloadFactory>
    <property description="SetOutOnly" name="OUT_ONLY" scope="default" type="STRING" value="true"/>
    <call>
        <endpoint>
            <address format="pox" uri="jms:/GGMD.KPI.Contracts.Error.Queue.01?transport.jms.ConnectionFactoryJNDIName=QueueConnectionFactory&amp;java.naming.factory.initial=org.apache.activemq.jndi.ActiveMQInitialContextFactory&amp;java.naming.provider.url=ACTIVE_MQ_URL&amp;transport.jms.DestinationType=queue"/>
        </endpoint>
    </call>
</sequence>
