<?xml version="1.0" encoding="UTF-8"?>
<sequence name="PurgeTheDataBaseSEQ" trace="disable" xmlns="http://ws.apache.org/ns/synapse">
    <payloadFactory media-type="xml">
        <format>
            <TriggerPurgeScript xmlns=""/>
        </format>
        <args/>
    </payloadFactory>
    <header name="Action" scope="default" value="urn:TriggerPurgeScript"/>
    <property description="OUT_ONLY" name="OUT_ONLY" scope="default" type="STRING" value="false"/>
    <call>
        <endpoint>
            <address uri="http://localhost:8280/services/GGMDKPIMonitorRemoteDBTriggerData"/>
        </endpoint>
    </call>
</sequence>
