<?xml version="1.0" encoding="UTF-8"?>
<sequence name="SendKPIContractsMessageToDataService" trace="disable" xmlns="http://ws.apache.org/ns/synapse">
    <property description="ContentType" name="ContentType" scope="axis2" type="STRING" value="application/xml"/>
    <property description="messageType" name="messageType" scope="axis2" type="STRING" value="application/xml"/>
    <header name="Accept" scope="transport" value="application/xml"/>
    <header name="Action" scope="default" value="urn:CreateContract"/>
    <property description="OutOnly" name="OUT_ONLY" scope="default" type="STRING" value="false"/>
    <call>
        <endpoint>
            <http method="post" uri-template="http://localhost:8280/services/KPIContract"/>
        </endpoint>
    </call>
    <filter xpath="//*[local-name()='faultstring']">
        <then>
            <property description="OutOnly" name="OUT_ONLY" scope="default" type="STRING" value="true"/>
            <call>
                <endpoint>
                    <address format="pox" uri="jms:/GGMD.KPI.Contracts.Error.Queue.01?transport.jms.ConnectionFactoryJNDIName=QueueConnectionFactory&amp;java.naming.factory.initial=org.apache.activemq.jndi.ActiveMQInitialContextFactory&amp;java.naming.provider.url=ACTIVE_MQ_URL&amp;transport.jms.DestinationType=queue"/>
                </endpoint>
            </call>
        </then>
        <else/>
    </filter>
</sequence>
