<?xml version="1.0" encoding="UTF-8"?>
<sequence name="SetContractDeliveryPeriod" trace="disable" xmlns="http://ws.apache.org/ns/synapse">
    <property description="FrequentieValue" expression="get-property('OriginalFrequency')" name="OriginalFrequency" scope="default" type="STRING"/>
    <payloadFactory description="GetConfigurationFile" media-type="xml">
        <format key="gov:nl/ggmd/service/contracts/v1/configurationfiles/ContractDeliveryPeriod.xml"/>
        <args/>
    </payloadFactory>
    <payloadFactory description="TransformIntoJSON" media-type="json">
        <format>{ "CurrentFrequency" : $1 }</format>
        <args>
            <arg evaluator="xml" expression="$body"/>
        </args>
    </payloadFactory>
    <script description="MatchFrequency" language="js"><![CDATA[var payload = mc.getPayloadJSON();
							var array = payload.CurrentFrequency.Body.ContractDeliveryPeriods.ContractDeliveryPeriod; 
							var currentFrequency = mc.getProperty("OriginalFrequency");
	
							for(var index=0 ; index < array.length; index++){
								if(currentFrequency == array[index].OriginalFrequency){
								  var result = array[index].DeliveryPeriod;
							      break; 
							    } else {
							          var result = "";
							        }
							   	  }
							mc.setProperty('FinalPeriod', result);]]></script>
</sequence>
