<?xml version="1.0" encoding="UTF-8"?>
<sequence name="SetKPIVolumeAndDeliveryToCDMRequest" trace="disable" xmlns="http://ws.apache.org/ns/synapse">
    <property description="FinalVolume" expression="get-property('FinalVolume')" name="VolumePerDeliveryPeriod" scope="default" type="STRING"/>
    <enrich description="SetContractVolume">
        <source clone="true" property="VolumePerDeliveryPeriod" type="property"/>
        <target xmlns:tns="http://www.ggmd.nl/data/service/contract" xpath="//tns:CreateContract/VolumePerDeliveryPeriod"/>
    </enrich>
    <enrich description="SetContractDeliveryPeriod">
        <source clone="true" property="FinalDeliverPeriod" type="property"/>
        <target xmlns:tns="http://www.ggmd.nl/data/service/contract" xpath="//tns:CreateContract/DeliveryPeriod"/>
    </enrich>
</sequence>
