<?xml version="1.0" encoding="UTF-8"?>
<sequence name="SetKPIContractDiscardedInCDM" trace="disable" xmlns="http://ws.apache.org/ns/synapse">
    <enrich description="SetContractDiscarded">
        <source clone="true" property="IsContractDiscarded" type="property"/>
        <target xmlns:tns="http://www.ggmd.nl/data/service/contract" xpath="//tns:CreateContract/IsContractDiscarded"/>
    </enrich>
    <enrich description="SetContractReasonToDiscard">
        <source clone="true" property="DiscardedReason" type="property"/>
        <target xmlns:tns="http://www.ggmd.nl/data/service/contract" xpath="//tns:CreateContract/DiscardedReason"/>
    </enrich>
</sequence>
