<?xml version="1.0" encoding="UTF-8"?>
<sequence name="SetUploadDateSEQ" trace="disable" xmlns="http://ws.apache.org/ns/synapse">
    <payloadFactory media-type="xml">
        <format>
            <TriggerSetUploadDateScript xmlns=""/>
        </format>
        <args/>
    </payloadFactory>
    <header name="Action" scope="default" value="urn:SetUploadDateScript"/>
    <call>
        <endpoint>
            <address uri="http://localhost:8280/services/GGMDKPIMonitorRemoteDBTriggerData"/>
        </endpoint>
    </call>
</sequence>
