<?xml version="1.0" encoding="UTF-8"?>
<sequence name="SetVolumePerDeliveryPeriodForStuks" trace="disable" xmlns="http://ws.apache.org/ns/synapse">
    <sequence key="GGMDKPIMonitorPreserveContractPayload"/>
    <property description="CustomerCity" expression="get-property('CustomerCity')" name="CustomerCity" scope="default" type="STRING"/>
    <property description="Volume" expression="get-property('Volume')" name="Volume" scope="default" type="STRING"/>
    <payloadFactory description="GetConfigurationFile" media-type="xml">
        <format key="gov:nl/ggmd/service/contracts/v1/configurationfiles/VolumePerCity.xml"/>
        <args/>
    </payloadFactory>
    <payloadFactory description="TransformIntoJSON" media-type="json">
        <format>{ "VolumesPerDeliveryPeriod" : $1 }</format>
        <args>
            <arg evaluator="xml" expression="$body"/>
        </args>
    </payloadFactory>
    <script description="MatchCustomerCity" language="js"><![CDATA[var payload = mc.getPayloadJSON();
							var array = payload.VolumesPerDeliveryPeriod.Body.VolumesPerCity.VolumePerCity; 
							var customerCity = mc.getProperty("CustomerCity");
							var volume = mc.getProperty("Volume");
							for(var index=0 ; index < array.length; index++){
								if(customerCity == array[index].CustomerCity){
								  var result = array[index].MultiplyVolumeBy;
								  result = result*volume;
								  var match = "Match";
							      break; 
							    } else {
							          var result = 0.0
							          var match = "Mismatch";
							        }
							   	  }
							mc.setProperty('FinalVolume', result);
							mc.setProperty('IsCityMatch', match);]]></script>
    <sequence key="GGMDKPIMonitorReplaceMsgBodyWithContractPayload"/>
    <filter description="IsCityMatch" xpath="get-property('IsCityMatch')='Mismatch'">
        <then>
            <property description="IsContractDiscarded" name="IsContractDiscarded" scope="default" type="STRING" value="True"/>
            <property description="DiscardedReason" name="DiscardedReason" scope="default" type="STRING" value="InvalidContract"/>
            <property description="FinalVolume" name="FinalVolume" scope="default" type="STRING" value="0.0"/>
            <sequence key="SetKPIVolumePerDeliveryPeriodToCDMRequest"/>
            <sequence key="SetKPIContractDiscardedInCDM"/>
        </then>
        <else>
            <sequence key="SetKPIVolumePerDeliveryPeriodToCDMRequest"/>
        </else>
    </filter>
</sequence>
