<?xml version="1.0" encoding="UTF-8"?>
<sequence name="SetVolumePerDeliveryPeriodForUnitOfProduct2015" trace="disable" xmlns="http://ws.apache.org/ns/synapse">
    <sequence key="GGMDKPIMonitorPreserveContractPayload"/>
    <property description="UnitOfProduct2015" expression="get-property('UnitOfProduct2015')" name="UnitOfProduct2015" scope="default" type="STRING"/>
    <property description="Volume" expression="get-property('Volume')" name="Volume" scope="default" type="STRING"/>
    <payloadFactory description="GetConfigurationFile" media-type="xml">
        <format key="gov:nl/ggmd/service/contracts/v1/configurationfiles/VolumePerDeliveryPeriod.xml"/>
        <args/>
    </payloadFactory>
    <payloadFactory description="TransformIntoJSON" media-type="json">
        <format>{ "VolumesPerDeliveryPeriod" : $1 }</format>
        <args>
            <arg evaluator="xml" expression="$body"/>
        </args>
    </payloadFactory>
    <script description="MatchUnitOfProduct2015" language="js"><![CDATA[var payload = mc.getPayloadJSON();
							var array = payload.VolumesPerDeliveryPeriod.Body.VolumesPerDeliveryPeriod.VolumePerDeliveryPeriod; 
							var currentUnit = mc.getProperty("UnitOfProduct2015");
							var volume = mc.getProperty("Volume");
							for(var index=0 ; index < array.length; index++){
								if(currentUnit == array[index].UnitOfProduct2015){
								  var result = array[index].MultiplyVolumeBy;
								  result = result*volume;
								  var deliverPeriod = array[index].DeliveryPeriod;
							      break; 
							    } else {
							          var result = "0.0";
							        }
							   	  }
							mc.setProperty('FinalVolume', result);
							mc.setProperty('FinalDeliverPeriod', deliverPeriod);]]></script>
    <sequence key="GGMDKPIMonitorReplaceMsgBodyWithContractPayload"/>
    <filter description="IsUnitOfProductMatch" xpath="get-property('FinalVolume')='0.0'">
        <then>
            <sequence key="SetKPIVolumePerDeliveryPeriodToCDMRequest"/>
        </then>
        <else>
            <sequence key="SetKPIVolumeAndDeliveryToCDMRequest"/>
        </else>
    </filter>
</sequence>
