<?xml version="1.0" encoding="UTF-8"?>
<sequence name="SetVolumePerDeliveryPeriodForOtherUnitOfProduct" trace="disable" xmlns="http://ws.apache.org/ns/synapse">
    <sequence key="GGMDKPIMonitorPreserveContractPayload"/>
    <property description="UnitOfProduct" expression="get-property('UnitOfProduct')" name="UnitsOfProduct" scope="default" type="STRING"/>
    <property description="DeliveryPeriod" expression="get-property('FinalPeriod')" name="DeliveryPeriod" scope="default" type="STRING"/>
    <property description="Volume" expression="get-property('Volume')" name="Volume" scope="default" type="STRING"/>
    <payloadFactory description="GetConfigurationFile" media-type="xml">
        <format key="gov:nl/ggmd/service/contracts/v1/configurationfiles/VolumePerDeliveryPeriodUnitOfProduct.xml"/>
        <args/>
    </payloadFactory>
    <payloadFactory description="TransformIntoJSON" media-type="json">
        <format>{ "VolumePerDeliveryPeriods" : $1 }</format>
        <args>
            <arg evaluator="xml" expression="$body"/>
        </args>
    </payloadFactory>
    <script description="MatchUnitOfProductAndDeliveryPeriod" language="js"><![CDATA[var payload = mc.getPayloadJSON();
							var array = payload.VolumePerDeliveryPeriods.Body.VolumesPerDeliveryPeriod.VolumePerDeliveryPeriod; 
							var unitOfProduct = mc.getProperty("UnitsOfProduct");
							var deliveryPeriod = mc.getProperty("DeliveryPeriod");
							var volume = mc.getProperty("Volume");
							for(var index=0 ; index < array.length; index++){
								if(unitOfProduct == array[index].UnitOfProduct) {
									if (array[index].DeliveryPeriod != null){
										if(deliveryPeriod == array[index].DeliveryPeriod){
								  			var result = array[index].MultiplyVolumeBy;
								  			result = result*volume;
							      			break; 
							    		} else {
							          		var result = "0.1";
							          		break; 
							        	}
							        } else {
							        	var result = array[index].MultiplyVolumeBy;
								  		result = result*volume;
							      		break;
							    	}
							   	} else {
							   		var result = "0.2";
								}
							}
							mc.setProperty('FinalVolume', result);]]></script>
    <sequence key="GGMDKPIMonitorReplaceMsgBodyWithContractPayload"/>
    <sequence key="SetKPIVolumePerDeliveryPeriodToCDMRequest"/>
</sequence>
