<?xml version="1.0" encoding="UTF-8"?>
<sequence name="SetVolumePerDeliveryPeriodForEuro" trace="disable" xmlns="http://ws.apache.org/ns/synapse">
    <sequence key="GGMDKPIMonitorPreserveContractPayload"/>
    <property description="ProductCode" expression="get-property('ProductCode')" name="ProductCode" scope="default" type="STRING"/>
    <property description="Volume" expression="get-property('Volume')" name="Volume" scope="default" type="STRING"/>
    <payloadFactory description="GetConfigurationFile" media-type="xml">
        <format key="gov:nl/ggmd/service/contracts/v1/configurationfiles/VolumePerDeliveryPeriodForEuro.xml"/>
        <args/>
    </payloadFactory>
    <payloadFactory description="TransformIntoJSON" media-type="json">
        <format>{ "VolumesPerDeliveryPeriod" : $1 }</format>
        <args>
            <arg evaluator="xml" expression="$body"/>
        </args>
    </payloadFactory>
    <script description="MatchProductCode" language="js"><![CDATA[var payload = mc.getPayloadJSON();
							var array = payload.VolumesPerDeliveryPeriod.Body.VolumesPerDeliveryPeriod.VolumePerDeliveryPeriod; 
							var productCode = mc.getProperty("ProductCode");
							var volume = mc.getProperty("Volume");
							for(var index=0 ; index < array.length; index++){
								if(productCode == array[index].ProductCode){
								  var result = array[index].MultiplyVolumeBy;
								  result = result*volume;
							      break; 
							    } else {
							          var result = "0.0";
							        }
							   	  }
							mc.setProperty('FinalVolume', result);]]></script>
    <sequence key="GGMDKPIMonitorReplaceMsgBodyWithContractPayload"/>
    <sequence key="SetKPIVolumePerDeliveryPeriodToCDMRequest"/>
</sequence>
