<?xml version="1.0" encoding="UTF-8"?>
<sequence name="SetVolumePerDeliveryPeriodForStucks" trace="disable" xmlns="http://ws.apache.org/ns/synapse">
    <sequence key="GGMDKPIMonitorPreserveContractPayload"/>
    <property description="UnitOfProduct" expression="get-property('UnitOfProduct')" name="UnitOfProduct" scope="default" type="STRING"/>
    <property description="DeliveryPeriod" expression="get-property('DeliveryPeriod')" name="DeliveryPeriod" scope="default" type="STRING"/>
    <property description="Volume" expression="get-property('Volume')" name="Volume" scope="default" type="STRING"/>
    <payloadFactory description="GetConfigurationFile" media-type="xml">
        <format key="gov:nl/ggmd/service/contracts/v1/configurationfiles/VolumePerDeliveryPeriodUnitOfProduct.xml"/>
        <args/>
    </payloadFactory>
    <payloadFactory description="TransformIntoJSON" media-type="json">
        <format>{ "VolumesPerDeliveryPeriod" : $1 }</format>
        <args>
            <arg evaluator="xml" expression="$body"/>
        </args>
    </payloadFactory>
    <script description="MatchUnitOfProductAndDeliveryPeriod" language="js"><![CDATA[var payload = mc.getPayloadJSON();
							var array = payload.VolumesPerDeliveryPeriod.Body.VolumesPerDeliveryPeriod.VolumePerDeliveryPeriod; 
							var unitOfProduct = mc.getProperty("UnitOfProduct");
							var deliveryPeriod = mc.getProperty("DeliveryPeriod");
							var volume = mc.getProperty("Volume");
							for(var index=0 ; index < array.length; index++){
								if(unitOfProduct == array[index].UnitOfProduct && DeliveryPeriod == array[index].DeliveryPeriod){
								  var result = array[index].MultiplyVolumeBy;
							      break; 
							    } else {
							          var result = "Mismatch";
							        }
							   	  }
							mc.setProperty('FinalVolume', result*volume);]]></script>
    <log description="MatchDestinationResult">
        <property expression="get-property('FinalVolume')" name="FinalVolume"/>
    </log>
    <sequence key="GGMDKPIMonitorReplaceMsgBodyWithContractPayload"/>
    <filter xpath="//*[local-name()='FinalVolume']='Mismatch'">
        <then>
            <log description="Mismatch " separator="----- Mismatch -----"/>
        </then>
        <else>
            <log description="Match " separator="------ Match ------"/>
            <sequence key="SetKPIVolumePerDeliveryPeriodToCDMRequest"/>
        </else>
    </filter>
</sequence>
