<?xml version="1.0" encoding="UTF-8"?>
<sequence
  name="ConfigurationManagementAPI_01_RegisterMobileGetAdminInfo_01"
  trace="disable" xmlns="http://ws.apache.org/ns/synapse">
  <payloadFactory media-type="xml">
    <format>
      <p:GetClientAdminByDomain xmlns:p="http://www.w-integrate.nl/xsd/w-alertconfigurationmanagementDSS_01/requestresponse_001">
        <p:ClientAdminDomain>$1</p:ClientAdminDomain>
      </p:GetClientAdminByDomain>
    </format>
    <args>
      <arg evaluator="xml" expression="get-property('DomainName')"/>
    </args>
  </payloadFactory>
  <property name="OUT_ONLY" scope="axis2" type="STRING" value="true"/>
  <property name="Accept" scope="transport" type="STRING" value="application/xml"/>
  <header name="Action" scope="default" value="https://localhost:9445/services/ConfigurationManagementDataService.SecureSOAP11Endpoint/"/>
  <call>
    <endpoint key="gov:nl/weintegrate/wealert/service/configurationmanagement/v1/endpoint/ConfigurationManagementDataServiceEndpoint.xml"/>
  </call>
</sequence>
