<?xml version="1.0" encoding="UTF-8"?>
<sequence
  name="ConfigurationManagementAPI_01_AuthorizeMemberUserInSequence_01"
  trace="disable" xmlns="http://ws.apache.org/ns/synapse">
  <log level="full" separator="---=== ConfigurationManagementAPI_01_AuthorizeMemberUserInSequence_01 ===---"/>
  <property description="OperationName" name="RequestOperationName"
    scope="default" type="STRING" value="AuthorizeMemberUserConfigurationManagement"/>
  <property description="MessageFrom" name="MessageFrom" scope="default"
    type="STRING" value="Client"/>
  <property description="MessageDestination" name="MessageDestination"
    scope="default" type="STRING" value="AuthorizationPolicyAPI"/>
  <property description="ResponseType"
    expression="get-property('transport', 'Accept')" name="ResponseType"
    scope="default" type="STRING" xmlns:ns="http://org.apache.synapse/xsd"/>
  <property description="ContentType" name="ContentType" scope="axis2"
    type="STRING" value="application/xml"/>
  <property description="messageType" name="messageType" scope="axis2"
    type="STRING" value="application/xml"/>
  <property description="DomainName"
    expression="fn:substring-after(//*[local-name()='UserName'],'@')"
    name="DomainName" scope="default" type="STRING"/>
  <property description="UserName"
    expression="fn:substring-before(//*[local-name()='UserName'],'@')"
    name="UserName" scope="default" type="STRING"/>
  <property description="TopicName"
    expression="//*[local-name()='TopicName']" name="TopicName"
    scope="default" type="STRING"/>
  <property description="DeviceId"
    expression="//*[local-name()='DeviceId']" name="DeviceId"
    scope="default" type="STRING"/>
  <property description="ApplicationGroupName"
    expression="//*[local-name()='ApplicationGroupName']"
    name="ApplicationGroupName" scope="default" type="STRING"/>
  <sequence key="ConfigurationManagementAPI_01_ValidateAuthorizeMemberUserCDMRequest_01"/>
  <log level="full" separator="---=== Going to Convert AuthorizeMemberUser Request to DSS Request ===---"/>
  <!--  <property description="ContentType" name="ContentType" scope="axis2"
    type="STRING" value="application/xml"/>
  <property description="messageType" name="messageType" scope="axis2"
    type="STRING" value="application/xml"/> -->
  <xslt description="ConfigurationManagementAuthorizeUserToDSSRequest" key="gov:nl/weintegrate/wealert/service/configurationmanagement/v1/xslt/ConfigurationManagementAuthorizeUserCMToDSSRequest.xslt">
    <resource
      key="gov:nl/weintegrate/wealert/service/configurationmanagement/v1/xslt/ConfigurationManagementAuthorizeUserCMToDSSRequest.xslt" location="ConfigurationManagementAuthorizeUserCMToDSSRequest.xslt"/>
  </xslt>
  <log level="full" separator="---=== After Conversation to DSS Request ===---"/>
  <!--  <property description="ContentType" name="ContentType" scope="axis2"
    type="STRING" value="application/xml"/>
  <property description="messageType" name="messageType" scope="axis2"
    type="STRING" value="application/xml"/>-->
  <property name="Accept" scope="transport" type="STRING" value="application/xml"/>
  <property name="OUT_ONLY" scope="axis2" type="STRING" value="true"/>
  <header name="Action" scope="default" value="https://localhost:9445/services/ConfigurationManagementDataService.SecureSOAP11Endpoint/"/>
  <call>
    <endpoint key="gov:nl/weintegrate/wealert/service/configurationmanagement/v1/endpoint/ConfigurationManagementDataServiceEndpoint.xml"/>
  </call>
  <log level="full" separator="---=== Response From DSS Server for GetClientAdminByDomain ===---"/>
  <property description="ClientAdminUserName"
    expression="//*[local-name()='ClientAdminUserName']"
    name="ClientAdminUserName" scope="default" type="STRING"/>
  <property description="ClientAdminPassword"
    expression="//*[local-name()='ClientAdminPassword']"
    name="ClientAdminPassword" scope="default" type="STRING"/>
  <log separator="---=== Retreiving Group Name Info from DSS Server ===---"/>
  <payloadFactory media-type="xml">
    <format>
      <p:GetApplicationGroupByTopic xmlns:p="http://www.w-integrate.nl/xsd/w-alertconfigurationmanagementDSS_01/requestresponse_001">
        <p:ApplicationTopicName>$1</p:ApplicationTopicName>
      </p:GetApplicationGroupByTopic>
    </format>
    <args>
      <arg evaluator="xml" expression="get-property('TopicName')" xmlns:m0="http://services.samples/xsd"/>
    </args>
  </payloadFactory>
  <log level="full" separator="---=== Sending Request To DSS for GetApplicationGroupByTopic Request ===---"/>
  <property name="OUT_ONLY" scope="axis2" type="STRING" value="true"/>
  <header name="Action" scope="default" value="https://localhost:9445/services/ConfigurationManagementDataService.SecureSOAP11Endpoint/"/>
  <call>
    <endpoint key="gov:nl/weintegrate/wealert/service/configurationmanagement/v1/endpoint/ConfigurationManagementDataServiceEndpoint.xml"/>
  </call>
  <log level="full" separator="---=== Response From DSS Server for GetApplicationGroupByTopic ===---"/>
  <property description="ApplicationGroupName"
    expression="//*[local-name()='ApplicationGroupName']"
    name="ApplicationGroupName" scope="default" type="STRING"/>
  <payloadFactory media-type="xml">
    <format>
      <requestresponse:AuthorizeRequest
        xmlns:address="http://www.w-integrate.nl/cdm/xsd/address_01"
        xmlns:application="http://www.w-integrate.nl/cdm/xsd/application_01"
        xmlns:applicationgroup="http://www.w-integrate.nl/cdm/xsd/applicationgroup_01"
        xmlns:channel="http://www.w-integrate.nl/cdm/xsd/communicationchannel_01"
        xmlns:cmmheader="http://www.w-integrate.nl/cmm/xsd/cmmheader_01"
        xmlns:condition="http://www.w-integrate.nl/cdm/xsd/condition_01"
        xmlns:conditiongroup="http://www.w-integrate.nl/cdm/xsd/conditiongroup_01"
        xmlns:device="http://www.w-integrate.nl/cdm/xsd/device_01"
        xmlns:organization="http://www.w-integrate.nl/cdm/xsd/organization_01"
        xmlns:permission="http://www.w-integrate.nl/cdm/xsd/permission_01"
        xmlns:person="http://www.w-integrate.nl/cdm/xsd/person_01"
        xmlns:policy="http://www.w-integrate.nl/cdm/xsd/authorizationpolicy_01"
        xmlns:requestresponse="http://www.w-integrate.nl/xsd/authorizationpolicy_01/requestresponse_001"
        xmlns:role="http://www.w-integrate.nl/cdm/xsd/role_01"
        xmlns:rule="http://www.w-integrate.nl/cdm/xsd/rule_01"
        xmlns:rulegroup="http://www.w-integrate.nl/cdm/xsd/rulegroup_01"
        xmlns:user="http://www.w-integrate.nl/cdm/xsd/user_01"
        xmlns:xsi="http://www.w3.org/2001/XMLSchema-instance" xsi:schemaLocation="http://www.w-integrate.nl/xsd/authorizationpolicy_01/requestresponse_001 AuthorizationPolicy_01_RequestResponse_001.xsd ">
        <requestresponse:CMMHeader>
          <cmmheader:ClientUserName>$1@$3</cmmheader:ClientUserName>
          <cmmheader:ClientPassword>$2</cmmheader:ClientPassword>
          <cmmheader:ClientDomain>$3</cmmheader:ClientDomain>
        </requestresponse:CMMHeader>
        <requestresponse:AuthorizationPolicy>
          <policy:AuthorizationPolicyId>$4</policy:AuthorizationPolicyId>
          <policy:AuthorizationPolicyName>$4</policy:AuthorizationPolicyName>
          <policy:AuthorizationPolicyApplicationGroup>
            <applicationgroup:ApplicationGroupId>$4</applicationgroup:ApplicationGroupId>
            <applicationgroup:ApplicationGroupName>$4</applicationgroup:ApplicationGroupName>
            <applicationgroup:ApplicationGroupRole>
              <role:RoleName>MemberRole</role:RoleName>
              <role:RoleUser>
                <user:UserName>$5</user:UserName>
                <user:UserDevice>
                  <device:DeviceId>$6</device:DeviceId>
                </user:UserDevice>
              </role:RoleUser>
            </applicationgroup:ApplicationGroupRole>
          </policy:AuthorizationPolicyApplicationGroup>
        </requestresponse:AuthorizationPolicy>
      </requestresponse:AuthorizeRequest>
    </format>
    <args>
      <arg evaluator="xml"
        expression="get-property('ClientAdminUserName')" xmlns:m0="http://services.samples/xsd"/>
      <arg evaluator="xml"
        expression="get-property('ClientAdminPassword')" xmlns:m0="http://services.samples/xsd"/>
      <arg evaluator="xml" expression="get-property('DomainName')" xmlns:m0="http://services.samples/xsd"/>
      <arg evaluator="xml"
        expression="get-property('ApplicationGroupName')" xmlns:m0="http://services.samples/xsd"/>
      <arg evaluator="xml" expression="get-property('UserName')" xmlns:m0="http://services.samples/xsd"/>
      <arg evaluator="xml" expression="get-property('DeviceId')" xmlns:m0="http://services.samples/xsd"/>
    </args>
  </payloadFactory>
  <log level="full" separator="---=== Sending Request To AP API for Authorize Member User ===---"/>
  <sequence key="ConfigurationManagementAPI_01_SendRequestToAuthorizationPolicyAPI_01"/>
</sequence>
