<?xml version="1.0" encoding="UTF-8"?>
<sequence
  name="ConfigurationManagementAPI_01_ModifyApplicationGroupWithApplicationsOutSequence_01"
  trace="disable" xmlns="http://ws.apache.org/ns/synapse">
  <log level="full" separator="---=== ConfigurationManagementAPI_01_ModifyApplicationGroupWithApplicationsOutSequence_01 ===---"/>
  <property description="SequenceType" name="MessageFrom"
    scope="default" type="STRING" value="DSS"/>
  <property description="SequenceType" name="MessageDestination"
    scope="default" type="STRING" value="Client"/>
  <filter xpath="fn:contains(//*[local-name()='REQUEST_STATUS'],'SUCCESSFUL')">
    <then>
      <payloadFactory media-type="xml">
        <format>
          <ModifyApplicationGroupWithApplicationsResponse xmlns="http://www.w-integrate.nl/xsd/w-alertconfigurationmanagement_01/requestresponse_001">
            <ResponseCode>N-0000</ResponseCode>
            <ResponseMessage>Success with No Errors or Warnings</ResponseMessage>
          </ModifyApplicationGroupWithApplicationsResponse>
        </format>
        <args/>
      </payloadFactory>
    </then>
    <else>
      <filter xpath="fn:contains(//*[local-name()='nested_exception'],'Cannot add or update a child row: a foreign key constraint fails')">
        <then>
          <payloadFactory media-type="xml">
            <format>
              <ModifyApplicationGroupWithApplicationsResponse xmlns="http://www.w-integrate.nl/xsd/w-alertconfigurationmanagement_01/requestresponse_001">
                <ResponseCode>W-0001</ResponseCode>
                <ResponseMessage>No Such Group or Application Exist. $1</ResponseMessage>
              </ModifyApplicationGroupWithApplicationsResponse>
            </format>
            <args>
              <arg evaluator="xml"
                expression="//*[local-name()='nested_exception']" xmlns:ns="http://org.apache.synapse/xsd"/>
            </args>
          </payloadFactory>
          <property name="HTTP_SC" scope="axis2" type="STRING" value="200"/>
        </then>
        <else>
          <filter xpath="fn:contains(//*[local-name()='nested_exception'],'Duplicate entry')">
            <then>
              <payloadFactory media-type="xml">
                <format>
                  <ModifyApplicationGroupWithApplicationsResponse xmlns="http://www.w-integrate.nl/xsd/w-alertconfigurationmanagement_01/requestresponse_001">
                    <ResponseCode>W-0001</ResponseCode>
                    <ResponseMessage>Application Already Assigned To Group. $1</ResponseMessage>
                  </ModifyApplicationGroupWithApplicationsResponse>
                </format>
                <args>
                  <arg evaluator="xml"
                    expression="//*[local-name()='nested_exception']" xmlns:ns="http://org.apache.synapse/xsd"/>
                </args>
              </payloadFactory>
            </then>
            <else>
              <payloadFactory media-type="xml">
                <format>
                  <ModifyApplicationGroupWithApplicationsResponse xmlns="http://www.w-integrate.nl/xsd/w-alertconfigurationmanagement_01/requestresponse_001">
                    <ResponseCode>E-0001</ResponseCode>
                    <ResponseMessage>Internal Server Error. $1</ResponseMessage>
                  </ModifyApplicationGroupWithApplicationsResponse>
                </format>
                <args>
                  <arg evaluator="xml"
                    expression="//*[local-name()='nested_exception']" xmlns:ns="http://org.apache.synapse/xsd"/>
                </args>
              </payloadFactory>
            </else>
          </filter>
        </else>
      </filter>
    </else>
  </filter>
  <switch source="get-property('ResponseType')" xmlns:ns="http://org.apache.synapse/xsd">
    <case regex="application/xml">
      <header name="Accept" scope="transport" value="application/xml"/>
      <property description="ContentType" name="ContentType"
        scope="axis2" type="STRING" value="application/xml"/>
      <property description="messageType" name="messageType"
        scope="axis2" type="STRING" value="application/xml"/>
    </case>
    <case regex="application/json">
      <header name="Accept" scope="transport" value="application/json"/>
      <property description="ContentType" name="ContentType"
        scope="axis2" type="STRING" value="application/json"/>
      <property description="messageType" name="messageType"
        scope="axis2" type="STRING" value="application/json"/>
    </case>
    <default>
      <header name="Accept" scope="transport" value="application/xml"/>
      <property description="ContentType" name="ContentType"
        scope="axis2" type="STRING" value="application/xml"/>
      <property description="messageType" name="messageType"
        scope="axis2" type="STRING" value="application/xml"/>
    </default>
  </switch>
  <respond/>
</sequence>
