<?xml version="1.0" encoding="UTF-8"?>
<sequence
  name="ConfigurationManagementAPI_01_RegisterMobileInSequence_01"
  trace="disable" xmlns="http://ws.apache.org/ns/synapse">
  <log level="full" separator="---=== ConfigurationManagementAPI_01_RegisterMobileInSequence_01 ===---"/>
  <property description="OperationName" name="RequestOperationName"
    scope="default" type="STRING" value="RegisterMobile"/>
  <property description="MessageFrom" name="MessageFrom" scope="default"
    type="STRING" value="Mobile"/>
  <property description="MessageDestination" name="IS" scope="default"
    type="STRING" value="DSS"/>
  <property description="ResponseType"
    expression="get-property('transport', 'Accept')" name="ResponseType"
    scope="default" type="STRING" xmlns:ns="http://org.apache.synapse/xsd"/>
  <property description="ContentType" name="ContentType" scope="axis2"
    type="STRING" value="application/xml"/>
  <property description="messageType" name="messageType" scope="axis2"
    type="STRING" value="application/xml"/>
  <property description="UserName"
    expression="//*[local-name()='UserName']" name="UserName"
    scope="default" type="STRING"/>
  <property description="Password"
    expression="//*[local-name()='Password']" name="Password"
    scope="default" type="STRING"/>
  <property description="DeviceId"
    expression="//*[local-name()='DeviceId']" name="DeviceId"
    scope="default" type="STRING"/>
  <property
    expression="fn:substring-after(//*[local-name()='UserName'],'@')"
    name="DomainName" scope="default" type="STRING" xmlns:ns="http://org.apache.synapse/xsd"/>
  <property
    expression="fn:substring-before(//*[local-name()='UserName'],'@')"
    name="UserNameCheck" scope="default" type="STRING" xmlns:ns="http://org.apache.synapse/xsd"/>
  <sequence key="ConfigurationManagementAPI_01_RegisterMobileGetAdminInfo_01"/>
  <property description="ClientAdminUserName"
    expression="//*[local-name()='ClientAdminUserName']"
    name="ClientAdminUserName" scope="default" type="STRING"/>
  <property description="ClientAdminPassword"
    expression="//*[local-name()='ClientAdminPassword']"
    name="ClientAdminPassword" scope="default" type="STRING"/>
  <filter xpath="get-property('UserNameCheck')=''">
    <then>
      <property description="ResponseCode" name="ResponseCode"
        scope="default" type="STRING" value="E-0005"/>
      <property description="ResponseMessage" name="ResponseMessage"
        scope="default" type="STRING" value="User authentication failed."/>
      <sequence key="ConfigurationManagementAPI_01_RegisterMobileSendErrorResponse_01"/>
    </then>
    <else>
      <sequence key="ConfigurationManagementAPI_01_RegisterMobileAuthenticateUser_01"/>
      <filter regex="N-0000" source="//*[local-name()='ResponseCode']">
        <then>
          <sequence key="ConfigurationManagementAPI_01_RegisterMobileGetGroup_01"/>
          <filter regex="true" source="boolean(//*[local-name()='ApplicationGroupName'])">
            <then>
              <property description="TopicName"
                expression="//*[local-name()='ApplicationGroupTopic']"
                name="TopicName" scope="default" type="STRING"/>
              <property description="TopicName"
                expression="//*[local-name()='ApplicationGroupName']"
                name="GroupName" scope="default" type="STRING"/>
              <sequence key="ConfigurationManagementAPI_01_RegisterMobileCheckDeviceId_01"/>
              <filter xpath="//*[local-name()='DeviceId']=''">
                <then>
                  <sequence key="ConfigurationManagementAPI_01_RegisterMobileUpdateDeviceId_01"/>
                </then>
                <else>
                  <filter xpath="//*[local-name()='DeviceId']=get-property('DeviceId')">
                    <then>
                      <property description="ResponseCode"
                        name="ResponseCode" scope="default"
                        type="STRING" value="N-0000"/>
                      <property description="ResponseMessage"
                        name="ResponseMessage" scope="default"
                        type="STRING" value="Success with No Errors or Warnings"/>
                      <sequence key="ConfigurationManagementAPI_01_RegisterMobileSendErrorResponse_01"/>
                    </then>
                    <else>
                      <property description="ResponseCode"
                        name="ResponseCode" scope="default"
                        type="STRING" value="E-0004"/>
                      <property description="ResponseMessage"
                        name="ResponseMessage" scope="default"
                        type="STRING" value="User is already registered with another device. Cannot register on two devices."/>
                      <sequence key="ConfigurationManagementAPI_01_RegisterMobileSendErrorResponse_01"/>
                    </else>
                  </filter>
                </else>
              </filter>
            </then>
            <else>
              <property description="ResponseCode" name="ResponseCode"
                scope="default" type="STRING" value="E-0002"/>
              <property description="ResponseMessage"
                name="ResponseMessage" scope="default" type="STRING" value="User is not assigned to any group"/>
              <sequence key="ConfigurationManagementAPI_01_RegisterMobileSendErrorResponse_01"/>
            </else>
          </filter>
        </then>
        <else>
          <property description="ResponseCode" name="ResponseCode"
            scope="default" type="STRING" value="E-0005"/>
          <property description="ResponseMessage" name="ResponseMessage"
            scope="default" type="STRING" value="User authentication failed."/>
          <sequence key="ConfigurationManagementAPI_01_RegisterMobileSendErrorResponse_01"/>
        </else>
      </filter>
    </else>
  </filter>
</sequence>
