<?xml version="1.0" encoding="UTF-8"?>
<sequence name="ConfigurationManagementAPI_01_ConvertGetTopicNameDSSResponseToCMAPIResponse_01" trace="disable" xmlns="http://ws.apache.org/ns/synapse">
    <call-template description="Log-INFO" target="gov:com/commons/util/v1/templates/LoggerTemplate.xml">
        <with-param name="SequenceName" value="ConfigurationManagementAPI_01_ConvertGetTopicNameDSSResponseToCMAPIResponse_01"/>
        <with-param name="Message" value="Going to convert DSS Response to Configuration Management API GetTopicName Response."/>
        <with-param name="LogLevel" value="INFO"/>
    </call-template>
    <xslt description="ConfigurationManagementGetTopicNameDSSToCMAPIResponse" key="gov:nl/weintegrate/wealert/service/configurationmanagement/v1/xslt/ConfigurationManagementGetTopicNameDSSToCMAPIResponse.xslt">
        <resource key="gov:nl/weintegrate/wealert/service/configurationmanagement/v1/xslt/ConfigurationManagementGetTopicNameDSSToCMAPIResponse.xslt" location="ConfigurationManagementGetTopicNameDSSToCMAPIResponse.xslt"/>
    </xslt>
    <call-template description="Log-INFO" target="gov:com/commons/util/v1/templates/LoggerTemplate.xml">
        <with-param name="SequenceName" value="ConfigurationManagementAPI_01_ConvertGetTopicNameDSSResponseToCMAPIResponse_01"/>
        <with-param name="Message" value="Converted DSS Response to Configuration Management API GetTopicName Response."/>
        <with-param name="LogLevel" value="INFO"/>
    </call-template>
</sequence>
