<?xml version="1.0" encoding="UTF-8"?>
<sequence
  name="ConfigurationManagementAPI_01_DeleteApplicationGroupInSequence_01"
  trace="disable" xmlns="http://ws.apache.org/ns/synapse">
  <log level="full" separator="---=== ConfigurationManagementAPI_01_DeleteApplicationGroupInSequence_01 ===---"/>
  <property description="OperationName" name="RequestOperationName"
    scope="default" type="STRING" value="DeleteApplicationGroupConfigurationManagement"/>
  <property description="MessageFrom" name="MessageFrom" scope="default"
    type="STRING" value="Client"/>
  <property description="MessageDestination" name="MessageDestination"
    scope="default" type="STRING" value="AuthorizationPolicyAPI"/>
  <property description="ResponseType"
    expression="get-property('transport', 'Accept')" name="ResponseType"
    scope="default" type="STRING" xmlns:ns="http://org.apache.synapse/xsd"/>
  <property description="ContentType" name="ContentType" scope="axis2"
    type="STRING" value="application/xml"/>
  <property description="messageType" name="messageType" scope="axis2"
    type="STRING" value="application/xml"/>
  <filter description="CheckResponseType" regex="application/json" source="get-property('ResponseType')">
    <then>
      <xslt description="JSONXMLToConfigurationManamentRequest" key="gov:nl/weintegrate/wealert/service/configurationmanagement/v1/xslt/ConfigurationManagementDeleteApplicationGroupJSONXMLToCMAPIRequest.xslt">
        <resource
          key="gov:nl/weintegrate/wealert/service/configurationmanagement/v1/xslt/ConfigurationManagementDeleteApplicationGroupJSONXMLToCMAPIRequest.xslt" location="ConfigurationManagementDeleteApplicationGroupJSONXMLToCMAPIRequest.xslt"/>
      </xslt>
      <log level="full" separator="Applied Transformation JSON XML to Configuration Management API DeleteApplicationGroup Request."/>
    </then>
    <else/>
  </filter>
  <property description="InitialRequest"
    expression="//ns3:DeleteApplicationGroupRequest"
    name="InitialRequest" scope="default" type="STRING" xmlns:ns3="http://www.w-integrate.nl/xsd/w-alertconfigurationmanagement_01/requestresponse_001"/>
  <property description="ApplicationGroupName"
    expression="//*[local-name()='ApplicationGroupName']"
    name="ApplicationGroupName" scope="default" type="STRING"/>
  <property description="ClientDomain"
    expression="//*[local-name()='ClientDomain']" name="ClientDomain"
    scope="default" type="STRING"/>
  <property
    expression="fn:concat(get-property('ApplicationGroupName'),'@',get-property('ClientDomain'))"
    name="ConcatenatedApplicationGroupNameWithDomainName"
    scope="default" type="STRING"/>
  <payloadFactory media-type="xml">
    <format>
      <p:IsExistApplicationGroup xmlns:p="http://www.w-integrate.nl/xsd/w-alertconfigurationmanagementDSS_01/requestresponse_001">
        <p:ApplicationGroupId>$1@$2</p:ApplicationGroupId>
      </p:IsExistApplicationGroup>
    </format>
    <args>
      <arg evaluator="xml"
        expression="get-property('ApplicationGroupName')" xmlns:m0="http://services.samples/xsd"/>
      <arg evaluator="xml" expression="get-property('ClientDomain')" xmlns:m0="http://services.samples/xsd"/>
    </args>
  </payloadFactory>
  <log level="full" separator="---=== Sending Request To DSS for Checking Existance of Application Group ===---"/>
  <property name="Accept" scope="transport" type="STRING" value="application/xml"/>
  <header name="Action" scope="default" value="https://localhost:9445/services/ConfigurationManagementDataService.SecureSOAP11Endpoint/"/>
  <call>
    <endpoint key="gov:nl/weintegrate/wealert/service/configurationmanagement/v1/endpoint/ConfigurationManagementDataServiceEndpoint.xml"/>
  </call>
  <log level="full" separator="---=== Response From DSS Server for Exist Application Group===---"/>
  <property description="ApplicationGroupId"
    expression="//*[local-name()='ApplicationGroupId']"
    name="ApplicationGroupId" scope="default" type="STRING"/>
  <property
    expression="get-property('ConcatenatedApplicationGroupNameWithDomainName') = get-property('ApplicationGroupId')"
    name="propertyCompare" scope="default" type="STRING"/>
  <payloadFactory media-type="xml">
    <format>
      <soapenv:Envelope xmlns:soapenv="http://schemas.xmlsoap.org/soap/envelope/">
        <soapenv:Body>$1</soapenv:Body>
      </soapenv:Envelope>
    </format>
    <args>
      <arg evaluator="xml" expression="get-property('InitialRequest')"/>
    </args>
  </payloadFactory>
  <filter regex="true" source="get-property('propertyCompare')">
    <then>
      <sequence key="ConfigurationManagementAPI_01_ConvertDeleteApplicationGroupCMAPIToAPAPIRequest_01"/>
      <sequence key="ConfigurationManagementAPI_01_SendRequestToAuthorizationPolicyAPI_01"/>
    </then>
    <else>
      <sequence key="ConfigurationManagementAPI_01_DeleteApplicationGroupOutSequence_01"/>
    </else>
  </filter>
</sequence>
