<?xml version="1.0" encoding="UTF-8"?>
<sequence
  name="ConfigurationManagementAPI_01_SendRequestToAuthorizationPolicyAPI_01"
  trace="disable" xmlns="http://ws.apache.org/ns/synapse">
  
  <call-template target="gov:com/commons/util/v1/templates/LoggerTemplate.xml">
        <with-param name="SequenceName" value="ConfigurationManagementAPI_01_SendRequestToAuthorizationPolicyAPI_01"/>
        <with-param name="Message" value="Going to send Request to Authorization Policy API."/>
        <with-param name="LogLevel" value="INFO"/>
    </call-template>
    <property expression="AUTHORIZATION" name="Authorization"
        scope="transport" type="STRING" xmlns:ns="http://org.apache.synapse/xsd"/>
    <header name="Accept" scope="transport" value="application/xml"/>
    <switch source="get-property('RequestOperationName')" xmlns:ns="http://org.apache.synapse/xsd">
        <case regex="CreateApplicationGroupConfigurationManagement">
            <send>
                <endpoint key="gov:nl/weintegrate/wealert/service/configurationmanagement/v1/endpoint/ConfigurationManagementCreateApplicationGroupAPAPIEndpoint.xml"/>
            </send>
        </case>
		<case regex="GetApplicationGroupConfigurationManagement">
            <send>
                <endpoint key="gov:nl/weintegrate/wealert/service/configurationmanagement/v1/endpoint/ConfigurationManagementGetApplicationGroupAPAPIEndpoint.xml"/>
            </send>
        </case>
		<case regex="DeleteApplicationGroupConfigurationManagement">
            <send>
                <endpoint key="gov:nl/weintegrate/wealert/service/configurationmanagement/v1/endpoint/ConfigurationManagementDeleteApplicationGroupAPAPIEndpoint.xml"/>
            </send>
        </case>
		<case regex="UpdateApplicationGroupConfigurationManagement">
            <send>
                <endpoint key="gov:nl/weintegrate/wealert/service/configurationmanagement/v1/endpoint/ConfigurationManagementUpdateApplicationGroupAPAPIEndpoint.xml"/>
            </send>
        </case>
		<case regex="ModifyApplicationGroupWithUsersConfigurationManagement">
            <send>
                <endpoint key="gov:nl/weintegrate/wealert/service/configurationmanagement/v1/endpoint/ConfigurationManagementUpdateApplicationGroupAPAPIEndpoint.xml"/>
            </send>
        </case>
	<case regex="AuthorizeMemberUserConfigurationManagement">
            <send>
                <endpoint key="gov:nl/weintegrate/wealert/service/configurationmanagement/v1/endpoint/ConfigurationManagementAuthorizeMemberUserAPAPIEndpoint.xml"/>
            </send>
        </case>
		<case regex="RegisterMobile">
            <send>
                <endpoint key="gov:nl/weintegrate/wealert/service/configurationmanagement/v1/endpoint/ConfigurationManagementRegisterMobileAPAPIEndpoint.xml"/>
            </send>
        </case>
        <default>
            <log category="WARN" level="full" separator="---=== Invalid Request ===---"/>
            <drop/>
        </default>
    </switch>
  
  
  
  
  </sequence>
