<?xml version="1.0" encoding="UTF-8"?>
<sequence
  name="ConfigurationManagementAPI_01_AuthenticateOutSequence_01"
  trace="disable" xmlns="http://ws.apache.org/ns/synapse">
  <log level="full" separator="---=== ConfigurationManagementAPI_01_AuthenticateOutSequence_01 ===---"/>
  <property description="SequenceType" name="MessageFrom"
    scope="default" type="STRING" value="IdentityManagementAPI"/>
  <property description="SequenceType" name="MessageDestination"
    scope="default" type="STRING" value="Client"/>
  <property expression="//ns2:AuthenticateUserResponse"
    name="IdentityManagementAPIResponse" scope="default" type="STRING" xmlns:ns2="http://www.w-integrate.nl/xsd/identitymanagement_01/requestresponse_001"/>
  <log level="custom">
    <property expression="get-property('IdentityManagementAPIResponse')" name="response"/>
  </log>
  <filter regex="Web" source="get-property('SourceSystem')">
    <then>
      <log level="custom">
        <property name="log" value="Authenticate Request came from Web."/>
      </log>
      <payloadFactory media-type="xml">
        <format>
          <ns4:GetUserRequest
            xmlns:ns2="http://www.w-integrate.nl/cmm/xsd/cmmheader_01" xmlns:ns4="http://www.w-integrate.nl/xsd/identitymanagement_01/requestresponse_001">
            <ns4:CMMHeader>
              <ns2:ClientUserName>$1</ns2:ClientUserName>
              <ns2:ClientPassword>$2</ns2:ClientPassword>
            </ns4:CMMHeader>
            <ns4:UserName>$3</ns4:UserName>
          </ns4:GetUserRequest>
        </format>
        <args>
          <arg evaluator="xml" expression="get-property('AdminName')"/>
          <arg evaluator="xml" expression="get-property('AdminPassword')"/>
          <arg evaluator="xml" expression="get-property('UserName')"/>
        </args>
      </payloadFactory>
      <call>
        <endpoint key="gov:nl/weintegrate/wealert/service/configurationmanagement/v1/endpoint/ConfigurationManagementGetUserIdentityManagementAPIEndpoint.xml"/>
      </call>
      <filter regex="MemberRole,Internal/everyone" source="//*[local-name()='RoleName']">
        <then>
          <log level="custom">
            <property name="service" value="Going to refuse connection as members cannot log in from Web."/>
          </log>
          <payloadFactory media-type="xml">
            <format>
              <ns2:AuthenticateUserResponse xmlns:ns2="http://www.w-integrate.nl/xsd/w-alertconfigurationmanagement_01/requestresponse_001">
                <ns2:ResponseCode>E-0001</ns2:ResponseCode>
                <ns2:ResponseMessage>User is not authorised.</ns2:ResponseMessage>
                <ns2:AuthenticationStatus>False</ns2:AuthenticationStatus>
              </ns2:AuthenticateUserResponse>
            </format>
            <args/>
          </payloadFactory>
        </then>
        <else>
          <log level="custom">
            <property name="service" value="It is a client admin so he is authorized."/>
          </log>
          <payloadFactory media-type="xml">
            <format>
              <soapenv:Envelope
                xmlns:soapenv="http://schemas.xmlsoap.org/soap/envelope/" xmlns:ws="http://ws.api.meveo.org/">
                <soapenv:Body>$1</soapenv:Body>
              </soapenv:Envelope>
            </format>
            <args>
              <arg evaluator="xml" expression="get-property('IdentityManagementAPIResponse')"/>
            </args>
          </payloadFactory>
          <sequence key="ConfigurationManagementAPI_01_ConvertAuthenticateIMAPIResponseToCMAPIResponse_01"/>
        </else>
      </filter>
    </then>
    <else>
      <sequence key="ConfigurationManagementAPI_01_ConvertAuthenticateIMAPIResponseToCMAPIResponse_01"/>
    </else>
  </filter>
  <switch source="get-property('InitialResponseType')" xmlns:ns="http://org.apache.synapse/xsd">
    <case regex="application/xml">
      <header name="Accept" scope="transport" value="application/xml"/>
      <property description="ContentType" name="ContentType"
        scope="axis2" type="STRING" value="application/xml"/>
      <property description="messageType" name="messageType"
        scope="axis2" type="STRING" value="application/xml"/>
    </case>
    <case regex="application/json">
      <header name="Accept" scope="transport" value="application/json"/>
      <property description="ContentType" name="ContentType"
        scope="axis2" type="STRING" value="application/json"/>
      <property description="messageType" name="messageType"
        scope="axis2" type="STRING" value="application/json"/>
    </case>
    <default>
      <header name="Accept" scope="transport" value="application/xml"/>
      <property description="ContentType" name="ContentType"
        scope="axis2" type="STRING" value="application/xml"/>
      <property description="messageType" name="messageType"
        scope="axis2" type="STRING" value="application/xml"/>
    </default>
  </switch>
  <respond/>
</sequence>
