<?xml version="1.0" encoding="UTF-8"?>
<sequence
  name="ConfigurationManagementAPI_01_ConvertChangePasswordIMAPIResponseToCMAPIResponse_01"
  trace="disable" xmlns="http://ws.apache.org/ns/synapse">
  <call-template description="Log-INFO" target="gov:com/commons/util/v1/templates/LoggerTemplate.xml">
    <with-param name="SequenceName" value="ConfigurationManagementAPI_01_ConvertChangePasswordIMAPIResponseToCMAPIResponse_01"/>
    <with-param name="Message" value="Going to convert Identity Management API ChangePassword Response to Configuration Management response."/>
    <with-param name="LogLevel" value="INFO"/>
  </call-template>
  <xslt description="ISResponseToCDMResponse" key="gov:nl/weintegrate/wealert/service/configurationmanagement/v1/xslt/ConfigurationManagementChangePasswordIMAPIToCMAPIResponse.xslt">
    <resource
      key="gov:nl/weintegrate/wealert/service/configurationmanagement/v1/xslt/ConfigurationManagementChangePasswordIMAPIToCMAPIResponse.xslt" location="ConfigurationManagementChangePasswordIMAPIToCMAPIResponse.xslt"/>
  </xslt>
  <call-template description="Log-INFO" target="gov:com/commons/util/v1/templates/LoggerTemplate.xml">
    <with-param name="SequenceName" value="ConfigurationManagementAPI_01_ConvertChangePasswordIMAPIResponseToCMAPIResponse_01"/>
    <with-param name="Message" value="Converted Identity Management API ChangePassword Response to Configuration Management response successfully."/>
    <with-param name="LogLevel" value="INFO"/>
  </call-template>
</sequence>
