<?xml version="1.0" encoding="UTF-8"?>
<sequence
  name="ConfigurationManagementAPI_01_ConvertGetApplicationGroupAPAPIToCMAPIResponse_01"
  trace="disable" xmlns="http://ws.apache.org/ns/synapse">
  <call-template description="Log-INFO" target="gov:com/commons/util/v1/templates/LoggerTemplate.xml">
    <with-param name="SequenceName" value="ConfigurationManagementAPI_01_ConvertGetApplicationGroupAPAPIResponseToCMAPIResponse_01"/>
    <with-param name="Message" value="Going to convert Authorization Policy API GetApplicationGroup Response to Configuration Management response."/>
    <with-param name="LogLevel" value="INFO"/>
  </call-template>
  <xslt description="APResponseToCDMResponse" key="gov:nl/weintegrate/wealert/service/configurationmanagement/v1/xslt/ConfigurationManagementGetApplicationGroupAPAPIToCMAPIResponse.xslt">
    <resource
      key="gov:nl/weintegrate/wealert/service/configurationmanagement/v1/xslt/ConfigurationManagementGetApplicationGroupAPAPIToCMAPIResponse.xslt" location="ConfigurationManagementGetApplicationGroupAPAPIToCMAPIResponse.xslt"/>
  </xslt>
  <call-template description="Log-INFO" target="gov:com/commons/util/v1/templates/LoggerTemplate.xml">
    <with-param name="SequenceName" value="ConfigurationManagementAPI_01_ConvertGetApplicationGroupAPAPIResponseToCMAPIResponse_01"/>
    <with-param name="Message" value="Converted Authorization Policy API GetApplicationGroup Response to Configuration Management response successfully."/>
    <with-param name="LogLevel" value="INFO"/>
  </call-template>
</sequence>
