<?xml version="1.0" encoding="UTF-8"?>
<sequence
  name="ConfigurationManagementAPI_01_ChangePasswordOutSequence_01"
  trace="disable" xmlns="http://ws.apache.org/ns/synapse">
  <log level="full" separator="---=== ConfigurationManagementAPI_01_ChangePasswordOutSequence_01 ===---"/>
  <property description="SequenceType" name="MessageFrom"
    scope="default" type="STRING" value="IdentityManagementAPI"/>
  <property description="SequenceType" name="MessageDestination"
    scope="default" type="STRING" value="Client"/>
  <sequence key="ConfigurationManagementAPI_01_ConvertChangePasswordIMAPIResponseToCMAPIResponse_01"/>
  <property
    expression="get-property('ClientAdminUserName') = get-property('UserName')"
    name="propertyCompareName" scope="default" type="STRING"/>
  <filter regex="true" source="get-property('propertyCompareName')">
    <then>
      <filter regex="N-0000" source="//*[local-name()='ResponseCode']">
        <then>
          <property description="CMAPIResponse"
            expression="//ns4:ChangePasswordResponse"
            name="CMAPIResponse" scope="default" type="STRING" xmlns:ns4="http://www.w-integrate.nl/xsd/w-alertconfigurationmanagement_01/requestresponse_001"/>
          <payloadFactory media-type="xml">
            <format>
              <soapenv:Envelope xmlns:soapenv="http://schemas.xmlsoap.org/soap/envelope/">
                <soapenv:Body>$1</soapenv:Body>
              </soapenv:Envelope>
            </format>
            <args>
              <arg evaluator="xml" expression="get-property('InitialRequest')"/>
            </args>
          </payloadFactory>
          <xslt
            description="ConfigurationManagementChangePasswordToDSSRequest" key="gov:nl/weintegrate/wealert/service/configurationmanagement/v1/xslt/ConfigurationManagementChangePasswordToDSSRequest.xslt">
            <resource
              key="gov:nl/weintegrate/wealert/service/configurationmanagement/v1/xslt/ConfigurationManagementChangePasswordToDSSRequest.xslt" location="ConfigurationManagementChangePasswordToDSSRequest.xslt"/>
          </xslt>
          <property name="OUT_ONLY" scope="axis2" type="STRING" value="true"/>
          <header name="Action" scope="default" value="https://localhost:9445/services/ConfigurationManagementDataService.SecureSOAP11Endpoint/"/>
          <call>
            <endpoint key="gov:nl/weintegrate/wealert/service/configurationmanagement/v1/endpoint/ConfigurationManagementDataServiceEndpoint.xml"/>
          </call>
          <filter regex="SUCCESSFUL" source="//*[local-name()='REQUEST_STATUS']">
            <then>
              <payloadFactory media-type="xml">
                <format>
                  <soapenv:Envelope xmlns:soapenv="http://schemas.xmlsoap.org/soap/envelope/">
                    <soapenv:Body>$1</soapenv:Body>
                  </soapenv:Envelope>
                </format>
                <args>
                  <arg evaluator="xml" expression="get-property('CMAPIResponse')"/>
                </args>
              </payloadFactory>
            </then>
            <else>
              <payloadFactory media-type="xml">
                <format>
                  <ns4:ChangePasswordResponse xmlns:ns4="http://www.w-integrate.nl/xsd/w-alertconfigurationmanagement_01/requestresponse_001">
                    <ns4:ResponseCode>E-0008</ns4:ResponseCode>
                    <ns4:ResponseMessage>Internal Server Error</ns4:ResponseMessage>
                  </ns4:ChangePasswordResponse>
                </format>
                <args/>
              </payloadFactory>
            </else>
          </filter>
        </then>
        <else/>
      </filter>
    </then>
    <else>
      <log level="full" separator="---=== Client Admin User Name and User Name are not same ===---"/>
    </else>
  </filter>
  <switch source="get-property('InitialResponseType')" xmlns:ns="http://org.apache.synapse/xsd">
    <case regex="application/xml">
      <header name="Accept" scope="transport" value="application/xml"/>
      <property description="ContentType" name="ContentType"
        scope="axis2" type="STRING" value="application/xml"/>
      <property description="messageType" name="messageType"
        scope="axis2" type="STRING" value="application/xml"/>
    </case>
    <case regex="application/json">
      <header name="Accept" scope="transport" value="application/json"/>
      <property description="ContentType" name="ContentType"
        scope="axis2" type="STRING" value="application/json"/>
      <property description="messageType" name="messageType"
        scope="axis2" type="STRING" value="application/json"/>
    </case>
    <default>
      <header name="Accept" scope="transport" value="application/xml"/>
      <property description="ContentType" name="ContentType"
        scope="axis2" type="STRING" value="application/xml"/>
      <property description="messageType" name="messageType"
        scope="axis2" type="STRING" value="application/xml"/>
    </default>
  </switch>
  <respond/>
</sequence>
