<?xml version="1.0" encoding="UTF-8"?>
<sequence
  name="ConfigurationManagementAPI_01_GetClientAdminListOutSequence_01"
  trace="disable" xmlns="http://ws.apache.org/ns/synapse">
  <log level="full" separator="---=== ConfigurationManagementAPI_01_GetClientAdminListOutSequence_01 ===---"/>
  <property description="SequenceType" name="MessageFrom"
    scope="default" type="STRING" value="DSS"/>
  <property description="SequenceType" name="MessageDestination"
    scope="default" type="STRING" value="Client"/>
  <!-- <sequence key="ConfigurationManagementAPI_01_ConvertGetClientAdminListIMAPIResponseToCMAPIResponse_01"/> -->
  <property expression="//*[local-name()='faultstring']"
    name="FaultString" scope="default" type="STRING"/>
  <filter xpath="//*[local-name()='GetClientAdminListResponse']!=''">
    <then>
      <sequence key="ConfigurationManagementAPI_01_ConvertGetClientAdminListDSSResponseToCMAPIResponse_01"/>
      <sequence key="ConfigurationManagementAPI_01_ValidateGetClientAdminListCDMReponse_01"/>
    </then>
    <else>
      <filter xpath="fn:contains(//*[local-name()='GetClientAdminListResponse'],'')">
        <then>
          <payloadFactory media-type="xml">
            <format>
              <GetClientAdminListResponse xmlns="http://www.w-integrate.nl/xsd/w-alertconfigurationmanagement_01/requestresponse_001">
                <ResponseCode>W-0001</ResponseCode>
                <ResponseMessage>No ClientAdmin found</ResponseMessage>
              </GetClientAdminListResponse>
            </format>
            <args/>
          </payloadFactory>
        </then>
        <else>
          <payloadFactory media-type="xml">
            <format>
              <GetClientAdminListResponse xmlns="http://www.w-integrate.nl/xsd/w-alertconfigurationmanagement_01/requestresponse_001">
                <ResponseCode>E-0001</ResponseCode>
                <ResponseMessage>Internal Server Error. $1. $2</ResponseMessage>
              </GetClientAdminListResponse>
            </format>
            <args>
              <arg evaluator="xml"
                expression="get-property('ERROR_MESSAGE')" xmlns:ns="http://org.apache.synapse/xsd"/>
              <arg evaluator="xml"
                expression="get-property('FaultString')" xmlns:ns="http://org.apache.synapse/xsd"/>
            </args>
          </payloadFactory>
        </else>
      </filter>
    </else>
  </filter>
  <switch source="get-property('ResponseType')" xmlns:ns="http://org.apache.synapse/xsd">
    <case regex="application/xml">
      <header name="Accept" scope="transport" value="application/xml"/>
      <property description="ContentType" name="ContentType"
        scope="axis2" type="STRING" value="application/xml"/>
      <property description="messageType" name="messageType"
        scope="axis2" type="STRING" value="application/xml"/>
    </case>
    <case regex="application/json">
      <header name="Accept" scope="transport" value="application/json"/>
      <property description="ContentType" name="ContentType"
        scope="axis2" type="STRING" value="application/json"/>
      <property description="messageType" name="messageType"
        scope="axis2" type="STRING" value="application/json"/>
    </case>
    <default>
      <header name="Accept" scope="transport" value="application/xml"/>
      <property description="ContentType" name="ContentType"
        scope="axis2" type="STRING" value="application/xml"/>
      <property description="messageType" name="messageType"
        scope="axis2" type="STRING" value="application/xml"/>
    </default>
  </switch>
  <respond/>
</sequence>
