<?xml version="1.0" encoding="UTF-8"?>
<sequence
  name="ConfigurationManagementAPI_01_GetClientAdminListInSequence_01"
  trace="disable" xmlns="http://ws.apache.org/ns/synapse">
  <log level="full" separator="---=== ConfigurationManagementAPI_01_GetClientAdminListInSequence_01 ===---"/>
  <property description="ClientUserName"
    expression="//*[local-name()='ClientUserName']"
    name="ClientUserName" scope="default" type="STRING" xmlns:ns="http://org.apache.synapse/xsd"/>
  <property description="ClientPassword"
    expression="//*[local-name()='ClientPassword']"
    name="ClientPassword" scope="default" type="STRING" xmlns:ns="http://org.apache.synapse/xsd"/>
  <property description="OperationName" name="RequestOperationName"
    scope="default" type="STRING" value="GetClientAdminList"/>
  <property description="MessageFrom" name="MessageFrom" scope="default"
    type="STRING" value="Client"/>
  <property description="MessageDestination" name="MessageDestination"
    scope="default" type="STRING" value="DSS"/>
  <property description="ResponseType"
    expression="get-property('transport', 'Accept')" name="ResponseType"
    scope="default" type="STRING" xmlns:ns="http://org.apache.synapse/xsd"/>
  <property description="ContentType" name="ContentType" scope="axis2"
    type="STRING" value="application/xml"/>
  <property description="messageType" name="messageType" scope="axis2"
    type="STRING" value="application/xml"/>
  <!-- <sequence key="ConfigurationManagementAPI_01_ConvertGetClientAdminListCMAPIRequestToIMAPIRequest_01"/> -->
  <filter description="CheckResponseType" regex="application/json" source="get-property('ResponseType')">
    <then>
      <xslt description="JSONXMLToConfigurationManamentRequest" key="gov:nl/weintegrate/wealert/service/configurationmanagement/v1/xslt/ConfigurationManagementGetClientAdminListJSONXMLToCMAPIRequest.xslt">
        <resource
          key="gov:nl/weintegrate/wealert/service/configurationmanagement/v1/xslt/ConfigurationManagementGetClientAdminListJSONXMLToCMAPIRequest.xslt" location="ConfigurationManagementGetClientAdminListJSONXMLToCMAPIRequest.xslt"/>
      </xslt>
      <log level="full" separator="Applied Transformation JSON XML to Configuration Management API GetClientAdminList Request."/>
    </then>
    <else/>
  </filter>
  <sequence key="ConfigurationManagementAPI_01_ValidateGetClientAdminListCDMRequest_01"/>
  <payloadFactory media-type="xml">
    <format>
      <soapenv:Envelope
        xmlns:req="http://www.w-integrate.nl/xsd/w-alertconfigurationmanagementDSS_01/requestresponse_001" xmlns:soapenv="http://schemas.xmlsoap.org/soap/envelope/">
        <soapenv:Header/>
        <soapenv:Body>
          <req:GetClientAdminList/>
        </soapenv:Body>
      </soapenv:Envelope>
    </format>
    <args/>
  </payloadFactory>
  <!-- <sequence key="ConfigurationManagementAPI_01_SendRequestToIdentityManagementAPI_01"/>-->
  <sequence key="ConfigurationManagementAPI_01_SendRequestToConfigurationManagementDataService_01"/>
</sequence>
