<?xml version="1.0" encoding="UTF-8"?>
<sequence
  name="ConfigurationManagementAPI_01_ChangePasswordInSequence_01"
  trace="disable" xmlns="http://ws.apache.org/ns/synapse">
  <log level="full" separator="---=== ConfigurationManagementAPI_01_ChangePasswordInSequence_01 ===---"/>
  <property description="OperationName" name="RequestOperationName"
    scope="default" type="STRING" value="ChangePasswordConfigurationManagement"/>
  <property description="MessageFrom" name="MessageFrom" scope="default"
    type="STRING" value="Client"/>
  <property description="MessageDestination" name="MessageDestination"
    scope="default" type="STRING" value="IdentityManagementAPI"/>
  <property description="ResponseType"
    expression="get-property('transport', 'Accept')" name="ResponseType"
    scope="default" type="STRING" xmlns:ns="http://org.apache.synapse/xsd"/>
  <property description="InitialResponseType"
    expression="get-property('transport', 'Accept')"
    name="InitialResponseType" scope="default" type="STRING" xmlns:ns="http://org.apache.synapse/xsd"/>
  <property description="ContentType" name="ContentType" scope="axis2"
    type="STRING" value="application/xml"/>
  <property description="messageType" name="messageType" scope="axis2"
    type="STRING" value="application/xml"/>
  <property description="ClientAdminUserName"
    expression="//*[local-name()='ClientUserName']"
    name="ClientAdminUserName" scope="default" type="STRING"/>
  <property description="UserName"
    expression="//*[local-name()='UserName']" name="UserName"
    scope="default" type="STRING"/>
  <property description="DomainName"
    expression="fn:substring-after(//*[local-name()='UserName'],'@')"
    name="DomainName" scope="default" type="STRING"/>
  <property description="OldPassword"
    expression="//*[local-name()='OldPassword']" name="OldPassword"
    scope="default" type="STRING"/>
  <property description="NewPassword"
    expression="//*[local-name()='NewPassword']" name="NewPassword"
    scope="default" type="STRING"/>
  <filter xpath="//*[local-name()='ClientUserName']!=''">
    <then>
      <sequence key="ConfigurationManagementAPI_01_ConvertChangePasswordCMAPIRequestToIMAPIRequest_01"/>
      <sequence key="ConfigurationManagementAPI_01_SendRequestToIdentityManagementAPI_01"/>
    </then>
    <else>
      <!-- When Request is received from Mobile -->
      <payloadFactory media-type="xml">
        <format>
          <p:GetClientAdminByDomain xmlns:p="http://www.w-integrate.nl/xsd/w-alertconfigurationmanagementDSS_01/requestresponse_001">
            <p:ClientAdminDomain>$1</p:ClientAdminDomain>
          </p:GetClientAdminByDomain>
        </format>
        <args>
          <arg evaluator="xml" expression="get-property('DomainName')" xmlns:m0="http://services.samples/xsd"/>
        </args>
      </payloadFactory>
      <log level="full" separator="---=== Sending Request To DSS for GetClientAdminByDomain ===---"/>
      <property name="Accept" scope="transport" type="STRING" value="application/xml"/>
      <header name="Action" scope="default" value="https://localhost:9445/services/ConfigurationManagementDataService.SecureSOAP11Endpoint/"/>
      <call>
        <endpoint key="gov:nl/weintegrate/wealert/service/configurationmanagement/v1/endpoint/ConfigurationManagementDataServiceEndpoint.xml"/>
      </call>
      <log level="full" separator="---=== Response From DSS Server for GetClientAdminByDomain ===---"/>
      <property description="ClientAdminUserName"
        expression="//*[local-name()='ClientAdminUserName']"
        name="ClientAdminUserName" scope="default" type="STRING"/>
      <property description="ClientAdminPassword"
        expression="//*[local-name()='ClientAdminPassword']"
        name="ClientAdminPassword" scope="default" type="STRING"/>
      <payloadFactory media-type="xml">
        <format>
          <response:ChangePasswordRequest
            xmlns:address="http://www.w-integrate.nl/cdm/xsd/address_01"
            xmlns:application="http://www.w-integrate.nl/cdm/xsd/application_01"
            xmlns:applicationgroup="http://www.w-integrate.nl/cdm/xsd/applicationgroup_01"
            xmlns:channel="http://www.w-integrate.nl/cdm/xsd/communicationchannel_01"
            xmlns:cmmheader="http://www.w-integrate.nl/cmm/xsd/cmmheader_01"
            xmlns:condition="http://www.w-integrate.nl/cdm/xsd/condition_01"
            xmlns:conditiongroup="http://www.w-integrate.nl/cdm/xsd/conditiongroup_01"
            xmlns:device="http://www.w-integrate.nl/cdm/xsd/device_01"
            xmlns:organization="http://www.w-integrate.nl/cdm/xsd/organization_01"
            xmlns:permission="http://www.w-integrate.nl/cdm/xsd/permission_01"
            xmlns:person="http://www.w-integrate.nl/cdm/xsd/person_01"
            xmlns:policy="http://www.w-integrate.nl/cdm/xsd/authorizationpolicy_01"
            xmlns:response="http://www.w-integrate.nl/xsd/w-alertconfigurationmanagement_01/requestresponse_001"
            xmlns:role="http://www.w-integrate.nl/cdm/xsd/role_01"
            xmlns:rule="http://www.w-integrate.nl/cdm/xsd/rule_01"
            xmlns:rulegroup="http://www.w-integrate.nl/cdm/xsd/rulegroup_01"
            xmlns:user="http://www.w-integrate.nl/cdm/xsd/user_01"
            xmlns:xsi="http://www.w3.org/2001/XMLSchema-instance" xsi:schemaLocation="http://www.w-integrate.nl/xsd/w-alertconfigurationmanagement_01/requestresponse_001 ConfigurationManagement_01_RequestResponse_001.xsd ">
            <response:CMMHeader>
              <cmmheader:ClientUserName>$1@$3</cmmheader:ClientUserName>
              <cmmheader:ClientPassword>$2</cmmheader:ClientPassword>
              <cmmheader:ClientDomain>$3</cmmheader:ClientDomain>
            </response:CMMHeader>
            <response:UserName>$4</response:UserName>
            <response:OldPassword>$5</response:OldPassword>
            <response:NewPassword>$6</response:NewPassword>
          </response:ChangePasswordRequest>
        </format>
        <args>
          <arg evaluator="xml"
            expression="get-property('ClientAdminUserName')" xmlns:m0="http://services.samples/xsd"/>
          <arg evaluator="xml"
            expression="get-property('ClientAdminPassword')" xmlns:m0="http://services.samples/xsd"/>
          <arg evaluator="xml" expression="get-property('DomainName')" xmlns:m0="http://services.samples/xsd"/>
          <arg evaluator="xml" expression="get-property('UserName')" xmlns:m0="http://services.samples/xsd"/>
          <arg evaluator="xml" expression="get-property('OldPassword')" xmlns:m0="http://services.samples/xsd"/>
          <arg evaluator="xml" expression="get-property('NewPassword')" xmlns:m0="http://services.samples/xsd"/>
        </args>
      </payloadFactory>
      <property name="ResponseType" scope="default" type="STRING" value="application/xml"/>
      <sequence key="ConfigurationManagementAPI_01_ConvertChangePasswordCMAPIRequestToIMAPIRequest_01"/>
      <sequence key="ConfigurationManagementAPI_01_SendRequestToIdentityManagementAPI_01"/>
    </else>
  </filter>
</sequence>
