<?xml version="1.0" encoding="UTF-8"?>
<sequence
  name="ConfigurationManagementAPI_01_RegisterMobileCheckDeviceId_01"
  trace="disable" xmlns="http://ws.apache.org/ns/synapse">
  <payloadFactory media-type="xml">
    <format>
      <response:GetApplicationGroupRequest
        xmlns:address="http://www.w-integrate.nl/cdm/xsd/address_01"
        xmlns:application="http://www.w-integrate.nl/cdm/xsd/application_01"
        xmlns:applicationgroup="http://www.w-integrate.nl/cdm/xsd/applicationgroup_01"
        xmlns:channel="http://www.w-integrate.nl/cdm/xsd/communicationchannel_01"
        xmlns:cmmheader="http://www.w-integrate.nl/cmm/xsd/cmmheader_01"
        xmlns:condition="http://www.w-integrate.nl/cdm/xsd/condition_01"
        xmlns:conditiongroup="http://www.w-integrate.nl/cdm/xsd/conditiongroup_01"
        xmlns:device="http://www.w-integrate.nl/cdm/xsd/device_01"
        xmlns:organization="http://www.w-integrate.nl/cdm/xsd/organization_01"
        xmlns:permission="http://www.w-integrate.nl/cdm/xsd/permission_01"
        xmlns:person="http://www.w-integrate.nl/cdm/xsd/person_01"
        xmlns:policy="http://www.w-integrate.nl/cdm/xsd/authorizationpolicy_01"
        xmlns:response="http://www.w-integrate.nl/xsd/w-alertconfigurationmanagement_01/requestresponse_001"
        xmlns:role="http://www.w-integrate.nl/cdm/xsd/role_01"
        xmlns:rule="http://www.w-integrate.nl/cdm/xsd/rule_01"
        xmlns:rulegroup="http://www.w-integrate.nl/cdm/xsd/rulegroup_01"
        xmlns:user="http://www.w-integrate.nl/cdm/xsd/user_01"
        xmlns:xsi="http://www.w3.org/2001/XMLSchema-instance" xsi:schemaLocation="http://www.w-integrate.nl/xsd/w-alertconfigurationmanagement_01/requestresponse_001 ../W-AlertCommonsREG/ConfigurationManagement_01_RequestResponse_001.xsd ">
        <response:CMMHeader>
          <cmmheader:ClientUserName>$1@$2</cmmheader:ClientUserName>
          <cmmheader:ClientPassword>$3</cmmheader:ClientPassword>
        </response:CMMHeader>
        <response:ApplicationGroupName>$4</response:ApplicationGroupName>
      </response:GetApplicationGroupRequest>
    </format>
    <args>
      <arg evaluator="xml" expression="get-property('ClientAdminUserName')"/>
      <arg evaluator="xml" expression="get-property('DomainName')"/>
      <arg evaluator="xml" expression="get-property('ClientAdminPassword')"/>
      <arg evaluator="xml" expression="get-property('GroupName')"/>
    </args>
  </payloadFactory>
  <property name="OUT_ONLY" scope="axis2" type="STRING" value="true"/>
  <property name="Accept" scope="transport" type="STRING" value="application/xml"/>
  <call>
    <endpoint>
      <http method="post" trace="disable" uri-template="CONFIGURATION_MANAGEMENT_API_URI/groups/get"/>
    </endpoint>
  </call>
  <xslt key="gov:nl/weintegrate/wealert/service/configurationmanagement/v1/xslt/ConfigurationManagementGetDeviceIdFromGroup.xslt">
    <property
      expression="fn:substring-before(get-property('UserName'),'@')" name="USERNAME"/>
    <resource
      key="gov:nl/weintegrate/wealert/service/configurationmanagement/v1/xslt/ConfigurationManagementGetDeviceIdFromGroup.xslt" location="ConfigurationManagementGetDeviceIdFromGroup.xslt"/>
  </xslt>
</sequence>
