<?xml version="1.0" encoding="UTF-8"?>
<sequence
  name="ConfigurationManagementAPI_01_GetApplicationGroupOutSequence_01"
  trace="disable" xmlns="http://ws.apache.org/ns/synapse">
  <log level="full" separator="---=== ConfigurationManagementAPI_01_GetApplicationGroupOutSequence_01 ===---"/>
  <property description="SequenceType" name="MessageFrom"
    scope="default" type="STRING" value="AuthorizationPolicyAPI"/>
  <property description="SequenceType" name="MessageDestination"
    scope="default" type="STRING" value="Client"/>
  <sequence key="ConfigurationManagementAPI_01_ConvertGetApplicationGroupAPAPIToCMAPIResponse_01"/>
  <filter regex="SUCCESS" source="//*[local-name()='ResponseCode']" xmlns:ns="http://org.apache.synapse/xsd">
    <then>
      <property expression="//ns3:GetApplicationGroupResponse"
        name="CMAPIResponse" scope="default" type="STRING" xmlns:ns3="http://www.w-integrate.nl/xsd/w-alertconfigurationmanagement_01/requestresponse_001"/>
      <payloadFactory media-type="xml">
        <format>
          <p:GetAssignedApplication xmlns:p="http://www.w-integrate.nl/xsd/w-alertconfigurationmanagementDSS_01/requestresponse_001">
            <p:ApplicationGroupId>$1@$2</p:ApplicationGroupId>
          </p:GetAssignedApplication>
        </format>
        <args>
          <arg evaluator="xml" expression="get-property('GroupName')"/>
          <arg evaluator="xml" expression="get-property('DomainName')"/>
        </args>
      </payloadFactory>
      <property name="OUT_ONLY" scope="axis2" type="STRING" value="true"/>
      <header name="Action" scope="default" value="https://localhost:9445/services/ConfigurationManagementDataService.SecureSOAP11Endpoint/"/>
      <call>
        <endpoint key="gov:nl/weintegrate/wealert/service/configurationmanagement/v1/endpoint/ConfigurationManagementDataServiceEndpoint.xml"/>
      </call>
      <filter regex="true" source="boolean(//*[local-name()='AssignedApplication'])">
        <then>
          <log level="custom">
            <property
              expression="//*[local-name()='AssignedApplicationResponse']" name="DSSResponse"/>
          </log>
          <property
            expression="//*[local-name()='AssignedApplicationResponse']"
            name="DSSResponse" scope="default" type="STRING"/>
          <payloadFactory media-type="xml">
            <format>
              <Container xmlns="">
                <GroupWithUsers>$1</GroupWithUsers>
                <ApplicationList>$2</ApplicationList>
              </Container>
            </format>
            <args>
              <arg evaluator="xml" expression="get-property('CMAPIResponse')"/>
              <arg evaluator="xml" expression="get-property('DSSResponse')"/>
            </args>
          </payloadFactory>
          <xslt key="gov:nl/weintegrate/wealert/service/configurationmanagement/v1/xslt/ConfigurationManagementGetApplicationGroupWithApplicationsResponse.xslt">
            <resource
              key="gov:nl/weintegrate/wealert/service/configurationmanagement/v1/xslt/ConfigurationManagementGetApplicationGroupWithApplicationsResponse.xslt" location="ConfigurationManagementGetApplicationGroupWithApplicationsResponse.xslt"/>
          </xslt>
        </then>
        <else>
          <payloadFactory media-type="xml">
            <format>
              <soapenv:Envelope xmlns:soapenv="http://schemas.xmlsoap.org/soap/envelope/">
                <soapenv:Body>$1</soapenv:Body>
              </soapenv:Envelope>
            </format>
            <args>
              <arg evaluator="xml" expression="get-property('CMAPIResponse')"/>
            </args>
          </payloadFactory>
        </else>
      </filter>
    </then>
    <else/>
  </filter>
  <switch source="get-property('ResponseType')" xmlns:ns="http://org.apache.synapse/xsd">
    <case regex="application/xml">
      <header name="Accept" scope="transport" value="application/xml"/>
      <property description="ContentType" name="ContentType"
        scope="axis2" type="STRING" value="application/xml"/>
      <property description="messageType" name="messageType"
        scope="axis2" type="STRING" value="application/xml"/>
    </case>
    <case regex="application/json">
      <header name="Accept" scope="transport" value="application/json"/>
      <property description="ContentType" name="ContentType"
        scope="axis2" type="STRING" value="application/json"/>
      <property description="messageType" name="messageType"
        scope="axis2" type="STRING" value="application/json"/>
    </case>
    <default>
      <header name="Accept" scope="transport" value="application/xml"/>
      <property description="ContentType" name="ContentType"
        scope="axis2" type="STRING" value="application/xml"/>
      <property description="messageType" name="messageType"
        scope="axis2" type="STRING" value="application/xml"/>
    </default>
  </switch>
  <respond/>
</sequence>
