<?xml version="1.0" encoding="UTF-8"?>
<sequence
  name="ConfigurationManagementAPI_01_ConvertGetApplicationGroupCMAPIToAPAPIRequest_01"
  trace="disable" xmlns="http://ws.apache.org/ns/synapse">
  <filter description="CheckResponseType" regex="application/json" source="get-property('ResponseType')">
    <then>
      <xslt description="JSONXMLToConfigurationManamentRequest" key="gov:nl/weintegrate/wealert/service/configurationmanagement/v1/xslt/ConfigurationManagementGetApplicationGroupJSONXMLToCMAPIRequest.xslt">
        <resource
          key="gov:nl/weintegrate/wealert/service/configurationmanagement/v1/xslt/ConfigurationManagementGetApplicationGroupJSONXMLToCMAPIRequest.xslt" location="ConfigurationManagementGetApplicationGroupJSONXMLToCMAPIRequest.xslt"/>
      </xslt>
      <log level="full" separator="Applied Transformation JSON XML to Configuration Management API GetApplicationGroup Request."/>
    </then>
    <else/>
  </filter>
  <call-template description="Log-INFO" target="gov:com/commons/util/v1/templates/LoggerTemplate.xml">
    <with-param name="SequenceName" value="ConfigurationManagementAPI_01_ConvertGetApplicationGroupCMAPIRequestToIMAPIRequest_01"/>
    <with-param name="Message" value="Going to convert Configuration Management API GetApplicationGroup Request to Identity Management API Request."/>
    <with-param name="LogLevel" value="INFO"/>
  </call-template>
  <xslt
    description="GetApplicationGroupConfigurationManagementAPIRequestToIdentityManagementAPIRequest" key="gov:nl/weintegrate/wealert/service/configurationmanagement/v1/xslt/ConfigurationManagementGetApplicationGroupToAPAPIRequest.xslt">
    <resource
      key="gov:nl/weintegrate/wealert/service/configurationmanagement/v1/xslt/ConfigurationManagementGetApplicationGroupToAPAPIRequest.xslt" location="ConfigurationManagementGetApplicationGroupToAPAPIRequest.xslt"/>
  </xslt>
  <call-template description="Log-INFO" target="gov:com/commons/util/v1/templates/LoggerTemplate.xml">
    <with-param name="SequenceName" value="ConfigurationManagementAPI_01_ConvertGetApplicationGroupCMAPIRequestToIMAPIRequest_01"/>
    <with-param name="Message" value="Converted Configuration Management API GetApplicationGroup Request to Identity Management API Request."/>
    <with-param name="LogLevel" value="INFO"/>
  </call-template>
</sequence>
