<?xml version="1.0" encoding="UTF-8"?>
<sequence
  name="ConfigurationManagementAPI_01_RegisterMobileUpdateDeviceId_01"
  trace="disable" xmlns="http://ws.apache.org/ns/synapse">
  <payloadFactory media-type="xml">
    <format>
      <requestresponse:UpdateAuthorizationPolicyWithDeviceIdRequest
        xmlns:address="http://www.w-integrate.nl/cdm/xsd/address_01"
        xmlns:application="http://www.w-integrate.nl/cdm/xsd/application_01"
        xmlns:applicationgroup="http://www.w-integrate.nl/cdm/xsd/applicationgroup_01"
        xmlns:channel="http://www.w-integrate.nl/cdm/xsd/communicationchannel_01"
        xmlns:cmmheader="http://www.w-integrate.nl/cmm/xsd/cmmheader_01"
        xmlns:condition="http://www.w-integrate.nl/cdm/xsd/condition_01"
        xmlns:conditiongroup="http://www.w-integrate.nl/cdm/xsd/conditiongroup_01"
        xmlns:device="http://www.w-integrate.nl/cdm/xsd/device_01"
        xmlns:organization="http://www.w-integrate.nl/cdm/xsd/organization_01"
        xmlns:permission="http://www.w-integrate.nl/cdm/xsd/permission_01"
        xmlns:person="http://www.w-integrate.nl/cdm/xsd/person_01"
        xmlns:policy="http://www.w-integrate.nl/cdm/xsd/authorizationpolicy_01"
        xmlns:requestresponse="http://www.w-integrate.nl/xsd/authorizationpolicy_01/requestresponse_001"
        xmlns:role="http://www.w-integrate.nl/cdm/xsd/role_01"
        xmlns:rule="http://www.w-integrate.nl/cdm/xsd/rule_01"
        xmlns:rulegroup="http://www.w-integrate.nl/cdm/xsd/rulegroup_01"
        xmlns:user="http://www.w-integrate.nl/cdm/xsd/user_01"
        xmlns:xsi="http://www.w3.org/2001/XMLSchema-instance" xsi:schemaLocation="http://www.w-integrate.nl/xsd/authorizationpolicy_01/requestresponse_001 ../W-AlertCommons/W-AlertCommonsREG/AuthorizationPolicy_01_RequestResponse_001.xsd ">
        <requestresponse:CMMHeader>
          <cmmheader:ClientUserName>$1@$2</cmmheader:ClientUserName>
          <cmmheader:ClientPassword>$3</cmmheader:ClientPassword>
        </requestresponse:CMMHeader>
        <requestresponse:PolicyID>$4</requestresponse:PolicyID>
        <requestresponse:UserName>$5</requestresponse:UserName>
        <requestresponse:DeviceID>$6</requestresponse:DeviceID>
      </requestresponse:UpdateAuthorizationPolicyWithDeviceIdRequest>
    </format>
    <args>
      <arg evaluator="xml" expression="get-property('ClientAdminUserName')"/>
      <arg evaluator="xml" expression="get-property('DomainName')"/>
      <arg evaluator="xml" expression="get-property('ClientAdminPassword')"/>
      <arg evaluator="xml" expression="get-property('GroupName')"/>
      <arg evaluator="xml" expression="fn:substring-before(get-property('UserName'),'@')"/>
      <arg evaluator="xml" expression="get-property('DeviceId')"/>
    </args>
  </payloadFactory>
  <sequence key="ConfigurationManagementAPI_01_SendRequestToAuthorizationPolicyAPI_01"/>
</sequence>
