<?xml version="1.0" encoding="UTF-8"?>
<sequence
  name="ConfigurationManagementAPI_01_ModifyApplicationGroupWithApplicationsInSequence_01"
  trace="disable" xmlns="http://ws.apache.org/ns/synapse">
  <log level="full" separator="---=== ConfigurationManagementAPI_01_ModifyApplicationGroupWithApplicationsInSequence_01 ===---"/>
  <property description="OperationName" name="RequestOperationName"
    scope="default" type="STRING" value="AssignApplicationToGroup"/>
  <property description="MessageFrom" name="MessageFrom" scope="default"
    type="STRING" value="Client"/>
  <property description="MessageDestination" name="MessageDestination"
    scope="default" type="STRING" value="DSS"/>
  <property description="ResponseType"
    expression="get-property('transport', 'Accept')" name="ResponseType"
    scope="default" type="STRING" xmlns:ns="http://org.apache.synapse/xsd"/>
  <property description="ContentType" name="ContentType" scope="axis2"
    type="STRING" value="application/xml"/>
  <property description="messageType" name="messageType" scope="axis2"
    type="STRING" value="application/xml"/>
  <sequence key="ConfigurationManagementAPI_01_ValidateModifyApplicationGroupWithApplicationsCDMRequest_01"/>
  <property description="ApplicationGroupName"
    expression="//*[local-name()='ApplicationGroupName']"
    name="ApplicationGroupName" scope="default" type="STRING"/>
  <property description="DomainName"
    expression="fn:substring-after(//*[local-name()='ClientUserName'],'@')"
    name="DomainName" scope="default" type="STRING"/>
  <property description="InitialRequest"
    expression="//ns3:ModifyApplicationGroupWithApplicationsRequest"
    name="InitialRequest" scope="default" type="STRING" xmlns:ns3="http://www.w-integrate.nl/xsd/w-alertconfigurationmanagement_01/requestresponse_001"/>
  <log level="full" separator="---=== Sending RemoveApplicationGroup Request To DSS ===---"/>
  <payloadFactory media-type="xml">
    <format>
      <p:RemoveApplicationsFromGroup xmlns:p="http://www.w-integrate.nl/xsd/w-alertconfigurationmanagementDSS_01/requestresponse_001">
        <p:ApplicationGroupId>$1@$2</p:ApplicationGroupId>
      </p:RemoveApplicationsFromGroup>
    </format>
    <args>
      <arg evaluator="xml"
        expression="get-property('ApplicationGroupName')" xmlns:m0="http://services.samples/xsd"/>
      <arg evaluator="xml" expression="get-property('DomainName')" xmlns:m0="http://services.samples/xsd"/>
    </args>
  </payloadFactory>
  <header name="Action" scope="default" value="https://localhost:9445/services/ConfigurationManagementDataService.SecureSOAP11Endpoint/"/>
  <call>
    <endpoint key="gov:nl/weintegrate/wealert/service/configurationmanagement/v1/endpoint/ConfigurationManagementDataServiceEndpoint.xml"/>
  </call>
  <log level="full" separator="---=== Response From DSS Server for RemoveApplicationGroup ===---"/>
  <filter xpath="fn:contains(//*[local-name()='REQUEST_STATUS'],'SUCCESSFUL')">
    <then>
      <payloadFactory media-type="xml">
        <format>
          <soapenv:Envelope xmlns:soapenv="http://schemas.xmlsoap.org/soap/envelope/">
            <soapenv:Body>$1</soapenv:Body>
          </soapenv:Envelope>
        </format>
        <args>
          <arg evaluator="xml" expression="get-property('InitialRequest')"/>
        </args>
      </payloadFactory>
      <sequence key="ConfigurationManagementAPI_01_ConvertModifyApplicationGroupWithApplicationsCMAPIRequestToDSSRequest_01"/>
      <sequence key="ConfigurationManagementAPI_01_SendRequestToConfigurationManagementDataService_01"/>
    </then>
    <else/>
  </filter>
</sequence>
