<?xml version="1.0" encoding="UTF-8"?>
<sequence
  name="ConfigurationManagementAPI_01_DeleteClientAdminInSequence_01"
  trace="disable" xmlns="http://ws.apache.org/ns/synapse">
  <log level="full" separator="---=== ConfigurationManagementAPI_01_DeleteClientAdminInSequence_01 ===---"/>
  <property description="OperationName" name="RequestOperationName"
    scope="default" type="STRING" value="DeleteClientAdminConfigurationManagement"/>
  <property description="MessageFrom" name="MessageFrom" scope="default"
    type="STRING" value="Client"/>
  <property description="MessageDestination" name="MessageDestination"
    scope="default" type="STRING" value="IdentityManagementAPI"/>
  <property description="ResponseType"
    expression="get-property('transport', 'Accept')" name="ResponseType"
    scope="default" type="STRING" xmlns:ns="http://org.apache.synapse/xsd"/>
  <property description="ResponseTypeInitial"
    expression="get-property('ResponseType')" name="ResponseTypeInitial"
    scope="default" type="STRING" xmlns:ns="http://org.apache.synapse/xsd"/>
  <property description="ContentType" name="ContentType" scope="axis2"
    type="STRING" value="application/xml"/>
  <property description="messageType" name="messageType" scope="axis2"
    type="STRING" value="application/xml"/>
  <property description="ClientAdminId"
    expression="//*[local-name()='ClientAdminId']" name="ClientAdminId"
    scope="default" type="STRING"/>
  <filter description="CheckResponseType" regex="application/json" source="get-property('ResponseTypeInitial')">
    <then>
      <xslt description="JSONXMLToConfigurationManamentRequest" key="gov:nl/weintegrate/wealert/service/configurationmanagement/v1/xslt/ConfigurationManagementDeleteClientAdminJSONXMLToCMAPIRequest.xslt">
        <resource
          key="gov:nl/weintegrate/wealert/service/configurationmanagement/v1/xslt/ConfigurationManagementDeleteClientAdminJSONXMLToCMAPIRequest.xslt" location="ConfigurationManagementDeleteClientAdminJSONXMLToCMAPIRequest.xslt"/>
      </xslt>
      <log level="full" separator="Applied Transformation JSON XML to Configuration Management API DeleteClientAdmin Request."/>
    </then>
    <else/>
  </filter>
  <property description="InitialRequest"
    expression="//ns3:DeleteClientAdminRequest" name="InitialRequest"
    scope="default" type="STRING" xmlns:ns3="http://www.w-integrate.nl/xsd/w-alertconfigurationmanagement_01/requestresponse_001"/>
  <payloadFactory media-type="xml">
    <format>
      <p:GetClientAdminByTenantId xmlns:p="http://www.w-integrate.nl/xsd/w-alertconfigurationmanagementDSS_01/requestresponse_001">
        <p:ClientAdminId>$1</p:ClientAdminId>
      </p:GetClientAdminByTenantId>
    </format>
    <args>
      <arg evaluator="xml" expression="get-property('ClientAdminId')" xmlns:m0="http://services.samples/xsd"/>
    </args>
  </payloadFactory>
  <log level="full" separator="---=== Sending Request To DSS for GetClientAdminByTenantId ===---"/>
  <property name="Accept" scope="transport" type="STRING" value="application/xml"/>
  <header name="Action" scope="default" value="https://localhost:9445/services/ConfigurationManagementDataService.SecureSOAP11Endpoint/"/>
  <call>
    <endpoint key="gov:nl/weintegrate/wealert/service/configurationmanagement/v1/endpoint/ConfigurationManagementDataServiceEndpoint.xml"/>
  </call>
  <log level="full" separator="---=== Response From DSS Server for GetClientAdminByTenantId ===---"/>
  <property description="ClientAdminTenantId"
    expression="//*[local-name()='ClientAdminTenantId']"
    name="ClientAdminTenantId" scope="default" type="STRING"/>
  <payloadFactory media-type="xml">
    <format>
      <soapenv:Envelope xmlns:soapenv="http://schemas.xmlsoap.org/soap/envelope/">
        <soapenv:Body>$1</soapenv:Body>
      </soapenv:Envelope>
    </format>
    <args>
      <arg evaluator="xml" expression="get-property('InitialRequest')"/>
    </args>
  </payloadFactory>
  <log level="full" separator="---=== **************************** ===---"/>
  <sequence key="ConfigurationManagementAPI_01_ConvertDeleteClientAdminCMAPIRequestToIMAPIRequest_01"/>
  <log level="full" separator="---=== ********************* ===---"/>
  <sequence key="ConfigurationManagementAPI_01_SendRequestToIdentityManagementAPI_01"/>
</sequence>
