<?xml version="1.0" encoding="UTF-8"?>
<sequence
  name="ConfigurationManagementAPI_01_ModifyApplicationGroupWithUsersOutSequence_01"
  trace="disable" xmlns="http://ws.apache.org/ns/synapse">
  <log level="full" separator="---=== ConfigurationManagementAPI_01_ModifyApplicationGroupWithUsersOutSequence_01 ===---"/>
  <property description="SequenceType" name="MessageFrom"
    scope="default" type="STRING" value="AuthorizationPolicyAPI"/>
  <property description="SequenceType" name="MessageDestination"
    scope="default" type="STRING" value="Client"/>
  <sequence key="ConfigurationManagementAPI_01_ConvertModifyGroupWithUsersAPAPIToCMAPIResponse_01"/>
  <filter regex="N-0000" source="//*[local-name()='ResponseCode']" xmlns:ns="http://org.apache.synapse/xsd">
    <then>
      <property
        expression="//ns3:ModifyApplicationGroupWithUsersResponse"
        name="CMAPIResponse" scope="default" type="STRING" xmlns:ns3="http://www.w-integrate.nl/xsd/w-alertconfigurationmanagement_01/requestresponse_001"/>
      <payloadFactory media-type="xml">
        <format>
          <soapenv:Envelope xmlns:soapenv="http://schemas.xmlsoap.org/soap/envelope/">
            <soapenv:Body>$1</soapenv:Body>
          </soapenv:Envelope>
        </format>
        <args>
          <arg evaluator="xml" expression="get-property('InitialRequest')"/>
        </args>
      </payloadFactory>
      <property expression="//*[local-name()='ClientDomain']"
        name="ClientDomain" scope="default" type="STRING"/>
      <property expression="//*[local-name()='ApplicationGroupName']"
        name="ApplicationGroupName" scope="default" type="STRING"/>
      <property
        expression="fn:concat(get-property('ApplicationGroupName'),'@',get-property('ClientDomain'))"
        name="ApplicationGroupId" scope="default" type="STRING"/>
      <payloadFactory media-type="xml">
        <format>
          <p:RemoveUsersFromGroup xmlns:p="http://www.w-integrate.nl/xsd/w-alertconfigurationmanagementDSS_01/requestresponse_001">
            <p:ApplicationGroupId>$1</p:ApplicationGroupId>
          </p:RemoveUsersFromGroup>
        </format>
        <args>
          <arg evaluator="xml" expression="get-property('ApplicationGroupId')"/>
        </args>
      </payloadFactory>
      <property name="OUT_ONLY" scope="axis2" type="STRING" value="true"/>
      <header name="Action" scope="default" value="https://localhost:9445/services/ConfigurationManagementDataService.SecureSOAP11Endpoint/"/>
      <call>
        <endpoint key="gov:nl/weintegrate/wealert/service/configurationmanagement/v1/endpoint/ConfigurationManagementDataServiceEndpoint.xml"/>
      </call>
      <filter regex="SUCCESSFUL" source="//*[local-name()='REQUEST_STATUS']">
        <then>
          <payloadFactory media-type="xml">
            <format>
              <soapenv:Envelope xmlns:soapenv="http://schemas.xmlsoap.org/soap/envelope/">
                <soapenv:Body>$1</soapenv:Body>
              </soapenv:Envelope>
            </format>
            <args>
              <arg evaluator="xml" expression="get-property('InitialRequest')"/>
            </args>
          </payloadFactory>
          <filter regex="true" source="boolean(//*[local-name()='UserName'])">
            <then>
              <xslt key="gov:nl/weintegrate/wealert/service/configurationmanagement/v1/xslt/ConfigurationManagementModifyGroupWithUsersToDSSRequest.xslt">
                <resource
                  key="gov:nl/weintegrate/wealert/service/configurationmanagement/v1/xslt/ConfigurationManagementModifyGroupWithUsersToDSSRequest.xslt" location="ConfigurationManagementModifyGroupWithUsersToDSSRequest.xslt"/>
              </xslt>
              <property name="OUT_ONLY" scope="axis2" type="STRING" value="true"/>
              <header name="Action" scope="default" value="https://localhost:9445/services/ConfigurationManagementDataService.SecureSOAP11Endpoint/"/>
              <call>
                <endpoint key="gov:nl/weintegrate/wealert/service/configurationmanagement/v1/endpoint/ConfigurationManagementDataServiceEndpoint.xml"/>
              </call>
              <filter regex="SUCCESSFUL" source="//*[local-name()='REQUEST_STATUS']">
                <then>
                  <payloadFactory media-type="xml">
                    <format>
                      <soapenv:Envelope xmlns:soapenv="http://schemas.xmlsoap.org/soap/envelope/">
                        <soapenv:Body>$1</soapenv:Body>
                      </soapenv:Envelope>
                    </format>
                    <args>
                      <arg evaluator="xml" expression="get-property('InitialRequest')"/>
                    </args>
                  </payloadFactory>
                  <xslt key="gov:nl/weintegrate/wealert/service/configurationmanagement/v1/xslt/ConfigurationManagementUpdateApplicationGroupToDSSRequest.xslt">
                    <resource
                      key="gov:nl/weintegrate/wealert/service/configurationmanagement/v1/xslt/ConfigurationManagementUpdateApplicationGroupToDSSRequest.xslt" location="ConfigurationManagementUpdateApplicationGroupToDSSRequest.xslt"/>
                  </xslt>
                  <property name="OUT_ONLY" scope="axis2" type="STRING" value="true"/>
                  <header name="Action" scope="default" value="https://localhost:9445/services/ConfigurationManagementDataService.SecureSOAP11Endpoint/"/>
                  <call>
                    <endpoint key="gov:nl/weintegrate/wealert/service/configurationmanagement/v1/endpoint/ConfigurationManagementDataServiceEndpoint.xml"/>
                  </call>
                  <filter regex="1" source="//*[local-name()='Value']">
                    <then>
                      <payloadFactory media-type="xml">
                        <format>
                          <soapenv:Envelope xmlns:soapenv="http://schemas.xmlsoap.org/soap/envelope/">
                            <soapenv:Body>$1</soapenv:Body>
                          </soapenv:Envelope>
                        </format>
                        <args>
                          <arg evaluator="xml" expression="get-property('CMAPIResponse')"/>
                        </args>
                      </payloadFactory>
                    </then>
                    <else/>
                  </filter>
                </then>
                <else>
                  <payloadFactory media-type="xml">
                    <format>
                      <ns2:ModifyApplicationGroupWithUsersResponse xmlns:ns2="http://www.w-integrate.nl/xsd/w-alertconfigurationmanagement_01/requestresponse_001">
                        <ns2:ResponseCode>W-0001</ns2:ResponseCode>
                        <ns2:ResponseMessage>Success from Policy API but unable to modify group on datastore.</ns2:ResponseMessage>
                      </ns2:ModifyApplicationGroupWithUsersResponse>
                    </format>
                    <args/>
                  </payloadFactory>
                </else>
              </filter>
            </then>
            <else>
              <payloadFactory media-type="xml">
                <format>
                  <soapenv:Envelope xmlns:soapenv="http://schemas.xmlsoap.org/soap/envelope/">
                    <soapenv:Body>$1</soapenv:Body>
                  </soapenv:Envelope>
                </format>
                <args>
                  <arg evaluator="xml" expression="get-property('CMAPIResponse')"/>
                </args>
              </payloadFactory>
            </else>
          </filter>
        </then>
        <else>
          <payloadFactory media-type="xml">
            <format>
              <ns2:ModifyApplicationGroupWithUsersResponse xmlns:ns2="http://www.w-integrate.nl/xsd/w-alertconfigurationmanagement_01/requestresponse_001">
                <ns2:ResponseCode>W-0001</ns2:ResponseCode>
                <ns2:ResponseMessage>Success from Policy API but unable to modify group on datastore.</ns2:ResponseMessage>
              </ns2:ModifyApplicationGroupWithUsersResponse>
            </format>
            <args/>
          </payloadFactory>
        </else>
      </filter>
    </then>
    <else/>
  </filter>
  <switch source="get-property('ResponseType')" xmlns:ns="http://org.apache.synapse/xsd">
    <case regex="application/xml">
      <header name="Accept" scope="transport" value="application/xml"/>
      <property description="ContentType" name="ContentType"
        scope="axis2" type="STRING" value="application/xml"/>
      <property description="messageType" name="messageType"
        scope="axis2" type="STRING" value="application/xml"/>
    </case>
    <case regex="application/json">
      <header name="Accept" scope="transport" value="application/json"/>
      <property description="ContentType" name="ContentType"
        scope="axis2" type="STRING" value="application/json"/>
      <property description="messageType" name="messageType"
        scope="axis2" type="STRING" value="application/json"/>
    </case>
    <default>
      <header name="Accept" scope="transport" value="application/xml"/>
      <property description="ContentType" name="ContentType"
        scope="axis2" type="STRING" value="application/xml"/>
      <property description="messageType" name="messageType"
        scope="axis2" type="STRING" value="application/xml"/>
    </default>
  </switch>
  <respond/>
</sequence>
