<?xml version="1.0" encoding="UTF-8"?>
<sequence
  name="ConfigurationManagementAPI_01_RegisterMobileAuthenticateUser_01"
  trace="disable" xmlns="http://ws.apache.org/ns/synapse">
  <payloadFactory media-type="xml">
    <format>
      <response:AuthenticateUserRequest
        xmlns:address="http://www.w-integrate.nl/cdm/xsd/address_01"
        xmlns:application="http://www.w-integrate.nl/cdm/xsd/application_01"
        xmlns:applicationgroup="http://www.w-integrate.nl/cdm/xsd/applicationgroup_01"
        xmlns:channel="http://www.w-integrate.nl/cdm/xsd/communicationchannel_01"
        xmlns:condition="http://www.w-integrate.nl/cdm/xsd/condition_01"
        xmlns:conditiongroup="http://www.w-integrate.nl/cdm/xsd/conditiongroup_01"
        xmlns:device="http://www.w-integrate.nl/cdm/xsd/device_01"
        xmlns:ns2="http://www.w-integrate.nl/cmm/xsd/cmmheader_01"
        xmlns:organization="http://www.w-integrate.nl/cdm/xsd/organization_01"
        xmlns:permission="http://www.w-integrate.nl/cdm/xsd/permission_01"
        xmlns:person="http://www.w-integrate.nl/cdm/xsd/person_01"
        xmlns:policy="http://www.w-integrate.nl/cdm/xsd/authorizationpolicy_01"
        xmlns:response="http://www.w-integrate.nl/xsd/w-alertconfigurationmanagement_01/requestresponse_001"
        xmlns:role="http://www.w-integrate.nl/cdm/xsd/role_01"
        xmlns:rule="http://www.w-integrate.nl/cdm/xsd/rule_01"
        xmlns:rulegroup="http://www.w-integrate.nl/cdm/xsd/rulegroup_01"
        xmlns:user="http://www.w-integrate.nl/cdm/xsd/user_01"
        xmlns:xsi="http://www.w3.org/2001/XMLSchema-instance" xsi:schemaLocation="http://www.w-integrate.nl/xsd/w-alertconfigurationmanagement_01/requestresponse_001 ConfigurationManagement_01_RequestResponse_001.xsd ">
        <response:CMMHeader>
          <ns2:ClientUserName>$1@$2</ns2:ClientUserName>
          <ns2:ClientPassword>$3</ns2:ClientPassword>
        </response:CMMHeader>
        <response:UserName>$4</response:UserName>
        <response:UserPassword>$5</response:UserPassword>
        <response:UserSourceSystem>Mobile</response:UserSourceSystem>
      </response:AuthenticateUserRequest>
    </format>
    <args>
      <arg evaluator="xml" expression="get-property('ClientAdminUserName')"/>
      <arg evaluator="xml" expression="get-property('DomainName')"/>
      <arg evaluator="xml" expression="get-property('ClientAdminPassword')"/>
      <arg evaluator="xml" expression="fn:substring-before(get-property('UserName'),'@')"/>
      <arg evaluator="xml" expression="get-property('Password')"/>
    </args>
  </payloadFactory>
  <property name="OUT_ONLY" scope="axis2" type="STRING" value="true"/>
  <property name="Accept" scope="transport" type="STRING" value="application/xml"/>
  <call>
    <endpoint>
      <http method="post" trace="disable" uri-template="CONFIGURATION_MANAGEMENT_API_URI/authenticateusers"/>
    </endpoint>
  </call>
</sequence>
