<?xml version="1.0" encoding="UTF-8"?>
<sequence
  name="ConfigurationManagementAPI_01_ConvertDeleteClientAdminCMAPIRequestToIMAPIRequest_01"
  trace="disable" xmlns="http://ws.apache.org/ns/synapse">
  <call-template description="Log-INFO" target="gov:com/commons/util/v1/templates/LoggerTemplate.xml">
    <with-param name="SequenceName" value="ConfigurationManagementAPI_01_ConvertDeleteClientAdminCMAPIRequestToIMAPIRequest_01"/>
    <with-param name="Message" value="Going to convert Configuration Management API DeleteClientAdmin Request to Identity Management API Request."/>
    <with-param name="LogLevel" value="INFO"/>
  </call-template>
  <xslt
    description="DeleteClientAdminConfigurationManagementAPIRequestToIdentityManagementAPIRequest" key="gov:nl/weintegrate/wealert/service/configurationmanagement/v1/xslt/ConfigurationManagementDeleteClientAdminCMAPIToIMAPIRequest.xslt">
    <property expression="get-property('ClientAdminTenantId')" name="VAR_CLIENT_ADMIN_ID"/>
    <resource
      key="gov:nl/weintegrate/wealert/service/configurationmanagement/v1/xslt/ConfigurationManagementDeleteClientAdminCMAPIToIMAPIRequest.xslt" location="ConfigurationManagementDeleteClientAdminCMAPIToIMAPIRequest.xslt"/>
  </xslt>
  <call-template description="Log-INFO" target="gov:com/commons/util/v1/templates/LoggerTemplate.xml">
    <with-param name="SequenceName" value="ConfigurationManagementAPI_01_ConvertDeleteClientAdminCMAPIRequestToIMAPIRequest_01"/>
    <with-param name="Message" value="Converted Configuration Management API DeleteClientAdmin Request to Identity Management API Request."/>
    <with-param name="LogLevel" value="INFO"/>
  </call-template>
</sequence>
