<?xml version="1.0" encoding="UTF-8"?>
<sequence
  name="ConfigurationManagementAPI_01_CreateApplicationGroupOutSequence_01"
  trace="disable" xmlns="http://ws.apache.org/ns/synapse">
  <log level="full" separator="---=== ConfigurationManagementAPI_01_CreateApplicationGroupOutSequence_01 ===---"/>
  <property name="MessageFrom" scope="default" type="STRING" value="AuthorizationPolicyAPI"/>
  <property name="MessageDestination" scope="default" type="STRING" value="Client"/>
  <sequence key="ConfigurationManagementAPI_01_ConvertCreateApplicationGroupAPAPIResponseToCMAPIResponse_01"/>
  <filter regex="N-0000" source="//*[local-name()='ResponseCode']" xmlns:ns="http://org.apache.synapse/xsd">
    <then>
      <property expression="//ns3:CreateApplicationGroupResponse"
        name="CMAPIResponse" scope="default" type="STRING" xmlns:ns3="http://www.w-integrate.nl/xsd/w-alertconfigurationmanagement_01/requestresponse_001"/>
      <payloadFactory media-type="xml">
        <format>
          <soapenv:Envelope xmlns:soapenv="http://schemas.xmlsoap.org/soap/envelope/">
            <soapenv:Body>$1</soapenv:Body>
          </soapenv:Envelope>
        </format>
        <args>
          <arg evaluator="xml" expression="get-property('InitialRequest')"/>
        </args>
      </payloadFactory>
      <xslt key="gov:nl/weintegrate/wealert/service/configurationmanagement/v1/xslt/ConfigurationManagementCreateApplicationGroupToDSSRequest.xslt">
        <resource
          key="gov:nl/weintegrate/wealert/service/configurationmanagement/v1/xslt/ConfigurationManagementCreateApplicationGroupToDSSRequest.xslt" location="ConfigurationManagementCreateApplicationGroupToDSSRequest.xslt"/>
      </xslt>
    	<property description="GroupId" expression="//*[local-name()='ApplicationGroupId']" name="GroupId" scope="default" type="STRING" />
    	<property description="TopicName" expression="//*[local-name()='ApplicationGroupTopicName']" name="TopicName" scope="default" type="STRING" />
      
      <property name="OUT_ONLY" scope="axis2" type="STRING" value="true"/>
      <header name="Action" scope="default" value="https://localhost:9445/services/ConfigurationManagementDataService.SecureSOAP11Endpoint/"/>
      <call>
        <endpoint key="gov:nl/weintegrate/wealert/service/configurationmanagement/v1/endpoint/ConfigurationManagementDataServiceEndpoint.xml"/>
      </call>
      <filter regex="SUCCESSFUL" source="//*[local-name()='REQUEST_STATUS']">
        <then>
        	 <payloadFactory media-type="xml">
		        <format>
		          <tns:ApplicationGroup xmlns:tns="http://www.w-integrate.nl/xsd/configurationmanagement_01">
					  <tns:ApplicationGroupName>$1</tns:ApplicationGroupName>
					  <tns:ClientDomain>$2</tns:ClientDomain>
					  <tns:ApplicationGroupTopic>$3</tns:ApplicationGroupTopic>
					</tns:ApplicationGroup>
		        </format>
		        <args>
		          <arg evaluator="xml" expression="fn:substring-before(get-property('GroupId'),'@')"/>
		          <arg evaluator="xml" expression="fn:substring-after(get-property('GroupId'),'@')"/>
		          <arg evaluator="xml" expression="get-property('TopicName')"/>
		        </args>
		      </payloadFactory>
        	
				<property name="ContentType" value="application/xml" scope="axis2" type="STRING"/>
		        <header name="Accept" value="application/xml" scope="transport"/>
		        
		        <property name="OUT_ONLY" scope="axis2" type="STRING" value="true"/>
		        <call>
			    	<endpoint key="gov:nl/weintegrate/wealert/service/configurationmanagement/v1/endpoint/ConfigurationManagementCreateTopicBWEndpoint.xml"/>
			    </call>
			    <filter xpath="fn:contains(get-property('axis2','HTTP_SC'),'500')">
			    	<then>
			    		<payloadFactory media-type="xml">
				            <format>
				              <ns2:CreateApplicationGroupResponse xmlns:ns2="http://www.w-integrate.nl/xsd/w-alertconfigurationmanagement_01/requestresponse_001">
				                <ns2:ResponseCode>W-0001</ns2:ResponseCode>
				                <ns2:ResponseMessage>Success from Policy API and Data store but unable to create relevant topic.</ns2:ResponseMessage>
				              </ns2:CreateApplicationGroupResponse>
				            </format>
				            <args/>
				          </payloadFactory>
			    	</then>
			    	<else>
			    		<payloadFactory media-type="xml">
				            <format>
				              <soapenv:Envelope xmlns:soapenv="http://schemas.xmlsoap.org/soap/envelope/">
				                <soapenv:Body>$1</soapenv:Body>
				              </soapenv:Envelope>
				            </format>
				            <args>
				              <arg evaluator="xml" expression="get-property('CMAPIResponse')"/>
				            </args>
				          </payloadFactory>
			    	</else>
			    </filter>
			    
          
        </then>
        <else>
          <payloadFactory media-type="xml">
            <format>
              <ns2:CreateApplicationGroupResponse xmlns:ns2="http://www.w-integrate.nl/xsd/w-alertconfigurationmanagement_01/requestresponse_001">
                <ns2:ResponseCode>W-0001</ns2:ResponseCode>
                <ns2:ResponseMessage>Success from Policy API but unable to add group on datastore and create topic.</ns2:ResponseMessage>
              </ns2:CreateApplicationGroupResponse>
            </format>
            <args/>
          </payloadFactory>
        </else>
      </filter>
    </then>
    <else/>
  </filter>
  <switch source="get-property('ResponseType')" xmlns:ns="http://org.apache.synapse/xsd">
    <case regex="application/xml">
      <header name="Accept" scope="transport" value="application/xml"/>
      <property name="ContentType" scope="axis2" type="STRING" value="application/xml"/>
      <property name="messageType" scope="axis2" type="STRING" value="application/xml"/>
    </case>
    <case regex="application/json">
      <header name="Accept" scope="transport" value="application/json"/>
      <property name="ContentType" scope="axis2" type="STRING" value="application/json"/>
      <property name="messageType" scope="axis2" type="STRING" value="application/json"/>
    </case>
    <default>
      <header name="Accept" scope="transport" value="application/xml"/>
      <property name="ContentType" scope="axis2" type="STRING" value="application/xml"/>
      <property name="messageType" scope="axis2" type="STRING" value="application/xml"/>
    </default>
  </switch>
  <respond/>
</sequence>
