<?xml version="1.0" encoding="UTF-8"?>
<sequence
    name="ConfigurationManagementAPI_01_SendRequestToIdentityManagementAPI_01"
    trace="disable" xmlns="http://ws.apache.org/ns/synapse">
    <call-template target="gov:com/commons/util/v1/templates/LoggerTemplate.xml">
        <with-param name="SequenceName" value="ConfigurationManagementAPI_01_SendRequestToIS_01"/>
        <with-param name="Message" value="Going to send Request to Identity Management API."/>
        <with-param name="LogLevel" value="INFO"/>
    </call-template>
    <property expression="AUTHORIZATION" name="Authorization"
        scope="transport" type="STRING" xmlns:ns="http://org.apache.synapse/xsd"/>
    <header name="Accept" scope="transport" value="application/xml"/>
    <switch source="get-property('RequestOperationName')" xmlns:ns="http://org.apache.synapse/xsd">
        <case regex="AuthenticateConfigurationManagement">
            <send>
                <endpoint key="gov:nl/weintegrate/wealert/service/configurationmanagement/v1/endpoint/ConfigurationManagementAuthenticateIdentityManagementAPIEndpoint.xml"/>
            </send>
        </case>
        <case regex="AssignRoleConfigurationManagement">
            <send/>
        </case>
        <case regex="AddRolePermissionConfigurationManagement">
            <send/>
        </case>
        <case regex="CreateGroupConfigurationManagement">
            <send/>
        </case>
        <case regex="CreateApplicationConfigurationManagement">
            <send/>
        </case>
        <case regex="GetGroupConfigurationManagement">
            <send/>
        </case>
        <case regex="GetApplicationConfigurationManagement">
            <send/>
        </case>
        <case regex="UpdateGroupConfigurationManagement">
            <send/>
        </case>
        <case regex="UpdateApplicationConfigurationManagement">
            <send/>
        </case>
        <case regex="DeleteGroupConfigurationManagement">
            <send/>
        </case>
        <case regex="DeleteApplicationConfigurationManagement">
            <send/>
        </case>
        <case regex="CreateUserConfigurationManagement">
            <send>
                <endpoint key="gov:nl/weintegrate/wealert/service/configurationmanagement/v1/endpoint/ConfigurationManagementCreateUserIdentityManagementAPIEndpoint.xml"/>
            </send>
        </case>
		<case regex="CreateClientAdminConfigurationManagement">
            <send>
                <endpoint key="gov:nl/weintegrate/wealert/service/configurationmanagement/v1/endpoint/ConfigurationManagementCreateClientAdminIMAPIEndpoint.xml"/>
            </send>
        </case>
        <case regex="GetClientAdminListConfigurationManagement">
            <send>
                <endpoint key="gov:nl/weintegrate/wealert/service/configurationmanagement/v1/endpoint/ConfigurationManagementGetClientAdminListIMAPIEndpoint.xml"/>
            </send>
        </case>
         <case regex="DeleteClientAdminConfigurationManagement">
            <send>
                <endpoint key="gov:nl/weintegrate/wealert/service/configurationmanagement/v1/endpoint/ConfigurationManagementDeleteClientAdminIMAPIEndpoint.xml"/>
            </send>
        </case>
         <case regex="ChangePasswordConfigurationManagement">
            <send>
                <endpoint key="gov:nl/weintegrate/wealert/service/configurationmanagement/v1/endpoint/ConfigurationManagementChangePasswordIMAPIEndpoint.xml"/>
            </send>
        </case>
         <case regex="GetClientAdminUserListConfigurationManagement">
            <send>
                <endpoint key="gov:nl/weintegrate/wealert/service/configurationmanagement/v1/endpoint/ConfigurationManagementGetClientAdminUserListIMAPIEndpoint.xml"/>
            </send>
        </case>
        <case regex="CreateRoleConfigurationManagement">
            <send/>
        </case>
        <case regex="GetUserConfigurationManagement">
            <send>
                <endpoint key="gov:nl/weintegrate/wealert/service/configurationmanagement/v1/endpoint/ConfigurationManagementGetUserIdentityManagementAPIEndpoint.xml"/>
            </send>
        </case>
        <case regex="GetRoleConfigurationManagement">
            <send/>
        </case>
        <case regex="UpdateUserConfigurationManagement">
            <send>
                <endpoint key="gov:nl/weintegrate/wealert/service/configurationmanagement/v1/endpoint/ConfigurationManagementUpdateUserIdentityManagementAPIEndpoint.xml"/>
            </send>
        </case>
        <case regex="UpdateRoleConfigurationManagement">
            <send/>
        </case>
        <case regex="DeleteUserConfigurationManagement">
            <send>
                <endpoint key="gov:nl/weintegrate/wealert/service/configurationmanagement/v1/endpoint/ConfigurationManagementDeleteUserIdentityManagementAPIEndpoint.xml"/>
            </send>
        </case>
        <case regex="DeleteRoleConfigurationManagement">
            <send/>
        </case>
        <case regex="ListGroupUserConfigurationManagement">
            <send/>
        </case>
        <case regex="ListGroupApplicationConfigurationManagement">
            <send/>
        </case>
        <default>
            <log category="WARN" level="full" separator="---=== Invalid Request ===---"/>
            <drop/>
        </default>
    </switch>
</sequence>
