<?xml version="1.0" encoding="UTF-8"?>
<sequence
  name="ConfigurationManagementAPI_01_GetApplicationListInSequence_01"
  trace="disable" xmlns="http://ws.apache.org/ns/synapse">
  <log level="full" separator="---=== ConfigurationManagementAPI_01_GetApplicationListInSequence_01 ===---"/>
  <property description="OperationName" name="RequestOperationName"
    scope="default" type="STRING" value="GetApplicationList"/>
  <property description="MessageFrom" name="MessageFrom" scope="default"
    type="STRING" value="Client"/>
  <property description="MessageDestination" name="MessageDestination"
    scope="default" type="STRING" value="DSS"/>
  <property description="ResponseType"
    expression="get-property('transport', 'Accept')" name="ResponseType"
    scope="default" type="STRING" xmlns:ns="http://org.apache.synapse/xsd"/>
  <property description="ContentType" name="ContentType" scope="axis2"
    type="STRING" value="application/xml"/>
  <property description="messageType" name="messageType" scope="axis2"
    type="STRING" value="application/xml"/>
  <payloadFactory media-type="xml">
    <format>
      <soapenv:Envelope
        xmlns:req="http://www.w-integrate.nl/xsd/w-alertconfigurationmanagementDSS_01/requestresponse_001" xmlns:soapenv="http://schemas.xmlsoap.org/soap/envelope/">
        <soapenv:Body>
          <req:GetClientAdminApplication>
            <req:ClientAdminId>$1</req:ClientAdminId>
          </req:GetClientAdminApplication>
        </soapenv:Body>
      </soapenv:Envelope>
    </format>
    <args>
      <arg evaluator="xml" expression="//*[local-name()='ClientUserName']"/>
    </args>
  </payloadFactory>
  <sequence key="ConfigurationManagementAPI_01_SendRequestToConfigurationManagementDataService_01"/>
</sequence>
