<?xml version="1.0" encoding="UTF-8"?>
<sequence
  name="ConfigurationManagementAPI_01_DeleteApplicationInSequence_01"
  trace="disable" xmlns="http://ws.apache.org/ns/synapse">
  <log level="full" separator="---=== ConfigurationManagementAPI_01_DeleteApplicationInSequence_01 ===---"/>
  <property description="OperationName" name="RequestOperationName"
    scope="default" type="STRING" value="DeleteApplication"/>
  <property description="MessageFrom" name="MessageFrom" scope="default"
    type="STRING" value="Client"/>
  <property description="MessageDestination" name="MessageDestination"
    scope="default" type="STRING" value="DSS"/>
  <property description="ResponseType"
    expression="get-property('transport', 'Accept')" name="ResponseType"
    scope="default" type="STRING" xmlns:ns="http://org.apache.synapse/xsd"/>
  <property description="ContentType" name="ContentType" scope="axis2"
    type="STRING" value="application/xml"/>
  <property description="messageType" name="messageType" scope="axis2"
    type="STRING" value="application/xml"/>
  <filter description="CheckResponseType" regex="application/json" source="get-property('ResponseType')">
    <then>
      <xslt description="JSONXMLToConfigurationManamentRequest" key="gov:nl/weintegrate/wealert/service/configurationmanagement/v1/xslt/ConfigurationManagementDeleteApplicationJSONXMLToCMAPIRequest.xslt">
        <resource
          key="gov:nl/weintegrate/wealert/service/configurationmanagement/v1/xslt/ConfigurationManagementDeleteApplicationJSONXMLToCMAPIRequest.xslt" location="ConfigurationManagementDeleteApplicationJSONXMLToCMAPIRequest.xslt"/>
      </xslt>
      <log level="full" separator="Applied Transformation JSON XML to Configuration Management API DeleteApplication Request."/>
    </then>
    <else/>
  </filter>
  <property description="InitialRequest"
    expression="//ns3:DeleteApplicationRequest" name="InitialRequest"
    scope="default" type="STRING" xmlns:ns3="http://www.w-integrate.nl/xsd/w-alertconfigurationmanagement_01/requestresponse_001"/>
  <property description="ApplicationName"
    expression="//*[local-name()='ApplicationName']"
    name="ApplicationName" scope="default" type="STRING"/>
  <property description="ClientDomain"
    expression="//*[local-name()='ClientDomain']" name="ClientDomain"
    scope="default" type="STRING"/>
  <property
    expression="fn:concat(get-property('ApplicationName'),'@',get-property('ClientDomain'))"
    name="ConcatenatedApplicationNameWithDomainName" scope="default" type="STRING"/>
  <payloadFactory media-type="xml">
    <format>
      <p:IsExistApplication xmlns:p="http://www.w-integrate.nl/xsd/w-alertconfigurationmanagementDSS_01/requestresponse_001">
        <p:ApplicationId>$1@$2</p:ApplicationId>
      </p:IsExistApplication>
    </format>
    <args>
      <arg evaluator="xml" expression="get-property('ApplicationName')" xmlns:m0="http://services.samples/xsd"/>
      <arg evaluator="xml" expression="get-property('ClientDomain')" xmlns:m0="http://services.samples/xsd"/>
    </args>
  </payloadFactory>
  <log level="full" separator="---=== Sending Request To DSS for Checking Existance of Application ===---"/>
  <property name="Accept" scope="transport" type="STRING" value="application/xml"/>
  <header name="Action" scope="default" value="https://localhost:9445/services/ConfigurationManagementDataService.SecureSOAP11Endpoint/"/>
  <call>
    <endpoint key="gov:nl/weintegrate/wealert/service/configurationmanagement/v1/endpoint/ConfigurationManagementDataServiceEndpoint.xml"/>
  </call>
  <log level="full" separator="---=== Response From DSS Server for Exist Application ===---"/>
  <property description="ApplicationId"
    expression="//*[local-name()='ApplicationId']" name="ApplicationId"
    scope="default" type="STRING"/>
  <property
    expression="get-property('ConcatenatedApplicationNameWithDomainName') = get-property('ApplicationId')"
    name="propertyCompare" scope="default" type="STRING"/>
  <payloadFactory media-type="xml">
    <format>
      <soapenv:Envelope xmlns:soapenv="http://schemas.xmlsoap.org/soap/envelope/">
        <soapenv:Body>$1</soapenv:Body>
      </soapenv:Envelope>
    </format>
    <args>
      <arg evaluator="xml" expression="get-property('InitialRequest')"/>
    </args>
  </payloadFactory>
  <sequence key="ConfigurationManagementAPI_01_ValidateDeleteApplicationCDMRequest_01"/>
  <filter regex="true" source="get-property('propertyCompare')">
    <then>
      <sequence key="ConfigurationManagementAPI_01_ConvertDeleteApplicationCMAPIToDSSRequest_01"/>
      <sequence key="ConfigurationManagementAPI_01_SendRequestToConfigurationManagementDataService_01"/>
    </then>
    <else>
      <sequence key="ConfigurationManagementAPI_01_DeleteApplicationOutSequence_01"/>
    </else>
  </filter>
</sequence>
