<?xml version="1.0" encoding="UTF-8"?>
<sequence name="ConfigurationManagementAPI_01_GetUserInSequence_01"
  trace="disable" xmlns="http://ws.apache.org/ns/synapse">
  <log level="full" separator="---=== ConfigurationManagementAPI_01_GetUserInSequence_01 ===---"/>
  <property description="OperationName" name="RequestOperationName"
    scope="default" type="STRING" value="GetUserConfigurationManagement"/>
  <property description="MessageFrom" name="MessageFrom" scope="default"
    type="STRING" value="Client"/>
  <property description="MessageDestination" name="MessageDestination"
    scope="default" type="STRING" value="IdentityManagementAPI"/>
  <property description="ResponseType"
    expression="get-property('transport', 'Accept')" name="ResponseType"
    scope="default" type="STRING" xmlns:ns="http://org.apache.synapse/xsd"/>
  <property description="ContentType" name="ContentType" scope="axis2"
    type="STRING" value="application/xml"/>
  <property description="messageType" name="messageType" scope="axis2"
    type="STRING" value="application/xml"/>
  <sequence key="ConfigurationManagementAPI_01_ConvertGetUserCMAPIRequestToIMAPIRequest_01"/>
  <sequence key="ConfigurationManagementAPI_01_SendRequestToIdentityManagementAPI_01"/>
</sequence>
