<?xml version="1.0" encoding="UTF-8"?>
<sequence
  name="ConfigurationManagementAPI_01_RegisterMobileSendErrorResponse_01"
  trace="disable" xmlns="http://ws.apache.org/ns/synapse">
  <property expression="get-property('axis2', 'HTTP_SC')" name="Status"
    scope="default" type="STRING"/>
  <filter regex="N-0000" source="get-property('ResponseCode')">
    <then>
      <payloadFactory media-type="xml">
        <format>
          <ns2:RegisterMobileResponse xmlns:ns2="http://www.w-integrate.nl/xsd/w-alertconfigurationmanagement_01/requestresponse_001">
            <ns2:ResponseCode>$1</ns2:ResponseCode>
            <ns2:ResponseMessage>$2</ns2:ResponseMessage>
            <ns2:TopicName>$3</ns2:TopicName>
          </ns2:RegisterMobileResponse>
        </format>
        <args>
          <arg evaluator="xml" expression="get-property('ResponseCode')" xmlns:ns="http://org.apache.synapse/xsd"/>
          <arg evaluator="xml"
            expression="get-property('ResponseMessage')" xmlns:ns="http://org.apache.synapse/xsd"/>
          <arg evaluator="xml" expression="get-property('TopicName')" xmlns:ns="http://org.apache.synapse/xsd"/>
        </args>
      </payloadFactory>
    </then>
    <else>
      <payloadFactory media-type="xml">
        <format>
          <ns2:RegisterMobileResponse xmlns:ns2="http://www.w-integrate.nl/xsd/w-alertconfigurationmanagement_01/requestresponse_001">
            <ns2:ResponseCode>$1</ns2:ResponseCode>
            <ns2:ResponseMessage>$2</ns2:ResponseMessage>
          </ns2:RegisterMobileResponse>
        </format>
        <args>
          <arg evaluator="xml" expression="get-property('ResponseCode')" xmlns:ns="http://org.apache.synapse/xsd"/>
          <arg evaluator="xml"
            expression="get-property('ResponseMessage')" xmlns:ns="http://org.apache.synapse/xsd"/>
        </args>
      </payloadFactory>
    </else>
  </filter>
  <log level="full" separator="********************Error Response*****************"/>
  <switch source="get-property('ResponseType')" xmlns:ns="http://org.apache.synapse/xsd">
    <case regex="application/xml">
      <header name="Accept" scope="transport" value="application/xml"/>
      <property description="ContentType" name="ContentType"
        scope="axis2" type="STRING" value="application/xml"/>
      <property description="messageType" name="messageType"
        scope="axis2" type="STRING" value="application/xml"/>
    </case>
    <case regex="application/json">
      <header name="Accept" scope="transport" value="application/json"/>
      <property description="ContentType" name="ContentType"
        scope="axis2" type="STRING" value="application/json"/>
      <property description="messageType" name="messageType"
        scope="axis2" type="STRING" value="application/json"/>
    </case>
    <default>
      <header name="Accept" scope="transport" value="application/xml"/>
      <property description="ContentType" name="ContentType"
        scope="axis2" type="STRING" value="application/xml"/>
      <property description="messageType" name="messageType"
        scope="axis2" type="STRING" value="application/xml"/>
    </default>
  </switch>
  <property name="FAULTS_AS_HTTP_200" scope="axis2" type="STRING" value="true"/>
  <property name="SC_ACCEPTED" scope="axis2" type="STRING" value="false"/>
  <property name="HTTP_SC" scope="axis2" type="STRING" value="200"/>
  <respond/>
</sequence>
