<?xml version="1.0" encoding="UTF-8"?>
<sequence
  name="ConfigurationManagementAPI_01_ConvertDeleteUserCMAPIRequestToIMAPIRequest_01"
  trace="disable" xmlns="http://ws.apache.org/ns/synapse">
  <filter description="CheckResponseType" regex="application/json" source="get-property('ResponseType')">
    <then>
      <xslt description="JSONXMLToConfigurationManamentRequest" key="gov:nl/weintegrate/wealert/service/configurationmanagement/v1/xslt/ConfigurationManagementDeleteUserJSONXMLToCMAPIRequest.xslt">
        <resource
          key="gov:nl/weintegrate/wealert/service/configurationmanagement/v1/xslt/ConfigurationManagementDeleteUserJSONXMLToCMAPIRequest.xslt" location="ConfigurationManagementDeleteUserJSONXMLToCMAPIRequest.xslt"/>
      </xslt>
      <log level="full" separator="Applied Transformation JSON XML to Configuration Management API DeleteUser Request."/>
    </then>
    <else/>
  </filter>
  <property description="InitialRequest"
    expression="//ns3:DeleteUserRequest" name="InitialRequest"
    scope="default" type="STRING" xmlns:ns3="http://www.w-integrate.nl/xsd/w-alertconfigurationmanagement_01/requestresponse_001"/>
  <sequence key="ConfigurationManagementAPI_01_DeleteUserGetGroupForUser_01"/>
  <sequence key="ConfigurationManagementAPI_01_DeleteUserRemoveUserFromPolicy_01"/>
  <payloadFactory media-type="xml">
    <format>
      <soapenv:Envelope xmlns:soapenv="http://schemas.xmlsoap.org/soap/envelope/">
        <soapenv:Body>$1</soapenv:Body>
      </soapenv:Envelope>
    </format>
    <args>
      <arg evaluator="xml" expression="get-property('InitialRequest')"/>
    </args>
  </payloadFactory>
  <call-template description="Log-INFO" target="gov:com/commons/util/v1/templates/LoggerTemplate.xml">
    <with-param name="SequenceName" value="ConfigurationManagementAPI_01_ConvertDeleteUserCMAPIRequestToIMAPIRequest_01"/>
    <with-param name="Message" value="Going to convert Configuration Management API DeleteUser Request to Identity Management API Request."/>
    <with-param name="LogLevel" value="INFO"/>
  </call-template>
  <property description="InitialRequest"
    expression="//ns3:DeleteUserRequest" name="InitialRequest"
    scope="default" type="STRING" xmlns:ns3="http://www.w-integrate.nl/xsd/w-alertconfigurationmanagement_01/requestresponse_001"/>
  <xslt
    description="DeleteUserConfigurationManagementAPIRequestToIdentityManagementAPIRequest" key="gov:nl/weintegrate/wealert/service/configurationmanagement/v1/xslt/ConfigurationManagementDeleteUserToIMAPIRequest.xslt">
    <resource
      key="gov:nl/weintegrate/wealert/service/configurationmanagement/v1/xslt/ConfigurationManagementDeleteUserToIMAPIRequest.xslt" location="ConfigurationManagementDeleteUserToIMAPIRequest.xslt"/>
  </xslt>
  <call-template description="Log-INFO" target="gov:com/commons/util/v1/templates/LoggerTemplate.xml">
    <with-param name="SequenceName" value="ConfigurationManagementAPI_01_ConvertDeleteUserCMAPIRequestToIMAPIRequest_01"/>
    <with-param name="Message" value="Converted Configuration Management API DeleteUser Request to Identity Management API Request."/>
    <with-param name="LogLevel" value="INFO"/>
  </call-template>
</sequence>
