<?xml version="1.0" encoding="UTF-8"?>
<sequence
  name="ConfigurationManagementAPI_01_DeleteApplicationGroupOutSequence_01"
  trace="disable" xmlns="http://ws.apache.org/ns/synapse">
  <log level="full" separator="---=== ConfigurationManagementAPI_01_DeleteApplicationGroupOutSequence_01 ===---"/>
  <property description="SequenceType" name="MessageFrom"
    scope="default" type="STRING" value="AuthorizationPolicyAPI"/>
  <property description="SequenceType" name="MessageDestination"
    scope="default" type="STRING" value="Client"/>
  <filter regex="false" source="get-property('propertyCompare')">
    <then>
      <payloadFactory media-type="xml">
        <format>
          <DeleteApplicationGroupResponse xmlns="http://www.w-integrate.nl/xsd/w-alertconfigurationmanagement_01/requestresponse_001">
            <ResponseCode>W-0001</ResponseCode>
            <ResponseMessage>Application Group Does not Exist.</ResponseMessage>
          </DeleteApplicationGroupResponse>
        </format>
        <args/>
      </payloadFactory>
    </then>
    <else>
      <sequence key="ConfigurationManagementAPI_01_ConvertDeleteApplicationGroupAPAPIToCMAPIResponse_01"/>
      <filter regex="N-0000" source="//*[local-name()='ResponseCode']" xmlns:ns="http://org.apache.synapse/xsd">
        <then>
          <property expression="//ns3:DeleteApplicationGroupResponse"
            name="CMAPIResponse" scope="default" type="STRING" xmlns:ns3="http://www.w-integrate.nl/xsd/w-alertconfigurationmanagement_01/requestresponse_001"/>
          <payloadFactory media-type="xml">
            <format>
              <soapenv:Envelope xmlns:soapenv="http://schemas.xmlsoap.org/soap/envelope/">
                <soapenv:Body>$1</soapenv:Body>
              </soapenv:Envelope>
            </format>
            <args>
              <arg evaluator="xml" expression="get-property('InitialRequest')"/>
            </args>
          </payloadFactory>
          <xslt key="gov:nl/weintegrate/wealert/service/configurationmanagement/v1/xslt/ConfigurationManagementDeleteApplicationGroupToDSSRequest.xslt">
            <resource
              key="gov:nl/weintegrate/wealert/service/configurationmanagement/v1/xslt/ConfigurationManagementDeleteApplicationGroupToDSSRequest.xslt" location="ConfigurationManagementDeleteApplicationGroupToDSSRequest.xslt"/>
          </xslt>
          <property name="OUT_ONLY" scope="axis2" type="STRING" value="true"/>
          <header name="Action" scope="default" value="https://localhost:9445/services/ConfigurationManagementDataService.SecureSOAP11Endpoint/"/>
          <call>
            <endpoint key="gov:nl/weintegrate/wealert/service/configurationmanagement/v1/endpoint/ConfigurationManagementDataServiceEndpoint.xml"/>
          </call>
          <filter regex="SUCCESSFUL" source="//*[local-name()='REQUEST_STATUS']">
            <then>
              <payloadFactory media-type="xml">
                <format>
                  <soapenv:Envelope xmlns:soapenv="http://schemas.xmlsoap.org/soap/envelope/">
                    <soapenv:Body>$1</soapenv:Body>
                  </soapenv:Envelope>
                </format>
                <args>
                  <arg evaluator="xml" expression="get-property('CMAPIResponse')"/>
                </args>
              </payloadFactory>
            </then>
            <else>
              <payloadFactory media-type="xml">
                <format>
                  <ns2:DeleteApplicationGroupResponse xmlns:ns2="http://www.w-integrate.nl/xsd/w-alertconfigurationmanagement_01/requestresponse_001">
                    <ns2:ResponseCode>W-0001</ns2:ResponseCode>
                    <ns2:ResponseMessage>Success from Policy API but unable to remove group on datastore.</ns2:ResponseMessage>
                  </ns2:DeleteApplicationGroupResponse>
                </format>
                <args/>
              </payloadFactory>
            </else>
          </filter>
        </then>
        <else/>
      </filter>
    </else>
  </filter>
  <switch source="get-property('ResponseType')" xmlns:ns="http://org.apache.synapse/xsd">
    <case regex="application/xml">
      <header name="Accept" scope="transport" value="application/xml"/>
      <property description="ContentType" name="ContentType"
        scope="axis2" type="STRING" value="application/xml"/>
      <property description="messageType" name="messageType"
        scope="axis2" type="STRING" value="application/xml"/>
    </case>
    <case regex="application/json">
      <header name="Accept" scope="transport" value="application/json"/>
      <property description="ContentType" name="ContentType"
        scope="axis2" type="STRING" value="application/json"/>
      <property description="messageType" name="messageType"
        scope="axis2" type="STRING" value="application/json"/>
    </case>
    <default>
      <header name="Accept" scope="transport" value="application/xml"/>
      <property description="ContentType" name="ContentType"
        scope="axis2" type="STRING" value="application/xml"/>
      <property description="messageType" name="messageType"
        scope="axis2" type="STRING" value="application/xml"/>
    </default>
  </switch>
  <respond/>
</sequence>
