<?xml version="1.0" encoding="UTF-8"?>
<sequence name="ConfigurationManagementAPI_01_CreateUserOutSequence_01"
  trace="disable" xmlns="http://ws.apache.org/ns/synapse">
  <log level="full" separator="---=== ConfigurationManagementAPI_01_CreateUserOutSequence_01 ===---"/>
  <property name="MessageFrom" scope="default" type="STRING" value="IdentityManagementAPI"/>
  <property name="MessageDestination" scope="default" type="STRING" value="Client"/>
  <sequence key="ConfigurationManagementAPI_01_ConvertCreateUserIMAPIResponseToCMAPIResponse_01"/>
  <log level="full" separator="********************************************"/>
  <filter regex="N-0000" source="//*[local-name()='ResponseCode']" xmlns:ns="http://org.apache.synapse/xsd">
    <then>
      <property expression="//ns3:CreateUserResponse"
        name="CMAPIResponse" scope="default" type="STRING" xmlns:ns3="http://www.w-integrate.nl/xsd/w-alertconfigurationmanagement_01/requestresponse_001"/>
      <payloadFactory media-type="xml">
        <format>
          <soapenv:Envelope xmlns:soapenv="http://schemas.xmlsoap.org/soap/envelope/">
            <soapenv:Body>$1</soapenv:Body>
          </soapenv:Envelope>
        </format>
        <args>
          <arg evaluator="xml" expression="get-property('InitialRequest')"/>
        </args>
      </payloadFactory>
      <xslt key="gov:nl/weintegrate/wealert/service/configurationmanagement/v1/xslt/ConfigurationManagementCreateUserToDSSRequest.xslt">
        <resource
          key="gov:nl/weintegrate/wealert/service/configurationmanagement/v1/xslt/ConfigurationManagementCreateUserToDSSRequest.xslt" location="ConfigurationManagementCreateUserToDSSRequest.xslt"/>
      </xslt>
      <log level="full" separator="+++++++++++++++++++++++++++++++++++++++++"/>
      <property name="OUT_ONLY" scope="axis2" type="STRING" value="true"/>
      <header name="Action" scope="default" value="https://localhost:9445/services/ConfigurationManagementDataService.SecureSOAP11Endpoint/"/>
      <call>
        <endpoint key="gov:nl/weintegrate/wealert/service/configurationmanagement/v1/endpoint/ConfigurationManagementDataServiceEndpoint.xml"/>
      </call>
      <log level="full" separator="###############################################"/>
      <filter regex="SUCCESSFUL" source="//*[local-name()='REQUEST_STATUS']">
        <then>
          <payloadFactory media-type="xml">
            <format>
              <soapenv:Envelope xmlns:soapenv="http://schemas.xmlsoap.org/soap/envelope/">
                <soapenv:Body>$1</soapenv:Body>
              </soapenv:Envelope>
            </format>
            <args>
              <arg evaluator="xml" expression="get-property('CMAPIResponse')"/>
            </args>
          </payloadFactory>
        </then>
        <else>
          <payloadFactory media-type="xml">
            <format>
              <ns2:CreateUserResponse xmlns:ns2="http://www.w-integrate.nl/xsd/w-alertconfigurationmanagement_01/requestresponse_001">
                <ns2:ResponseCode>W-0001</ns2:ResponseCode>
                <ns2:ResponseMessage>User has been created but unable to make an entry at data store.</ns2:ResponseMessage>
              </ns2:CreateUserResponse>
            </format>
            <args/>
          </payloadFactory>
        </else>
      </filter>
    </then>
    <else/>
  </filter>
  <switch source="get-property('ResponseType')" xmlns:ns="http://org.apache.synapse/xsd">
    <case regex="application/xml">
      <header name="Accept" scope="transport" value="application/xml"/>
      <property name="ContentType" scope="axis2" type="STRING" value="application/xml"/>
      <property name="messageType" scope="axis2" type="STRING" value="application/xml"/>
    </case>
    <case regex="application/json">
      <header name="Accept" scope="transport" value="application/json"/>
      <property name="ContentType" scope="axis2" type="STRING" value="application/json"/>
      <property name="messageType" scope="axis2" type="STRING" value="application/json"/>
    </case>
    <default>
      <header name="Accept" scope="transport" value="application/xml"/>
      <property name="ContentType" scope="axis2" type="STRING" value="application/xml"/>
      <property name="messageType" scope="axis2" type="STRING" value="application/xml"/>
    </default>
  </switch>
  <respond/>
</sequence>
