<?xml version="1.0" encoding="UTF-8"?>
<sequence name="ConfigurationManagementAPI_01_GetTopicNameFaultSequence_01" trace="disable" xmlns="http://ws.apache.org/ns/synapse">
    <call-template description="Log-INFO" target="gov:com/commons/util/v1/templates/LoggerTemplate.xml">
        <with-param name="SequenceName" value="ConfigurationManagementAPI_01_GetTopicNameFaultSequence_01"/>
        <with-param name="Message" value="Error occurred in GetTopicName Configuration Management."/>
        <with-param name="LogLevel" value="INFO"/>
    </call-template>
    <switch source="get-property('ERROR_MESSAGE')">
        <case regex="Unable to perform XSLT transformation using.*">
            <property description="UserMessage" name="UserMessage" scope="default" type="STRING" value="An internal error has occurred while transforming the message."/>
        </case>
        <case regex="Unexpected error during sending message out.*">
            <property description="UserMessage" name="UserMessage" scope="default" type="STRING" value="Service is unavailable at this time. Please try again later."/>
        </case>
        <case regex="Error connecting to the back end.*">
            <property description="UserMessage" name="UserMessage" scope="default" type="STRING" value="Service is unavailable at this time. Please try again later."/>
        </case>
        <default>
            <property description="UserMessage" name="UserMessage" scope="default" type="STRING" value="An unexpected error has occurred."/>
        </default>
    </switch>
    <clone>
        <target>
            <sequence>
                <payloadFactory media-type="xml">
                    <format>
                        <ns2:GetTopicNameResponse xmlns:ns2="http://www.w-integrate.nl/xsd/w-alertconfigurationmanagement_01/requestresponse_001">
                            <ns2:ResponseCode>E-0001</ns2:ResponseCode>
                            <ns2:ResponseMessage>$1</ns2:ResponseMessage>
                        </ns2:GetTopicNameResponse>
                    </format>
                    <args>
                        <arg evaluator="xml" expression="get-property('ERROR_CODE')" xmlns:ns="http://org.apache.synapse/xsd"/>
                        <arg evaluator="xml" expression="get-property('UserMessage')" xmlns:ns="http://org.apache.synapse/xsd"/>
                    </args>
                </payloadFactory>
                <switch source="get-property('ResponseType')" xmlns:ns="http://org.apache.synapse/xsd">
                    <case regex="application/xml">
                        <header name="Accept" scope="transport" value="application/xml"/>
                        <property description="ContentType" name="ContentType" scope="axis2" type="STRING" value="application/xml"/>
                        <property description="messageType" name="messageType" scope="axis2" type="STRING" value="application/xml"/>
                    </case>
                    <case regex="application/json">
                        <header name="Accept" scope="transport" value="application/json"/>
                        <property description="ContentType" name="ContentType" scope="axis2" type="STRING" value="application/json"/>
                        <property description="messageType" name="messageType" scope="axis2" type="STRING" value="application/json"/>
                    </case>
                    <default>
                        <header name="Accept" scope="transport" value="application/xml"/>
                        <property description="ContentType" name="ContentType" scope="axis2" type="STRING" value="application/xml"/>
                        <property description="messageType" name="messageType" scope="axis2" type="STRING" value="application/xml"/>
                    </default>
                </switch>
                <property action="remove" name="NO_ENTITY_BODY" scope="axis2"/>
                <property name="HTTP_SC" scope="axis2" type="STRING" value="500"/>
                <respond/>
            </sequence>
        </target>
        <target>
            <sequence>
                <payloadFactory description="ErrorMessage" media-type="xml">
                    <format>
                        <err:Error xmlns:err="http://ws.apache.org/ns/synapse">
                            <Header>
                                <CMMHeader>
                                    <MessageTimeStamp>$5</MessageTimeStamp>
                                    <MessageId>$6</MessageId>
                                    <ComponentId>ConfigurationManagementAPI</ComponentId>
                                    <From>$1</From>
                                    <To>$2</To>
                                    <Operation>GetTopicNameConfigurationManagement</Operation>
                                    <Domain>wealert</Domain>
                                </CMMHeader>
                            </Header>
                            <ErrorCode>$7</ErrorCode>
                            <ErrorMessage>$3</ErrorMessage>
                            <ErrorDetail>$6</ErrorDetail>
                            <ErrorException>$4</ErrorException>
                        </err:Error>
                    </format>
                    <args>
                        <arg evaluator="xml" expression="get-property('MessageFrom')"/>
                        <arg evaluator="xml" expression="get-property('MessageDestination')"/>
                        <arg evaluator="xml" expression="get-property('ERROR_MESSAGE')"/>
                        <arg evaluator="xml" expression="get-property('ERROR_EXCEPTION')"/>
                        <arg evaluator="xml" expression="get-property('MessageTime')"/>
                        <arg evaluator="xml" expression="get-property('ERROR_DETAIL')"/>
                        <arg evaluator="xml" expression="get-property('ERROR_CODE')"/>
                        <arg evaluator="xml" expression="get-property('MessageId')"/>
                    </args>
                </payloadFactory>
                <log category="ERROR" level="full" separator="---=== Fault Sequence GetTopicNameConfigurationManagement ===---"/>
                <property name="OUT_ONLY" scope="default" type="STRING" value="true"/>
                <call>
                    <endpoint key="gov:nl/weintegrate/wealert/configurationmanagement/service/v1/endpoint/ConfigurationManagementErrorQueueEndpoint.xml"/>
                </call>
            </sequence>
        </target>
    </clone>
</sequence>
