<?xml version="1.0" encoding="UTF-8"?>
<sequence
  name="ConfigurationManagementAPI_01_DeleteUserGetGroupForUser_01"
  trace="disable" xmlns="http://ws.apache.org/ns/synapse">
  <payloadFactory media-type="xml">
    <format>
      <ns3:GetGroupForUserRequest xmlns:ns3="http://www.w-integrate.nl/xsd/w-alertconfigurationmanagement_01/requestresponse_001">
				$1
				<ns3:UserName>$2</ns3:UserName>
      </ns3:GetGroupForUserRequest>
    </format>
    <args>
      <arg evaluator="xml"
        expression="//ns3:DeleteUserRequest/ns3:CMMHeader"
        xmlns:ns="http://org.apache.synapse/xsd" xmlns:ns3="http://www.w-integrate.nl/xsd/w-alertconfigurationmanagement_01/requestresponse_001"/>
      <arg evaluator="xml"
        expression="//ns3:DeleteUserRequest/ns3:UserName"
        xmlns:ns="http://org.apache.synapse/xsd" xmlns:ns3="http://www.w-integrate.nl/xsd/w-alertconfigurationmanagement_01/requestresponse_001"/>
    </args>
  </payloadFactory>
  <property name="OUT_ONLY" scope="axis2" type="STRING" value="true"/>
  <call>
    <endpoint key="gov:nl/weintegrate/wealert/service/configurationmanagement/v1/endpoint/ConfigurationManagementAPIGetGroupForUserEndpoint.xml"/>
  </call>
</sequence>
