<?xml version="1.0" encoding="UTF-8"?>
<sequence
  name="ConfigurationManagementAPI_01_ValidateGetGroupForUserCDMRequest_01"
  trace="disable" xmlns="http://ws.apache.org/ns/synapse">
  <call-template description="Log-INFO" target="gov:com/commons/util/v1/templates/LoggerTemplate.xml">
    <with-param name="SequenceName" value="ConfigurationManagementAPI_01_ValidateGetGroupForUserCDMRequest_01"/>
    <with-param name="Message" value="Going to Validate GetGroupForUser CDM Request"/>
    <with-param name="LogLevel" value="INFO"/>
  </call-template>
  <validate source="//tns:GetGroupForUserRequest" xmlns:tns="http://www.w-integrate.nl/xsd/w-alertconfigurationmanagement_01/requestresponse_001">
    <schema key="gov:/nl/weintegrate/wealert/cdm/xsd/ConfigurationManagement_01_RequestResponse_001.xsd"/>
    <resource key="gov:/nl/weintegrate/wealert/cdm/xsd/User_01.xsd" location="User_01.xsd"/>
    <resource key="gov:/nl/weintegrate/wealert/cdm/xsd/Role_01.xsd" location="Role_01.xsd"/>
    <resource
      key="gov:/nl/weintegrate/wealert/cdm/xsd/Permission_01.xsd" location="Permission_01.xsd"/>
    <resource
      key="gov:/nl/weintegrate/wealert/cdm/xsd/Organization_01.xsd" location="Organization_01.xsd"/>
    <resource key="gov:/nl/weintegrate/wealert/cdm/xsd/CMMHeader_01.xsd" location="CMMHeader_01.xsd"/>
    <resource key="gov:/nl/weintegrate/wealert/cdm/xsd/Person_01.xsd" location="Person_01.xsd"/>
    <resource key="gov:/nl/weintegrate/wealert/cdm/xsd/Device_01.xsd" location="Device_01.xsd"/>
    <resource key="gov:/nl/weintegrate/wealert/cdm/xsd/Address_01.xsd" location="Address_01.xsd"/>
    <resource
      key="gov:/nl/weintegrate/wealert/cdm/xsd/CommunicationChannel_01.xsd" location="CommunicationChannel_01.xsd"/>
    <resource
      key="gov:/nl/weintegrate/wealert/cdm/xsd/ApplicationGroup_01.xsd" location="ApplicationGroup_01.xsd"/>
    <resource
      key="gov:/nl/weintegrate/wealert/cdm/xsd/AuthorizationPolicy_01.xsd" location="AuthorizationPolicy_01.xsd"/>
    <resource
      key="gov:/nl/weintegrate/wealert/cdm/xsd/Application_01.xsd" location="Application_01.xsd"/>
    <resource key="gov:/nl/weintegrate/wealert/cdm/xsd/RuleGroup_01.xsd" location="RuleGroup_01.xsd"/>
    <resource key="gov:/nl/weintegrate/wealert/cdm/xsd/Rule_01.xsd" location="Rule_01.xsd"/>
    <resource
      key="gov:/nl/weintegrate/wealert/cdm/xsd/ConditionGroup_01.xsd" location="ConditionGroup_01.xsd"/>
    <resource key="gov:/nl/weintegrate/wealert/cdm/xsd/Condition_01.xsd" location="Condition_01.xsd"/>
    <on-fail>
      <call-template description="Log-INFO" target="gov:com/commons/util/v1/templates/LoggerTemplate.xml">
        <with-param name="SequenceName" value="ConfigurationManagementAPI_01_ValidateGetGroupForUserCDMRequest_01"/>
        <with-param name="Message" value="Error occurred while validating Request."/>
        <with-param name="LogLevel" value="ERROR"/>
      </call-template>
      <clone>
        <target>
          <sequence>
            <payloadFactory media-type="xml">
              <format>
                <GetGroupForUserResponse xmlns="http://www.w-integrate.nl/xsd/identitymanagement_01/requestresponse_001">
                  <ResponseCode>E-0001</ResponseCode>
                  <ResponseMessage>Invalid GetGroupForUser Request.$1</ResponseMessage>
                </GetGroupForUserResponse>
              </format>
              <args>
                <arg evaluator="xml"
                  expression="get-property('ERROR_MESSAGE')" xmlns:ns="http://org.apache.synapse/xsd"/>
              </args>
            </payloadFactory>
            <switch source="get-property('ResponseType')" xmlns:ns="http://org.apache.synapse/xsd">
              <case regex="application/xml">
                <header name="Accept" scope="transport" value="application/xml"/>
                <property description="ContentType" name="ContentType"
                  scope="axis2" type="STRING" value="application/xml"/>
                <property description="messageType" name="messageType"
                  scope="axis2" type="STRING" value="application/xml"/>
              </case>
              <case regex="application/json">
                <header name="Accept" scope="transport" value="application/json"/>
                <property description="ContentType" name="ContentType"
                  scope="axis2" type="STRING" value="application/json"/>
                <property description="messageType" name="messageType"
                  scope="axis2" type="STRING" value="application/json"/>
              </case>
              <default>
                <header name="Accept" scope="transport" value="application/xml"/>
                <property description="ContentType" name="ContentType"
                  scope="axis2" type="STRING" value="application/xml"/>
                <property description="messageType" name="messageType"
                  scope="axis2" type="STRING" value="application/xml"/>
              </default>
            </switch>
            <property action="remove" name="NO_ENTITY_BODY" scope="axis2"/>
            <property name="HTTP_SC" scope="axis2" type="STRING" value="400"/>
            <respond/>
          </sequence>
        </target>
        <target>
          <sequence>
            <payloadFactory description="ErrorMessage" media-type="xml">
              <format>
                <err:Error xmlns:err="http://ws.apache.org/ns/synapse">
                  <Header>
                    <CMMHeader>
                      <MessageTimeStamp>$5</MessageTimeStamp>
                      <MessageId>$6</MessageId>
                      <ComponentId>ConfigurationManagementAPI</ComponentId>
                      <From>$1</From>
                      <To>$2</To>
                      <Operation>GetGroupForUser</Operation>
                      <Domain>wealert</Domain>
                    </CMMHeader>
                  </Header>
                  <ErrorCode>$7</ErrorCode>
                  <ErrorMessage>$3</ErrorMessage>
                  <ErrorDetail>$6</ErrorDetail>
                  <ErrorException>$4</ErrorException>
                </err:Error>
              </format>
              <args>
                <arg evaluator="xml"
                  expression="get-property('MessageFrom')" xmlns:ns="http://org.apache.synapse/xsd"/>
                <arg evaluator="xml"
                  expression="get-property('MessageDestination')" xmlns:ns="http://org.apache.synapse/xsd"/>
                <arg evaluator="xml"
                  expression="get-property('ERROR_MESSAGE')" xmlns:ns="http://org.apache.synapse/xsd"/>
                <arg evaluator="xml"
                  expression="get-property('ERROR_EXCEPTION')" xmlns:ns="http://org.apache.synapse/xsd"/>
                <arg evaluator="xml" expression="current-dateTime()" xmlns:ns="http://org.apache.synapse/xsd"/>
                <arg evaluator="xml"
                  expression="get-property('ERROR_DETAIL')" xmlns:ns="http://org.apache.synapse/xsd"/>
                <arg evaluator="xml"
                  expression="get-property('ERROR_CODE')" xmlns:ns="http://org.apache.synapse/xsd"/>
                <arg evaluator="xml"
                  expression="get-property('MessageID')" xmlns:ns="http://org.apache.synapse/xsd"/>
              </args>
            </payloadFactory>
            <log category="ERROR" level="full" separator="---=== Validation Error GetGroupForUser ===---"/>
            <property name="OUT_ONLY" scope="default" type="STRING" value="true"/>
            <call>
              <endpoint key="gov:nl/weintegrate/wealert/identitymanagement/service/v1/endpoint/IdentityManagementErrorQueueEndpoint.xml"/>
            </call>
          </sequence>
        </target>
      </clone>
    </on-fail>
  </validate>
  <call-template description="Log-INFO" target="gov:com/commons/util/v1/templates/LoggerTemplate.xml">
    <with-param name="SequenceName" value="ConfigurationManagementAPI_01_ValidateGetGroupForUserCDMRequest_01"/>
    <with-param name="Message" value="GetGroupForUser CDM Request validated successfully."/>
    <with-param name="LogLevel" value="INFO"/>
  </call-template>
</sequence>
