<?xml version="1.0" encoding="UTF-8"?>
<sequence
  name="ConfigurationManagementAPI_01_ConvertCreateClientAdminCMAPIRequestToIMAPIRequest_01"
  trace="disable" xmlns="http://ws.apache.org/ns/synapse">
  <filter description="CheckResponseType" regex="application/json" source="get-property('ResponseType')">
    <then>
      <xslt description="JSONXMLToConfigurationManamentRequest" key="gov:nl/weintegrate/wealert/service/configurationmanagement/v1/xslt/ConfigurationManagementCreateClientAdminJSONXMLToCMAPIRequest.xslt">
        <resource
          key="gov:nl/weintegrate/wealert/service/configurationmanagement/v1/xslt/ConfigurationManagementCreateClientAdminJSONXMLToCMAPIRequest.xslt" location="ConfigurationManagementCreateClientAdminJSONXMLToCMAPIRequest.xslt"/>
      </xslt>
      <log level="full" separator="Applied Transformation JSON XML to Configuration Management API CreateClientAdmin Request."/>
    </then>
    <else/>
  </filter>
  <property description="InitialRequest"
    expression="//ns3:CreateClientAdminRequest" name="InitialRequest"
    scope="default" type="STRING" xmlns:ns3="http://www.w-integrate.nl/xsd/w-alertconfigurationmanagement_01/requestresponse_001"/>
  <log level="custom">
    <property expression="get-property('InitialRequest')" name="InitialRequest2"/>
  </log>
  <call-template description="Log-INFO" target="gov:com/commons/util/v1/templates/LoggerTemplate.xml">
    <with-param name="SequenceName" value="ConfigurationManagementAPI_01_ConvertCreateClientAdminCMAPIRequestToIMAPIRequest_01"/>
    <with-param name="Message" value="Going to convert Configuration Management API CreateClientAdmin Request to Identity Management API Request."/>
    <with-param name="LogLevel" value="INFO"/>
  </call-template>
  <xslt
    description="CreateClientAdminConfigurationManagementAPIRequestToIdentityManagementAPIRequest" key="gov:nl/weintegrate/wealert/service/configurationmanagement/v1/xslt/ConfigurationManagementCreateClientAdminToIMAPIRequest.xslt">
    <resource
      key="gov:nl/weintegrate/wealert/service/configurationmanagement/v1/xslt/ConfigurationManagementCreateClientAdminToIMAPIRequest.xslt" location="ConfigurationManagementCreateClientAdminToIMAPIRequest.xslt"/>
  </xslt>
  <call-template description="Log-INFO" target="gov:com/commons/util/v1/templates/LoggerTemplate.xml">
    <with-param name="SequenceName" value="ConfigurationManagementAPI_01_ConvertCreateClientAdminCMAPIRequestToIMAPIRequest_01"/>
    <with-param name="Message" value="Converted Configuration Management API CreateClientAdmin Request to Identity Management API Request."/>
    <with-param name="LogLevel" value="INFO"/>
  </call-template>
</sequence>
