<?xml version="1.0" encoding="UTF-8"?>
<sequence name="ConfigurationManagementAPI_01_RegisterMobileGetGroup_01"
  trace="disable" xmlns="http://ws.apache.org/ns/synapse">
  <payloadFactory media-type="xml">
    <format>
      <ns0:GetApplicationGroupByUser
        xmlns:ns0="http://www.w-integrate.nl/xsd/w-alertconfigurationmanagementDSS_01/requestresponse_001"
        xmlns:xsi="http://www.w3.org/2001/XMLSchema-instance" xsi:schemaLocation="http://www.w-integrate.nl/xsd/w-alertconfigurationmanagementDSS_01/requestresponse_001 ConfigurationManagementDataService.xsd ">
        <ns0:UserId>$1</ns0:UserId>
      </ns0:GetApplicationGroupByUser>
    </format>
    <args>
      <arg evaluator="xml" expression="get-property('UserName')"/>
    </args>
  </payloadFactory>
  <property name="OUT_ONLY" scope="axis2" type="STRING" value="true"/>
  <property name="Accept" scope="transport" type="STRING" value="application/xml"/>
  <header name="Action" scope="default" value="https://localhost:9445/services/ConfigurationManagementDataService.SecureSOAP11Endpoint/"/>
  <call>
    <endpoint key="gov:nl/weintegrate/wealert/service/configurationmanagement/v1/endpoint/ConfigurationManagementDataServiceEndpoint.xml"/>
  </call>
</sequence>
