<?xml version="1.0" encoding="UTF-8"?>
<sequence
  name="ConfigurationManagementAPI_01_DeleteUserRemoveUserFromPolicy_01"
  trace="disable" xmlns="http://ws.apache.org/ns/synapse">
  <filter regex="true"
    source="boolean(//*[local-name()='ApplicationGroupName'])" xmlns:ns="http://org.apache.synapse/xsd">
    <then>
      <payloadFactory media-type="xml">
        <format>
          <Wrapper xmlns="">
            <InitialRequest>$1</InitialRequest>
            <DSSResponse>$2</DSSResponse>
          </Wrapper>
        </format>
        <args>
          <arg evaluator="xml"
            expression="get-property('InitialRequest')" xmlns:ns3="http://www.w-integrate.nl/xsd/w-alertconfigurationmanagement_01/requestresponse_001"/>
          <arg evaluator="xml"
            expression="//ns3:GetGroupForUserResponse/ns3:ApplicationGroup" xmlns:ns3="http://www.w-integrate.nl/xsd/w-alertconfigurationmanagement_01/requestresponse_001"/>
        </args>
      </payloadFactory>
      <xslt key="gov:nl/weintegrate/wealert/service/configurationmanagement/v1/xslt/ConfigurationManagementCreateRemoveUserFromPolicyRequest.xslt">
        <resource
          key="gov:nl/weintegrate/wealert/service/configurationmanagement/v1/xslt/ConfigurationManagementCreateRemoveUserFromPolicyRequest.xslt" location="ConfigurationManagementCreateRemoveUserFromPolicyRequest.xslt"/>
      </xslt>
      <property name="OUT_ONLY" scope="axis2" type="STRING" value="true"/>
      <call>
        <endpoint key="gov:nl/weintegrate/wealert/service/configurationmanagement/v1/endpoint/ConfigurationManagementRemoveUserFromPolicyAPAPIEndpoint.xml"/>
      </call>
      <filter regex="N-0000" source="//*[local-name()='ResponseCode']">
        <then/>
        <else>
          <payloadFactory media-type="xml">
            <format>
              <ns2:DeleteUserResponse xmlns:ns2="http://www.w-integrate.nl/xsd/w-alertconfigurationmanagement_01/requestresponse_001">
                <ns2:ResponseCode>E-0004</ns2:ResponseCode>
                <ns2:ResponseMessage>Unable to remove user from the policy.</ns2:ResponseMessage>
              </ns2:DeleteUserResponse>
            </format>
            <args/>
          </payloadFactory>
          <switch source="get-property('ResponseType')">
            <case regex="application/xml">
              <header name="Accept" scope="transport" value="application/xml"/>
              <property description="ContentType" name="ContentType"
                scope="axis2" type="STRING" value="application/xml"/>
              <property description="messageType" name="messageType"
                scope="axis2" type="STRING" value="application/xml"/>
            </case>
            <case regex="application/json">
              <header name="Accept" scope="transport" value="application/json"/>
              <property description="ContentType" name="ContentType"
                scope="axis2" type="STRING" value="application/json"/>
              <property description="messageType" name="messageType"
                scope="axis2" type="STRING" value="application/json"/>
            </case>
            <default>
              <header name="Accept" scope="transport" value="application/xml"/>
              <property description="ContentType" name="ContentType"
                scope="axis2" type="STRING" value="application/xml"/>
              <property description="messageType" name="messageType"
                scope="axis2" type="STRING" value="application/xml"/>
            </default>
          </switch>
          <respond/>
        </else>
      </filter>
    </then>
    <else/>
  </filter>
</sequence>
