<?xml version="1.0" encoding="UTF-8"?>
<sequence
  name="ConfigurationManagementAPI_01_ConvertAssignApplicationToGroupCMAPIRequestToDSSRequest_01"
  trace="disable" xmlns="http://ws.apache.org/ns/synapse">
  <call-template description="Log-INFO" target="gov:com/commons/util/v1/templates/LoggerTemplate.xml">
    <with-param name="SequenceName" value="ConfigurationManagementAPI_01_ConvertAssignApplicationToGroupCMAPIRequestToDSSRequest_01"/>
    <with-param name="Message" value="Going to convert Configuration Management API AssignApplicationToGroup Request to DSS Request."/>
    <with-param name="LogLevel" value="INFO"/>
  </call-template>
  <xslt
    description="ConfigurationManagementAssignApplicationToGroupCMToDSSRequest" key="gov:nl/weintegrate/wealert/service/configurationmanagement/v1/xslt/ConfigurationManagementAssignApplicationToGroupCMAPIRequestToDSSRequest.xslt">
    <resource
      key="gov:nl/weintegrate/wealert/service/configurationmanagement/v1/xslt/ConfigurationManagementAssignApplicationToGroupCMAPIRequestToDSSRequest.xslt" location="ConfigurationManagementAssignApplicationToGroupCMAPIRequestToDSSRequest.xslt"/>
  </xslt>
  <call-template description="Log-INFO" target="gov:com/commons/util/v1/templates/LoggerTemplate.xml">
    <with-param name="SequenceName" value="ConfigurationManagementAPI_01_ConvertAssignApplicationToGroupCMAPIRequestToDSSRequest_01"/>
    <with-param name="Message" value="Converted Configuration Management API AssignApplicationToGroup Request to DSS Request."/>
    <with-param name="LogLevel" value="INFO"/>
  </call-template>
</sequence>
