<diagram program="umletino" version="14.2"><zoom_level>10</zoom_level><element><id>UMLGeneric</id><coordinates><x>190</x><y>120</y><w>100</w><h>30</h></coordinates><panel_attributes>Webconsole</panel_attributes><additional_attributes></additional_attributes></element><element><id>UMLGeneric</id><coordinates><x>430</x><y>120</y><w>100</w><h>30</h></coordinates><panel_attributes>API Manager</panel_attributes><additional_attributes></additional_attributes></element><element><id>UMLGeneric</id><coordinates><x>650</x><y>120</y><w>120</w><h>30</h></coordinates><panel_attributes>ESB Component</panel_attributes><additional_attributes></additional_attributes></element><element><id>UMLGeneric</id><coordinates><x>910</x><y>120</y><w>120</w><h>30</h></coordinates><panel_attributes>Identity Server</panel_attributes><additional_attributes></additional_attributes></element><element><id>Relation</id><coordinates><x>230</x><y>140</y><w>30</w><h>490</h></coordinates><panel_attributes>lt=.</panel_attributes><additional_attributes>10;10;10;470</additional_attributes></element><element><id>Relation</id><coordinates><x>470</x><y>140</y><w>30</w><h>490</h></coordinates><panel_attributes>lt=.</panel_attributes><additional_attributes>10;10;10;470</additional_attributes></element><element><id>Relation</id><coordinates><x>700</x><y>140</y><w>30</w><h>460</h></coordinates><panel_attributes>lt=.</panel_attributes><additional_attributes>10;10;10;440</additional_attributes></element><element><id>Relation</id><coordinates><x>960</x><y>140</y><w>30</w><h>420</h></coordinates><panel_attributes>lt=.</panel_attributes><additional_attributes>10;10;10;400</additional_attributes></element><element><id>UMLGeneric</id><coordinates><x>230</x><y>170</y><w>20</w><h>90</h></coordinates><panel_attributes></panel_attributes><additional_attributes></additional_attributes></element><element><id>UMLGeneric</id><coordinates><x>470</x><y>180</y><w>20</w><h>340</h></coordinates><panel_attributes></panel_attributes><additional_attributes></additional_attributes></element><element><id>UMLGeneric</id><coordinates><x>700</x><y>200</y><w>20</w><h>80</h></coordinates><panel_attributes></panel_attributes><additional_attributes></additional_attributes></element><element><id>Relation</id><coordinates><x>240</x><y>180</y><w>250</w><h>60</h></coordinates><panel_attributes>lt=&lt;-
resetPassword
( RoleId, UserName, 
NewPassword, CientContext )</panel_attributes><additional_attributes>230;20;10;20</additional_attributes></element><element><id>Relation</id><coordinates><x>710</x><y>240</y><w>270</w><h>50</h></coordinates><panel_attributes>lt=&lt;-
getUserProfile
( ProfileName, UserName)</panel_attributes><additional_attributes>250;20;10;20</additional_attributes></element><element><id>UMLGeneric</id><coordinates><x>960</x><y>240</y><w>20</w><h>100</h></coordinates><panel_attributes></panel_attributes><additional_attributes></additional_attributes></element><element><id>Relation</id><coordinates><x>480</x><y>190</y><w>240</w><h>60</h></coordinates><panel_attributes>lt=&lt;-
resetPassword
( RoleId, UserName, 
NewPassword, CientContext )</panel_attributes><additional_attributes>220;20;10;20</additional_attributes></element><element><id>UMLGeneric</id><coordinates><x>700</x><y>310</y><w>20</w><h>170</h></coordinates><panel_attributes></panel_attributes><additional_attributes></additional_attributes></element><element><id>Relation</id><coordinates><x>710</x><y>310</y><w>270</w><h>40</h></coordinates><panel_attributes>lt=&lt;-
getUserProfileResponse</panel_attributes><additional_attributes>10;20;250;20</additional_attributes></element><element><id>Relation</id><coordinates><x>710</x><y>330</y><w>180</w><h>60</h></coordinates><panel_attributes>lt=&lt;-
validateUserHierarchy</panel_attributes><additional_attributes>10;40;40;40;40;10;10;10</additional_attributes></element><element><id>UMLGeneric</id><coordinates><x>960</x><y>380</y><w>20</w><h>70</h></coordinates><panel_attributes></panel_attributes><additional_attributes></additional_attributes></element><element><id>Relation</id><coordinates><x>710</x><y>380</y><w>270</w><h>40</h></coordinates><panel_attributes>lt=-&gt;
resetpassword(UserName, newpassword)</panel_attributes><additional_attributes>10;20;250;20</additional_attributes></element><element><id>Relation</id><coordinates><x>480</x><y>430</y><w>240</w><h>50</h></coordinates><panel_attributes>lt=&lt;-
fg=red
IAM-E-0006
Service Unavailable</panel_attributes><additional_attributes>10;20;220;20</additional_attributes></element><element><id>UMLGeneric</id><coordinates><x>230</x><y>470</y><w>20</w><h>60</h></coordinates><panel_attributes></panel_attributes><additional_attributes></additional_attributes></element><element><id>Relation</id><coordinates><x>240</x><y>470</y><w>250</w><h>50</h></coordinates><panel_attributes>lt=&lt;-
fg=red
IAM-E-0006
Service Unavailable</panel_attributes><additional_attributes>10;20;230;20</additional_attributes></element><element><id>Relation</id><coordinates><x>710</x><y>200</y><w>150</w><h>60</h></coordinates><panel_attributes>lt=&lt;-
validateUserRole</panel_attributes><additional_attributes>10;40;40;40;40;10;10;10</additional_attributes></element></diagram>