<?xml version="1.0" encoding="UTF-8"?><artifacts>
        <artifact name="CreateDeviceDataEndpoint" groupId="nl.weintegrate.wealert.api.devicemanagement.wso2.resource" version="1.0.0" type="registry/resource" serverRole="EnterpriseServiceBus">
        <item>
            <file>CreateDeviceDataEndpoint.xml</file>
            <path>/_system/governance/nl/weintegrate/wealert/service/devicemanagement/v1/endpoint</path>
            <mediaType/>
        </item>
    </artifact>
    <artifact name="GetDeviceUserRequestToDeviceDataRequest" groupId="nl.weintegrate.wealert.api.devicemanagement.wso2.resource" version="1.0.0" type="registry/resource" serverRole="EnterpriseServiceBus">
        <item>
            <file>GetDeviceUserRequestToDeviceDataRequest.xslt</file>
            <path>/_system/governance/nl/weintegrate/wealert/service/devicemanagement/v1/xslt</path>
            <mediaType/>
        </item>
    </artifact>
    <artifact name="UnregisterDeviceRequestToDeviceDataRequest" groupId="nl.weintegrate.wealert.api.devicemanagement.wso2.resource" version="1.0.0" type="registry/resource" serverRole="EnterpriseServiceBus">
        <item>
            <file>UnregisterDeviceRequestToDeviceDataRequest.xslt</file>
            <path>/_system/governance/nl/weintegrate/wealert/service/devicemanagement/v1/xslt</path>
            <mediaType/>
        </item>
    </artifact>
    <artifact name="GetDeviceDataRequestToJSONRequest" groupId="nl.weintegrate.wealert.api.devicemanagement.wso2.resource" version="1.0.0" type="registry/resource" serverRole="EnterpriseServiceBus">
        <item>
            <file>GetDeviceDataRequestToJSONRequest.xslt</file>
            <path>/_system/governance/nl/weintegrate/wealert/service/devicemanagement/v1/xslt</path>
            <mediaType/>
        </item>
    </artifact>
</artifacts>
