<?xml version="1.0" encoding="UTF-8"?>
<endpoint name="CreateDeviceDataEndpoint" xmlns="http://ws.apache.org/ns/synapse">
    <address format="soap11" uri="DSS_SERVER_URL/services/DeviceManagementData">
        <timeout>
            <duration>300000</duration>
            <responseAction>fault</responseAction>
        </timeout>
        <suspendOnFailure>
            <errorCodes>-1</errorCodes>
            <initialDuration>0</initialDuration>
            <progressionFactor>2.0</progressionFactor>
            <maximumDuration>0</maximumDuration>
        </suspendOnFailure>
        <markForSuspension>
            <errorCodes>-1</errorCodes>
        </markForSuspension>
    </address>
</endpoint>
