<?xml version="1.0" encoding="UTF-8"?>
<sequence
  name="IdentityManagementAPI_01_ConvertCreateUserIdentityManagementISResponseToCDMResponse_01"
  trace="disable" xmlns="http://ws.apache.org/ns/synapse">
  <call-template description="Log-INFO" target="gov:com/commons/util/v1/templates/LoggerTemplate.xml">
    <with-param name="SequenceName" value="IdentityManagementAPI_01_ConvertCreateUserIdentityManagementISResponseToCDMResponse_01"/>
    <with-param name="Message" value="Going to convert CreateUserIdentityManagement IS response to CDM response."/>
    <with-param name="LogLevel" value="INFO"/>
  </call-template>
  <xslt description="ISResponseToCDMResponse" key="gov:nl/weintegrate/wealert/service/identitymanagement/v1/xslt/CreateUserIdentityManagementISResponseToCDMResponse.xslt">
    <resource
      key="gov:nl/weintegrate/wealert/service/identitymanagement/v1/xslt/CreateUserIdentityManagementISResponseToCDMResponse.xslt" location="CreateUserIdentityManagementISResponseToCDMResponse.xslt"/>
  </xslt>
  <call-template description="Log-INFO" target="gov:com/commons/util/v1/templates/LoggerTemplate.xml">
    <with-param name="SequenceName" value="IdentityManagementAPI_01_ConvertCreateUserIdentityManagementISResponseToCDMResponse_01"/>
    <with-param name="Message" value="Converted IS response to CreateUserIdentityManagement CDM response successfully."/>
    <with-param name="LogLevel" value="INFO"/>
  </call-template>
</sequence>
