<?xml version="1.0" encoding="UTF-8"?>
<sequence
  name="IdentityManagementAPI_01_DeleteClientAdminOutSequence_01"
  trace="disable" xmlns="http://ws.apache.org/ns/synapse">
  <log level="full" separator="---=== IdentityManagementAPI_01_DeleteClientAdminOutSequence_01 ===---"/>
  <property description="SequenceType" name="MessageFrom"
    scope="default" type="STRING" value="IS"/>
  <property description="SequenceType" name="MessageDestination"
    scope="default" type="STRING" value="Client"/>
  <property expression="//*[local-name()='faultstring']"
    name="FaultString" scope="default" type="STRING"/>
  <filter xpath="fn:contains(get-property('axis2', 'HTTP_SC'),'202')">
    <then>
      <payloadFactory media-type="xml">
        <format>
          <DeleteClientAdminResponse xmlns="http://www.w-integrate.nl/xsd/identitymanagement_01/requestresponse_001">
            <ResponseCode>N-0000</ResponseCode>
            <ResponseMessage>Client Admin Is Successfully Deleted</ResponseMessage>
          </DeleteClientAdminResponse>
        </format>
        <args>
          <arg evaluator="xml"
            expression="get-property('axis2', 'HTTP_SC')" xmlns:ns="http://org.apache.synapse/xsd"/>
        </args>
      </payloadFactory>
    </then>
    <else>
      <filter xpath="fn:contains(get-property('ClientAdminId'),'')">
        <then>
          <payloadFactory media-type="xml">
            <format>
              <DeleteClientAdminResponse xmlns="http://www.w-integrate.nl/xsd/identitymanagement_01/requestresponse_001">
                <ResponseCode>W-0001</ResponseCode>
                <ResponseMessage>Client Admin Id Doesnot Exist</ResponseMessage>
              </DeleteClientAdminResponse>
            </format>
            <args>
              <arg evaluator="xml"
                expression="get-property('axis2', 'HTTP_SC')" xmlns:ns="http://org.apache.synapse/xsd"/>
            </args>
          </payloadFactory>
        </then>
        <else>
          <payloadFactory media-type="xml">
            <format>
              <DeleteClientAdminResponse xmlns="http://www.w-integrate.nl/xsd/identitymanagement_01/requestresponse_001">
                <ResponseCode>E-0008</ResponseCode>
                <ResponseMessage>Internal Server Error</ResponseMessage>
              </DeleteClientAdminResponse>
            </format>
            <args>
              <arg evaluator="xml"
                expression="get-property('axis2', 'HTTP_SC')" xmlns:ns="http://org.apache.synapse/xsd"/>
            </args>
          </payloadFactory>
        </else>
      </filter>
    </else>
  </filter>
  <switch source="get-property('ResponseType')" xmlns:ns="http://org.apache.synapse/xsd">
    <case regex="application/xml">
      <header name="Accept" scope="transport" value="application/xml"/>
      <property description="ContentType" name="ContentType"
        scope="axis2" type="STRING" value="application/xml"/>
      <property description="messageType" name="messageType"
        scope="axis2" type="STRING" value="application/xml"/>
    </case>
    <case regex="application/json">
      <header name="Accept" scope="transport" value="application/json"/>
      <property description="ContentType" name="ContentType"
        scope="axis2" type="STRING" value="application/json"/>
      <property description="messageType" name="messageType"
        scope="axis2" type="STRING" value="application/json"/>
    </case>
    <default>
      <header name="Accept" scope="transport" value="application/xml"/>
      <property description="ContentType" name="ContentType"
        scope="axis2" type="STRING" value="application/xml"/>
      <property description="messageType" name="messageType"
        scope="axis2" type="STRING" value="application/xml"/>
    </default>
  </switch>
  <property name="FAULTS_AS_HTTP_200" scope="axis2" type="STRING" value="true"/>
  <property name="SC_ACCEPTED" scope="axis2" type="STRING" value="false"/>
  <property name="HTTP_SC" scope="axis2" type="STRING" value="200"/>
  <respond/>
</sequence>
