<?xml version="1.0" encoding="UTF-8"?>
<sequence
  name="IdentityManagementAPI_01_UpdateUserIdentityManagementOutSequence_01"
  trace="disable" xmlns="http://ws.apache.org/ns/synapse">
  <log description="Request-Log" level="full" separator="---=== IdentityManagementAPI_01_UpdateUserIdentityManagementOutSequence_01 ===---"/>
  <property description="SequenceType" name="MessageFrom"
    scope="default" type="STRING" value="IS"/>
  <property description="SequenceType" name="MessageDestination"
    scope="default" type="STRING" value="Client"/>
  <property description="FaultString"
    expression="//*[local-name()='faultstring']" name="FaultString"
    scope="default" type="STRING"/>
  <filter xpath="fn:contains(get-property('axis2', 'HTTP_SC'),'202')">
    <then>
      <payloadFactory media-type="xml">
        <format>
          <UpdateUserResponse xmlns="http://www.w-integrate.nl/xsd/identitymanagement_01/requestresponse_001">
            <ResponseCode>N-0000</ResponseCode>
            <ResponseMessage>Success with No Errors or Warnings</ResponseMessage>
          </UpdateUserResponse>
        </format>
        <args/>
      </payloadFactory>
    </then>
    <else>
      <filter xpath="fn:contains(get-property('FaultString'),'UserNotFound')">
        <then>
          <payloadFactory media-type="xml">
            <format>
              <UpdateUserResponse xmlns="http://www.w-integrate.nl/xsd/identitymanagement_01/requestresponse_001">
                <ResponseCode>W-0001</ResponseCode>
                <ResponseMessage>User does not exist.</ResponseMessage>
              </UpdateUserResponse>
            </format>
            <args>
              <arg evaluator="xml"
                expression="get-property('FaultString')" xmlns:ns="http://org.apache.synapse/xsd"/>
            </args>
          </payloadFactory>
        </then>
        <else>
          <payloadFactory media-type="xml">
            <format>
              <CreateUserResponse xmlns="http://www.w-integrate.nl/xsd/identitymanagement_01/requestresponse_001">
                <ResponseCode>E-0001</ResponseCode>
                <ResponseMessage>Internal Server Error. $1</ResponseMessage>
              </CreateUserResponse>
            </format>
            <args>
              <arg evaluator="xml"
                expression="get-property('FaultString')" xmlns:ns="http://org.apache.synapse/xsd"/>
            </args>
          </payloadFactory>
        </else>
      </filter>
    </else>
  </filter>
  <!-- <sequence key="IdentityManagementAPI_01_ConvertUpdateUserIdentityManagementISResponseToCDMResponse_01"/>
  <sequence key="IdentityManagementAPI_01_ValidateUpdateUserIdentityManagementCDMResponse_01"/>
   -->
  <switch source="get-property('ResponseType')" xmlns:ns="http://org.apache.synapse/xsd">
    <case regex="application/xml">
      <header name="Accept" scope="transport" value="application/xml"/>
      <property description="ContentType" name="ContentType"
        scope="axis2" type="STRING" value="application/xml"/>
      <property description="messageType" name="messageType"
        scope="axis2" type="STRING" value="application/xml"/>
    </case>
    <case regex="application/json">
      <header name="Accept" scope="transport" value="application/json"/>
      <property description="ContentType" name="ContentType"
        scope="axis2" type="STRING" value="application/json"/>
      <property description="messageType" name="messageType"
        scope="axis2" type="STRING" value="application/json"/>
    </case>
    <default>
      <header name="Accept" scope="transport" value="application/xml"/>
      <property description="ContentType" name="ContentType"
        scope="axis2" type="STRING" value="application/xml"/>
      <property description="messageType" name="messageType"
        scope="axis2" type="STRING" value="application/xml"/>
    </default>
  </switch>
  <property description="HTTP_200" name="FAULTS_AS_HTTP_200"
    scope="axis2" type="STRING" value="true"/>
  <property description="HTTP_SC" name="SC_ACCEPTED" scope="axis2"
    type="STRING" value="false"/>
  <property name="HTTP_SC" scope="axis2" type="STRING" value="200"/>
  <respond/>
</sequence>
