<?xml version="1.0" encoding="UTF-8"?>
<sequence xmlns="http://ws.apache.org/ns/synapse" name="IdentityManagementAPI_01_GetRoleIdentityManagementInSequence_01">
	<log level="full" separator="---=== IdentityManagementAPI_01_GetRoleIdentityManagementInSequence_01 ===---"/>
	<property name="RequestOperationName" value="GetRoleIdentityManagement" scope="default" type="STRING" description="OperationName"/>	<property name="MessageFrom" value="Client" scope="default" type="STRING" description="MessageFrom"/>	<property name="MessageDestination" value="IS" scope="default" type="STRING" description="MessageDestination"/>	<property xmlns:ns="http://org.apache.synapse/xsd" name="ResponseType" expression="get-property('transport', 'Accept')" scope="default" type="STRING" description="ResponseType"/>
	<property name="ContentType" value="application/xml" scope="axis2" type="STRING" description="ContentType"/>
	<property name="messageType" value="application/xml" scope="axis2" type="STRING" description="messageType"/>
	<sequence key="IdentityManagementAPI_01_ValidateGetRoleIdentityManagementCDMRequest_01"/>
	<sequence key="IdentityManagementAPI_01_ConvertGetRoleIdentityManagementCDMRequestToISRequest_01"/>
<sequence key="IdentityManagementAPI_01_SendRequestToIS_01"/></sequence>
