<?xml version="1.0" encoding="UTF-8"?>
<sequence
  name="IdentityManagementAPI_01_GetClientAdminUserListOutSequence_01"
  trace="disable" xmlns="http://ws.apache.org/ns/synapse">
  <log level="full" separator="---=== IdentityManagementAPI_01_GetClientAdminUserListOutSequence_01 ===---"/>
  <property description="SequenceType" name="MessageFrom"
    scope="default" type="STRING" value="IS"/>
  <property description="SequenceType" name="MessageDestination"
    scope="default" type="STRING" value="Client"/>
  <property expression="//*[local-name()='faultstring']"
    name="FaultString" scope="default" type="STRING"/>
  <filter xpath="//*[local-name()='listUsersResponse']!=''">
    <then>
      <sequence key="IdentityManagementAPI_01_ConvertGetClientAdminUserListISResponseToCDMResponse_01"/>
      <sequence key="IdentityManagementAPI_01_ValidateGetClientAdminUserListCDMResponse_01"/>
    </then>
    <else>
      <filter xpath="fn:contains(get-property('FaultString'),'Access Denied. Authentication failed')">
        <then>
          <payloadFactory media-type="xml">
            <format>
              <GetClientAdminUserListResponse xmlns="http://www.w-integrate.nl/xsd/identitymanagement_01/requestresponse_001">
                <ResponseCode>W-0001</ResponseCode>
                <ResponseMessage>No ClientAdmin found</ResponseMessage>
              </GetClientAdminUserListResponse>
            </format>
            <args/>
          </payloadFactory>
        </then>
        <else>
          <payloadFactory media-type="xml">
            <format>
              <GetClientAdminUserListResponse xmlns="http://www.w-integrate.nl/xsd/identitymanagement_01/requestresponse_001">
                <ResponseCode>E-0001</ResponseCode>
                <ResponseMessage>Internal Server Error. $1. $2</ResponseMessage>
              </GetClientAdminUserListResponse>
            </format>
            <args>
              <arg evaluator="xml"
                expression="get-property('ERROR_MESSAGE')" xmlns:ns="http://org.apache.synapse/xsd"/>
              <arg evaluator="xml"
                expression="get-property('FaultString')" xmlns:ns="http://org.apache.synapse/xsd"/>
            </args>
          </payloadFactory>
        </else>
      </filter>
    </else>
  </filter>
  <property name="FAULTS_AS_HTTP_200" scope="axis2" type="STRING" value="true"/>
  <property name="SC_ACCEPTED" scope="axis2" type="STRING" value="false"/>
  <property name="HTTP_SC" scope="axis2" type="STRING" value="200"/>
  <respond/>
</sequence>
