<?xml version="1.0" encoding="UTF-8"?>
<sequence
  name="IdentityManagementAPI_01_CreateClientAdminOutSequence_01"
  trace="disable" xmlns="http://ws.apache.org/ns/synapse">
  <log level="full" separator="---=== IdentityManagementAPI_01_CreateClientAdminOutSequence_01 ===---"/>
  <property description="SequenceType" name="MessageFrom"
    scope="default" type="STRING" value="IS"/>
  <property description="SequenceType" name="MessageDestination"
    scope="default" type="STRING" value="Client"/>
  <property expression="//*[local-name()='Text']" name="FaultString"
    scope="default" type="STRING"/>
  <filter xpath="//*[local-name()='addTenantResponse']!=''">
    <then>
      <payloadFactory media-type="xml">
        <format>
          <requestresponse:CreateRoleRequest
            xmlns:address="http://www.w-integrate.nl/cdm/xsd/address_01"
            xmlns:application="http://www.w-integrate.nl/cdm/xsd/application_01"
            xmlns:applicationgroup="http://www.w-integrate.nl/cdm/xsd/applicationgroup_01"
            xmlns:channel="http://www.w-integrate.nl/cdm/xsd/communicationchannel_01"
            xmlns:cmmheader="http://www.w-integrate.nl/cmm/xsd/cmmheader_01"
            xmlns:condition="http://www.w-integrate.nl/cdm/xsd/condition_01"
            xmlns:conditiongroup="http://www.w-integrate.nl/cdm/xsd/conditiongroup_01"
            xmlns:device="http://www.w-integrate.nl/cdm/xsd/device_01"
            xmlns:organization="http://www.w-integrate.nl/cdm/xsd/organization_01"
            xmlns:permission="http://www.w-integrate.nl/cdm/xsd/permission_01"
            xmlns:person="http://www.w-integrate.nl/cdm/xsd/person_01"
            xmlns:policy="http://www.w-integrate.nl/cdm/xsd/authorizationpolicy_01"
            xmlns:requestresponse="http://www.w-integrate.nl/xsd/identitymanagement_01/requestresponse_001"
            xmlns:role="http://www.w-integrate.nl/cdm/xsd/role_01"
            xmlns:rule="http://www.w-integrate.nl/cdm/xsd/rule_01"
            xmlns:rulegroup="http://www.w-integrate.nl/cdm/xsd/rulegroup_01" xmlns:user="http://www.w-integrate.nl/cdm/xsd/user_01">
            <requestresponse:CMMHeader>
              <cmmheader:ClientUserName>$1@$3</cmmheader:ClientUserName>
              <cmmheader:ClientPassword>$2</cmmheader:ClientPassword>
              <cmmheader:ClientDomain>$3</cmmheader:ClientDomain>
            </requestresponse:CMMHeader>
            <requestresponse:Role>
              <role:RoleName>MemberRole</role:RoleName>
              <role:Rolepermission>
                <permission:PermissionId>1</permission:PermissionId>
                <permission:PermissionName>configure/entitlement/pdp/manage</permission:PermissionName>
              </role:Rolepermission>
              <role:Rolepermission>
                <permission:PermissionId>2</permission:PermissionId>
                <permission:PermissionName>configure/entitlement/pdp/view</permission:PermissionName>
              </role:Rolepermission>
              <role:Rolepermission>
                <permission:PermissionId>3</permission:PermissionId>
                <permission:PermissionName>configure/entitlement/policy</permission:PermissionName>
              </role:Rolepermission>
              <role:Rolepermission>
                <permission:PermissionId>4</permission:PermissionId>
                <permission:PermissionName>admin/login</permission:PermissionName>
              </role:Rolepermission>
            </requestresponse:Role>
          </requestresponse:CreateRoleRequest>
        </format>
        <args>
          <arg evaluator="xml"
            expression="get-property('ClientAdminUserName')" xmlns:ns="http://org.apache.synapse/xsd"/>
          <arg evaluator="xml"
            expression="get-property('ClientAdminPassword')" xmlns:ns="http://org.apache.synapse/xsd"/>
          <arg evaluator="xml" expression="get-property('ClientDomain')" xmlns:ns="http://org.apache.synapse/xsd"/>
        </args>
      </payloadFactory>
      <header name="Accept" scope="transport" value="application/xml"/>
      <property description="ContentType" name="ContentType"
        scope="axis2" type="STRING" value="application/xml"/>
      <property description="messageType" name="messageType"
        scope="axis2" type="STRING" value="application/xml"/>
      <property description="OutOnly" name="OUT_ONLY" scope="axis2"
        type="STRING" value="false"/>
      <call>
        <endpoint key="gov:nl/weintegrate/wealert/service/identitymanagement/v1/endpoint/IdentityManagementAPICreateRoleEndpoint.xml"/>
      </call>
      <log level="full" separator="---=== CreateRoleResponse ===---"/>
      <filter xpath="fn:contains(//*[local-name()='ResponseCode'],'N-0000')">
        <then>
          <payloadFactory media-type="xml">
            <format>
              <xsd:setGlobalPolicyAlgorithm xmlns:xsd="http://org.apache.axis2/xsd">
                <xsd:policyCombiningAlgorithm>permit-overrides</xsd:policyCombiningAlgorithm>
              </xsd:setGlobalPolicyAlgorithm>
            </format>
            <args/>
          </payloadFactory>
          <property description="Authorization"
            expression="fn:concat('Basic ',base64Encode(fn:concat(get-property('ConcatenatedUserNameWithClientDomain'),':',get-property('ClientAdminPassword'))))"
            name="Authorization" scope="transport" type="STRING" xmlns:ns="http://org.apache.synapse/xsd"/>
          <header name="Action" scope="default" value="IDENTITY_SERVER_URL/services/EntitlementAdminService.EntitlementAdminServiceHttpsSoap11Endpoint/"/>
          <call>
            <endpoint>
              <address format="soap11" trace="disable" uri="IDENTITY_SERVER_URL/services/EntitlementAdminService.EntitlementAdminServiceHttpsSoap11Endpoint/">
                <timeout>
                  <duration>30000</duration>
                  <responseAction>fault</responseAction>
                </timeout>
                <suspendOnFailure>
                  <initialDuration>1000</initialDuration>
                  <progressionFactor>2.0</progressionFactor>
                  <maximumDuration>64000</maximumDuration>
                </suspendOnFailure>
                <markForSuspension>
                  <errorCodes>101504,101505,101500,101501,101506,101507,101508</errorCodes>
                  <retriesBeforeSuspension>60</retriesBeforeSuspension>
                  <retryDelay>300000</retryDelay>
                </markForSuspension>
              </address>
            </endpoint>
          </call>
          <log level="full" separator="---=== setGlobalPolicyAlgorithm Response ===---"/>
          <property expression="//*[local-name()='return']"
            name="Return" scope="default" type="STRING"/>
          <filter xpath="fn:contains(get-property('Return'),'true')">
            <then>
              <payloadFactory media-type="xml">
                <format>
                  <CreateClientAdminResponse xmlns="http://www.w-integrate.nl/xsd/identitymanagement_01/requestresponse_001">
                    <ResponseCode>N-0000</ResponseCode>
                    <ResponseMessage>Success with No Errors or Warnings</ResponseMessage>
                  </CreateClientAdminResponse>
                </format>
                <args/>
              </payloadFactory>
            </then>
            <else>
              <payloadFactory media-type="xml">
                <format>
                  <CreateClientAdminResponse xmlns="http://www.w-integrate.nl/xsd/identitymanagement_01/requestresponse_001">
                    <ResponseCode>E-0001</ResponseCode>
                    <ResponseMessage>Internal Server Error. $1. $2</ResponseMessage>
                  </CreateClientAdminResponse>
                </format>
                <args>
                  <arg evaluator="xml"
                    expression="get-property('ERROR_MESSAGE')" xmlns:ns="http://org.apache.synapse/xsd"/>
                  <arg evaluator="xml"
                    expression="get-property('FaultString')" xmlns:ns="http://org.apache.synapse/xsd"/>
                </args>
              </payloadFactory>
            </else>
          </filter>
        </then>
        <else>
          <payloadFactory media-type="xml">
            <format>
              <CreateClientAdminResponse xmlns="http://www.w-integrate.nl/xsd/identitymanagement_01/requestresponse_001">
                <ResponseCode>W-0002</ResponseCode>
                <ResponseMessage>ClientAdmin is Created Successfully. Please add Member Role Manually for the Client.$1</ResponseMessage>
              </CreateClientAdminResponse>
            </format>
            <args>
              <arg evaluator="xml"
                expression="get-property('ResponseMessage')" xmlns:ns="http://org.apache.synapse/xsd"/>
            </args>
          </payloadFactory>
        </else>
      </filter>
    </then>
    <else>
      <filter xpath="fn:contains(//*[local-name()='Message'],'Domain is not available to register')">
        <then>
          <payloadFactory media-type="xml">
            <format>
              <CreateClientAdminResponse xmlns="http://www.w-integrate.nl/xsd/identitymanagement_01/requestresponse_001">
                <ResponseCode>W-0001</ResponseCode>
                <ResponseMessage>Client domain is not available to register</ResponseMessage>
              </CreateClientAdminResponse>
            </format>
            <args/>
          </payloadFactory>
        </then>
        <else>
          <payloadFactory media-type="xml">
            <format>
              <CreateClientAdminResponse xmlns="http://www.w-integrate.nl/xsd/identitymanagement_01/requestresponse_001">
                <ResponseCode>E-0001</ResponseCode>
                <ResponseMessage>Internal Server Error. $1. $2</ResponseMessage>
              </CreateClientAdminResponse>
            </format>
            <args>
              <arg evaluator="xml"
                expression="get-property('ERROR_MESSAGE')" xmlns:ns="http://org.apache.synapse/xsd"/>
              <arg evaluator="xml"
                expression="get-property('FaultString')" xmlns:ns="http://org.apache.synapse/xsd"/>
            </args>
          </payloadFactory>
        </else>
      </filter>
    </else>
  </filter>
  <switch source="get-property('ResponseType')" xmlns:ns="http://org.apache.synapse/xsd">
    <case regex="application/xml">
      <header name="Accept" scope="transport" value="application/xml"/>
      <property description="ContentType" name="ContentType"
        scope="axis2" type="STRING" value="application/xml"/>
      <property description="messageType" name="messageType"
        scope="axis2" type="STRING" value="application/xml"/>
    </case>
    <case regex="application/json">
      <header name="Accept" scope="transport" value="application/json"/>
      <property description="ContentType" name="ContentType"
        scope="axis2" type="STRING" value="application/json"/>
      <property description="messageType" name="messageType"
        scope="axis2" type="STRING" value="application/json"/>
    </case>
    <default>
      <header name="Accept" scope="transport" value="application/xml"/>
      <property description="ContentType" name="ContentType"
        scope="axis2" type="STRING" value="application/xml"/>
      <property description="messageType" name="messageType"
        scope="axis2" type="STRING" value="application/xml"/>
    </default>
  </switch>
  <property name="FAULTS_AS_HTTP_200" scope="axis2" type="STRING" value="true"/>
  <property name="SC_ACCEPTED" scope="axis2" type="STRING" value="false"/>
  <property name="HTTP_SC" scope="axis2" type="STRING" value="200"/>
  <respond/>
</sequence>
