<?xml version="1.0" encoding="UTF-8"?>
<sequence xmlns="http://ws.apache.org/ns/synapse" name="IdentityManagementAPI_01_ConvertAssignRoleIdentityManagementCDMRequestToISRequest_01">
	<call-template target="gov:com/commons/util/v1/templates/LoggerTemplate.xml" description="Log-INFO">
		<with-param name="SequenceName" value="IdentityManagementAPI_01_ConvertAssignRoleIdentityManagementCDMRequestToISRequest_01"/>
		<with-param name="Message" value="Going to convert AssignRoleIdentityManagement CDM request to IS request."/>
		<with-param name="LogLevel" value="INFO"/>
	</call-template>
	<xslt key="gov:nl/weintegrate/wealert/service/identitymanagement/v1/xslt/AssignRoleIdentityManagementCDMRequestToISRequest.xslt" description="CDMToISRequest">
		<resource location="AssignRoleIdentityManagementCDMRequestToISRequest.xslt" key="gov:nl/weintegrate/wealert/service/identitymanagement/v1/xslt/AssignRoleIdentityManagementCDMRequestToISRequest.xslt"/>
	</xslt>
	<call-template target="gov:com/commons/util/v1/templates/LoggerTemplate.xml" description="Log-INFO">
		<with-param name="SequenceName" value="IdentityManagementAPI_01_ConvertAssignRoleIdentityManagementCDMRequestToISRequest_01"/>
		<with-param name="Message" value="Converted AssignRoleIdentityManagement CDM request to IS request successfully."/>
		<with-param name="LogLevel" value="INFO"/>
		</call-template>
</sequence>
