<?xml version="1.0" encoding="UTF-8"?>
<sequence
  name="IdentityManagementAPI_01_GetClientAdminUserListInSequence_01"
  trace="disable" xmlns="http://ws.apache.org/ns/synapse">
  <log level="full" separator="---=== IdentityManagementAPI_01_GetClientAdminUserListInSequence_01 ===---"/>
  <property description="ClientUserName"
    expression="//*[local-name()='ClientUserName']"
    name="ClientUserName" scope="default" type="STRING" xmlns:ns="http://org.apache.synapse/xsd"/>
  <property description="ClientPassword"
    expression="//*[local-name()='ClientPassword']"
    name="ClientPassword" scope="default" type="STRING" xmlns:ns="http://org.apache.synapse/xsd"/>
  <property description="OperationName" name="RequestOperationName"
    scope="default" type="STRING" value="GetClientAdminUserList"/>
  <property description="MessageFrom" name="MessageFrom" scope="default"
    type="STRING" value="Client"/>
  <property description="MessageDestination" name="MessageDestination"
    scope="default" type="STRING" value="IS"/>
  <property description="ResponseType"
    expression="get-property('transport', 'Accept')" name="ResponseType"
    scope="default" type="STRING" xmlns:ns="http://org.apache.synapse/xsd"/>
  <property description="ContentType" name="ContentType" scope="axis2"
    type="STRING" value="application/xml"/>
  <property description="messageType" name="messageType" scope="axis2"
    type="STRING" value="application/xml"/>
  <sequence key="IdentityManagementAPI_01_ValidateGetClientAdminUserListCDMRequest_01"/>
  <payloadFactory media-type="xml">
    <format>
      <soapenv:Envelope
        xmlns:soapenv="http://schemas.xmlsoap.org/soap/envelope/" xmlns:xsd="http://org.apache.axis2/xsd">
        <soapenv:Header/>
        <soapenv:Body>
          <xsd:listUsers>
            <!--Optional:-->
            <xsd:filter>*</xsd:filter>
            <!--Optional:-->
            <xsd:limit>1000</xsd:limit>
          </xsd:listUsers>
        </soapenv:Body>
      </soapenv:Envelope>
    </format>
    <args/>
  </payloadFactory>
  <sequence key="IdentityManagementAPI_01_SendRequestToIS_01"/>
</sequence>
