<?xml version="1.0" encoding="UTF-8"?>
<sequence xmlns="http://ws.apache.org/ns/synapse" name="IdentityManagementAPI_01_ConvertUpdateUserIdentityManagementISResponseToCDMResponse_01">
	<call-template target="gov:com/commons/util/v1/templates/LoggerTemplate.xml" description="Log-INFO">
		<with-param name="SequenceName" value="IdentityManagementAPI_01_ConvertUpdateUserIdentityManagementISResponseToCDMResponse_01"/>
		<with-param name="Message" value="Going to convert UpdateUserIdentityManagement IS response to CDM response."/>
		<with-param name="LogLevel" value="INFO"/>
	</call-template>
	<xslt key="gov:nl/weintegrate/wealert/service/identitymanagement/v1/xslt/UpdateUserIdentityManagementISResponseToCDMResponse.xslt" description="ISResponseToCDMResponse">
		<resource location="UpdateUserIdentityManagementISResponseToCDMResponse.xslt" key="gov:nl/weintegrate/wealert/service/identitymanagement/v1/xslt/UpdateUserIdentityManagementISResponseToCDMResponse.xslt"/>
	</xslt>
	<call-template target="gov:com/commons/util/v1/templates/LoggerTemplate.xml" description="Log-INFO">
		<with-param name="SequenceName" value="IdentityManagementAPI_01_ConvertUpdateUserIdentityManagementISResponseToCDMResponse_01"/>
		<with-param name="Message" value="Converted IS response to UpdateUserIdentityManagement CDM response successfully."/>
		<with-param name="LogLevel" value="INFO"/>
		</call-template>
</sequence>
