<?xml version="1.0" encoding="UTF-8"?>
<sequence
  name="IdentityManagementAPI_01_ConvertGetRoleUserListISResponseToCDMResponse_01"
  trace="disable" xmlns="http://ws.apache.org/ns/synapse">
  <call-template description="Log-INFO" target="gov:com/commons/util/v1/templates/LoggerTemplate.xml">
    <with-param name="SequenceName" value="IdentityManagementAPI_01_ConvertGetRoleUserListISResponseToCDMResponse_01"/>
    <with-param name="Message" value="Going to convert GetRoleUserList IS response to CDM response."/>
    <with-param name="LogLevel" value="INFO"/>
  </call-template>
  <xslt description="ISResponseToCDMResponse" key="gov:nl/weintegrate/wealert/service/identitymanagement/v1/xslt/GetRoleUserListISResponseToCDMResponse.xslt">
    <resource
      key="gov:nl/weintegrate/wealert/service/identitymanagement/v1/xslt/GetRoleUserListISResponseToCDMResponse.xslt" location="GetRoleUserListISResponseToCDMResponse.xslt"/>
  </xslt>
  <call-template description="Log-INFO" target="gov:com/commons/util/v1/templates/LoggerTemplate.xml">
    <with-param name="SequenceName" value="IdentityManagementAPI_01_ConvertGetRoleUserListISResponseToCDMResponse_01"/>
    <with-param name="Message" value="Converted IS response to GetRoleUserList CDM response successfully."/>
    <with-param name="LogLevel" value="INFO"/>
  </call-template>
</sequence>
