<?xml version="1.0" encoding="UTF-8"?>
<sequence
  name="IdentityManagementAPI_01_ConvertGetClientAdminUserListISResponseToCDMResponse_01"
  trace="disable" xmlns="http://ws.apache.org/ns/synapse">
  <call-template description="Log-INFO" target="gov:com/commons/util/v1/templates/LoggerTemplate.xml">
    <with-param name="SequenceName" value="IdentityManagementAPI_01_ConvertGetClientAdminUserListISResponseToCDMResponse_01"/>
    <with-param name="Message" value="Going to convert GetClientAdminUserList IS Response to CDM Response"/>
    <with-param name="LogLevel" value="INFO"/>
  </call-template>
  <xslt description="CDMToISRequest" key="gov:nl/weintegrate/wealert/service/identitymanagement/v1/xslt/GetClientAdminUserListISResponseToCDMResponse.xslt">
    <property expression="get-property('ClientUserName')"
      name="ClientUserName" xmlns:ns="http://org.apache.synapse/xsd"/>
    <resource
      key="gov:nl/weintegrate/wealert/service/identitymanagement/v1/xslt/GetClientAdminUserListISResponseToCDMResponse.xslt" location="GetClientAdminUserListISResponseToCDMResponse.xslt"/>
  </xslt>
  <call-template description="Log-INFO" target="gov:com/commons/util/v1/templates/LoggerTemplate.xml">
    <with-param name="SequenceName" value="IdentityManagementAPI_01_ConvertGetClientAdminUserListISResponseToCDMResponse_01"/>
    <with-param name="Message" value="Converted GetClientAdminUserList IS Response to CDM Response successfully."/>
    <with-param name="LogLevel" value="INFO"/>
  </call-template>
</sequence>
