<?xml version="1.0" encoding="UTF-8"?>
<sequence
  name="IdentityManagementAPI_01_DeleteUserIdentityManagementInSequence_01"
  trace="disable" xmlns="http://ws.apache.org/ns/synapse">
  <log level="full" separator="---=== IdentityManagementAPI_01_DeleteUserIdentityManagementInSequence_01 ===---"/>
  <property description="ClientUserName"
    expression="//*[local-name()='ClientUserName']"
    name="ClientUserName" scope="default" type="STRING" xmlns:ns="http://org.apache.synapse/xsd"/>
  <property description="ClientPassword"
    expression="//*[local-name()='ClientPassword']"
    name="ClientPassword" scope="default" type="STRING" xmlns:ns="http://org.apache.synapse/xsd"/>
  <property description="OperationName" name="RequestOperationName"
    scope="default" type="STRING" value="DeleteUserIdentityManagement"/>
  <property description="MessageFrom" name="MessageFrom" scope="default"
    type="STRING" value="Client"/>
  <property description="MessageDestination" name="MessageDestination"
    scope="default" type="STRING" value="IS"/>
  <property description="ResponseType"
    expression="get-property('transport', 'Accept')" name="ResponseType"
    scope="default" type="STRING" xmlns:ns="http://org.apache.synapse/xsd"/>
  <property description="ContentType" name="ContentType" scope="axis2"
    type="STRING" value="application/xml"/>
  <property description="messageType" name="messageType" scope="axis2"
    type="STRING" value="application/xml"/>
  <property description="UserName"
    expression="//*[local-name()='UserName']" name="UserName"
    scope="default" type="STRING" xmlns:ns="http://org.apache.synapse/xsd"/>
  <payloadFactory description="DeleteUser" media-type="xml">
    <format>
      <xsd:deleteUser xmlns:xsd="http://org.apache.axis2/xsd">
        <xsd:userName>$1</xsd:userName>
      </xsd:deleteUser>
    </format>
    <args>
      <arg evaluator="xml" expression="get-property('UserName')"/>
    </args>
  </payloadFactory>
  <sequence key="IdentityManagementAPI_01_SendRequestToIS_01"/>
</sequence>
