<?xml version="1.0" encoding="UTF-8"?>
<sequence
  name="IdentityManagementAPI_01_ConvertDeleteClientAdminCDMRequestToISRequest_01"
  trace="disable" xmlns="http://ws.apache.org/ns/synapse">
  <call-template description="Log-INFO" target="gov:com/commons/util/v1/templates/LoggerTemplate.xml">
    <with-param name="SequenceName" value="IdentityManagementAPI_01_ConvertDeleteClientAdminCDMRequestToISRequest_01"/>
    <with-param name="Message" value="Going to convert DeleteClientAdmin CDM request to IS request."/>
    <with-param name="LogLevel" value="INFO"/>
  </call-template>
  <xslt description="CDMToISRequest" key="gov:nl/weintegrate/wealert/service/identitymanagement/v1/xslt/DeleteClientAdminRequestToISRequest.xslt">
    <resource
      key="gov:nl/weintegrate/wealert/service/identitymanagement/v1/xslt/DeleteClientAdminRequestToISRequest.xslt" location="DeleteClientAdminRequestToISRequest.xslt"/>
  </xslt>
  <call-template description="Log-INFO" target="gov:com/commons/util/v1/templates/LoggerTemplate.xml">
    <with-param name="SequenceName" value="IdentityManagementAPI_01_ConvertDeleteClientAdminCDMRequestToISRequest_01"/>
    <with-param name="Message" value="Converted DeleteClientAdmin CDM request to IS request successfully."/>
    <with-param name="LogLevel" value="INFO"/>
  </call-template>
</sequence>
