<?xml version="1.0" encoding="UTF-8"?>
<sequence xmlns="http://ws.apache.org/ns/synapse" name="IdentityManagementAPI_01_GetRoleIdentityManagementOutSequence_01">
	<log level="full" separator="---=== IdentityManagementAPI_01_GetRoleIdentityManagementOutSequence_01 ===---"/>
	<property name="MessageFrom" value="IS" scope="default" type="STRING" description="SequenceType"/>	<property name="MessageDestination" value="Client" scope="default" type="STRING" description="SequenceType"/>	<sequence key="IdentityManagementAPI_01_ConvertGetRoleIdentityManagementISResponseToCDMResponse_01"/>
	<sequence key="IdentityManagementAPI_01_ValidateGetRoleIdentityManagementCDMResponse_01"/>
	<switch xmlns:ns="http://org.apache.synapse/xsd" source="get-property('ResponseType')">
		<case regex="application/xml">
			<header name="Accept" scope="transport" value="application/xml"/>
			<property name="ContentType" value="application/xml" scope="axis2" type="STRING" description="ContentType"/>
			<property name="messageType" value="application/xml" scope="axis2" type="STRING" description="messageType"/>
		</case>
		<case regex="application/json">
			<header name="Accept" scope="transport" value="application/json"/>
			<property name="ContentType" value="application/json" scope="axis2" type="STRING" description="ContentType"/>
			<property name="messageType" value="application/json" scope="axis2" type="STRING" description="messageType"/>
		</case>
		<default>
			<header name="Accept" scope="transport" value="application/xml"/>
			<property name="ContentType" value="application/xml" scope="axis2" type="STRING" description="ContentType"/>
			<property name="messageType" value="application/xml" scope="axis2" type="STRING" description="messageType"/>
		</default>
	</switch>
	<respond/>
</sequence>
