<?xml version="1.0" encoding="UTF-8"?>
<sequence name="IdentityManagementAPI_01_CreateClientAdminInSequence_01"
  trace="disable" xmlns="http://ws.apache.org/ns/synapse">
  <log level="full" separator="---=== IdentityManagementAPI_01_CreateClientAdminInSequence_01 ===---"/>
  <property description="ClientUserName"
    expression="//*[local-name()='ClientUserName']"
    name="ClientUserName" scope="default" type="STRING" xmlns:ns="http://org.apache.synapse/xsd"/>
  <property description="ClientPassword"
    expression="//*[local-name()='ClientPassword']"
    name="ClientPassword" scope="default" type="STRING" xmlns:ns="http://org.apache.synapse/xsd"/>
  <property description="ClientAdminUserName"
    expression="//*[local-name()='UserName']" name="ClientAdminUserName"
    scope="default" type="STRING" xmlns:ns="http://org.apache.synapse/xsd"/>
  <property description="ClientAdminPassword"
    expression="//*[local-name()='UserPassword']"
    name="ClientAdminPassword" scope="default" type="STRING" xmlns:ns="http://org.apache.synapse/xsd"/>
  <property description="ClientDomain"
    expression="//requestresponse:CreateClientAdminRequest/requestresponse:ClientDomain"
    name="ClientDomain" scope="default" type="STRING"
    xmlns:address="http://www.w-integrate.nl/cdm/xsd/address_01"
    xmlns:application="http://www.w-integrate.nl/cdm/xsd/application_01"
    xmlns:applicationgroup="http://www.w-integrate.nl/cdm/xsd/applicationgroup_01"
    xmlns:channel="http://www.w-integrate.nl/cdm/xsd/communicationchannel_01"
    xmlns:cmmheader="http://www.w-integrate.nl/cmm/xsd/cmmheader_01"
    xmlns:condition="http://www.w-integrate.nl/cdm/xsd/condition_01"
    xmlns:conditiongroup="http://www.w-integrate.nl/cdm/xsd/conditiongroup_01"
    xmlns:device="http://www.w-integrate.nl/cdm/xsd/device_01"
    xmlns:organization="http://www.w-integrate.nl/cdm/xsd/organization_01"
    xmlns:permission="http://www.w-integrate.nl/cdm/xsd/permission_01"
    xmlns:person="http://www.w-integrate.nl/cdm/xsd/person_01"
    xmlns:policy="http://www.w-integrate.nl/cdm/xsd/authorizationpolicy_01"
    xmlns:requestresponse="http://www.w-integrate.nl/xsd/identitymanagement_01/requestresponse_001"
    xmlns:role="http://www.w-integrate.nl/cdm/xsd/role_01"
    xmlns:rule="http://www.w-integrate.nl/cdm/xsd/rule_01"
    xmlns:rulegroup="http://www.w-integrate.nl/cdm/xsd/rulegroup_01" xmlns:user="http://www.w-integrate.nl/cdm/xsd/user_01"/>
  <property
    expression="fn:concat(get-property('ClientAdminUserName'),'@',get-property('ClientDomain'))"
    name="ConcatenatedUserNameWithClientDomain" scope="default" type="STRING"/>
  <property description="OperationName" name="RequestOperationName"
    scope="default" type="STRING" value="CreateClientAdmin"/>
  <property description="MessageFrom" name="MessageFrom" scope="default"
    type="STRING" value="Client"/>
  <property description="MessageDestination" name="MessageDestination"
    scope="default" type="STRING" value="IS"/>
  <property description="ResponseType"
    expression="get-property('transport', 'Accept')" name="ResponseType"
    scope="default" type="STRING" xmlns:ns="http://org.apache.synapse/xsd"/>
  <property description="ContentType" name="ContentType" scope="axis2"
    type="STRING" value="application/xml"/>
  <property description="messageType" name="messageType" scope="axis2"
    type="STRING" value="application/xml"/>
  <sequence key="IdentityManagementAPI_01_ValidateCreateClientAdminCDMRequest_01"/>
  <sequence key="IdentityManagementAPI_01_ConvertCreateClientAdminCDMRequestToISRequest_01"/>
  <log level="full" separator="---=== Converted CreateClientAdmin Request ===---"/>
  <sequence key="IdentityManagementAPI_01_SendRequestToIS_01"/>
</sequence>
