<?xml version="1.0" encoding="UTF-8"?>
<sequence name="IdentityManagementAPI_01_SendRequestToIS_01"
  trace="disable" xmlns="http://ws.apache.org/ns/synapse">
  <call-template description="" target="gov:com/commons/util/v1/templates/LoggerTemplate.xml">
    <with-param name="SequenceName" value="IdentityManagementAPI_01_SendRequestToIS_01"/>
    <with-param name="Message" value="Going to send Request to IS."/>
    <with-param name="LogLevel" value="INFO"/>
  </call-template>
   <property description="Authorization"
    expression="fn:concat('Basic ',base64Encode(fn:concat(get-property('ClientUserName'),':',get-property('ClientPassword'))))"
    name="Authorization" scope="transport" type="STRING" xmlns:ns="http://org.apache.synapse/xsd"/>
  <switch source="get-property('RequestOperationName')">
   <case regex="AuthenticateIdentityManagement">
      <header name="Action" scope="default" value="IDENTITY_SERVER_URL/services/RemoteUserStoreManagerService.RemoteUserStoreManagerServiceHttpsSoap11Endpoint/"/>
           <send>
                <endpoint key="gov:/nl/weintegrate/wealert/service/identitymanagement/v1/endpoint/AuthenticateIdentityManagementISEndpoint.xml"/>
            </send>
    </case>
    <case regex="AssignRoleIdentityManagement">
     <header name="Action" scope="default" value="IDENTITY_SERVER_URL/services/UserAdmin.UserAdminHttpsSoap11Endpoint/"/>
           <send>
                <endpoint key="gov:/nl/weintegrate/wealert/service/identitymanagement/v1/endpoint/AssignRoleIdentityManagementISEndpoint.xml"/>
            </send>
    </case>
    <case regex="AddRolePermissionIdentityManagement">
      <send/>
    </case>
    <case regex="CreateUserIdentityManagement">
     <header name="Action" scope="default" value="IDENTITY_SERVER_URL/services/RemoteUserStoreManagerService.RemoteUserStoreManagerServiceHttpsSoap11Endpoint/"/>
           <send>
                <endpoint key="gov:/nl/weintegrate/wealert/service/identitymanagement/v1/endpoint/CreateUserIdentityManagementISEndpoint.xml"/>
            </send>
    </case>
    <case regex="CreateClientAdmin">
     <header name="Action" scope="default" value="IDENTITY_SERVER_URL/services/TenantMgtAdminService.TenantMgtAdminServiceHttpsSoap11Endpoint/"/>
           <send>
                <endpoint key="gov:/nl/weintegrate/wealert/service/identitymanagement/v1/endpoint/CreateClientAdminISEndpoint.xml"/>
            </send>
    </case>
    <case regex="GetClientAdminList">
     <header name="Action" scope="default" value="IDENTITY_SERVER_URL/services/RemoteTenantManagerService.RemoteTenantManagerServiceHttpsSoap11Endpoint/"/>
           <send>
                <endpoint key="gov:/nl/weintegrate/wealert/service/identitymanagement/v1/endpoint/GetClientAdminListISEndpoint.xml"/>
            </send>
    </case>
      <case regex="GetClientAdminUserList">
     <header name="Action" scope="default" value="IDENTITY_SERVER_URL/services/UserAdmin.UserAdminHttpsSoap11Endpoint/"/>
           <send>
                <endpoint key="gov:/nl/weintegrate/wealert/service/identitymanagement/v1/endpoint/GetClientAdminUserListISEndpoint.xml"/>
            </send>
    </case>
    <case regex="CreateRoleIdentityManagement">
   <header name="Action" scope="default" value="IDENTITY_SERVER_URL/services/UserAdmin.UserAdminHttpsSoap11Endpoint/"/>
           <send>
                <endpoint key="gov:/nl/weintegrate/wealert/service/identitymanagement/v1/endpoint/CreateRoleIdentityManagementISEndpoint.xml"/>
            </send>
    </case>
    <case regex="GetUserIdentityManagement">
        <header name="Action" scope="default" value="IDENTITY_SERVER_URL/services/RemoteUserStoreManagerService.RemoteUserStoreManagerServiceHttpsSoap11Endpoint/"/>
           <send>
                <endpoint key="gov:/nl/weintegrate/wealert/service/identitymanagement/v1/endpoint/GetUserIdentityManagementISEndpoint.xml"/>
            </send>
    </case>
    <case regex="GetRoleIdentityManagement">
      <send/>
    </case>
    <case regex="UpdateUserIdentityManagement">
     <header name="Action" scope="default" value="IDENTITY_SERVER_URL/services/UserAdmin.UserAdminHttpsSoap11Endpoint/"/>
           <send>
                <endpoint key="gov:/nl/weintegrate/wealert/service/identitymanagement/v1/endpoint/UpdateUserIdentityManagementISEndpoint.xml"/>
            </send>
    </case>
    <case regex="UpdateRoleIdentityManagement">
       <send/>
    </case>
    <case regex="DeleteUserIdentityManagement">
 <header name="Action" scope="default" value="IDENTITY_SERVER_URL/services/UserAdmin.UserAdminHttpsSoap11Endpoint/"/>
           <send>
                <endpoint key="gov:/nl/weintegrate/wealert/service/identitymanagement/v1/endpoint/DeleteUserIdentityManagementISEndpoint.xml"/>
            </send>
    </case>
    <case regex="DeleteRoleIdentityManagement">
      <header name="Action" scope="default" value="IDENTITY_SERVER_URL/services/RemoteUserStoreManagerService.RemoteUserStoreManagerServiceHttpsSoap11Endpoint/"/>
            <send>
                <endpoint key="gov:/nl/weintegrate/wealert/service/identitymanagement/v1/endpoint/DeleteRoleIdentityManagementISEndpoint.xml"/>
            </send>
    </case>
    <case regex="GetRoleUserList">
      <header name="Action" scope="default" value="IDENTITY_SERVER_URL/services/RemoteUserStoreManagerService.RemoteUserStoreManagerServiceHttpsSoap11Endpoint/"/>
            <send>
               <endpoint key="gov:/nl/weintegrate/wealert/service/identitymanagement/v1/endpoint/GetRoleUserListISEndpoint.xml"/> </send>
    </case>
       <case regex="DeleteClientAdmin">
     <header name="Action" scope="default" value="IDENTITY_SERVER_URL/services/RemoteTenantManagerService.RemoteTenantManagerServiceHttpsSoap11Endpoint/"/>
           <send>
                <endpoint key="gov:/nl/weintegrate/wealert/service/identitymanagement/v1/endpoint/DeleteClientAdminISEndpoint.xml"/>
            </send>
    </case>
        <case regex="ChangePassword">
     <header name="Action" scope="default" value="IDENTITY_SERVER_URL/services/UserAdmin.UserAdminHttpsSoap11Endpoint/"/>
           <send>
                <endpoint key="gov:/nl/weintegrate/wealert/service/identitymanagement/v1/endpoint/ChangePasswordISEndpoint.xml"/>
            </send>
    </case>
    <default>
      <log category="WARN" level="full" separator="---=== Invalid Request ===---"/>
      <drop/>
    </default>
  </switch>
</sequence>
