<?xml version="1.0" encoding="UTF-8"?>
<sequence
  name="IdentityManagementAPI_01_DeleteRoleIdentityManagementInSequence_01"
  trace="disable" xmlns="http://ws.apache.org/ns/synapse">
  <log level="full" separator="---=== IdentityManagementAPI_01_DeleteRoleIdentityManagementInSequence_01 ===---"/>
  <property description="ClientUserName"
    expression="//*[local-name()='ClientUserName']"
    name="ClientUserName" scope="default" type="STRING" xmlns:ns="http://org.apache.synapse/xsd"/>
  <property description="ClientPassword"
    expression="//*[local-name()='ClientPassword']"
    name="ClientPassword" scope="default" type="STRING" xmlns:ns="http://org.apache.synapse/xsd"/>
  <property description="OperationName" name="RequestOperationName"
    scope="default" type="STRING" value="DeleteRoleIdentityManagement"/>
  <property description="MessageFrom" name="MessageFrom" scope="default"
    type="STRING" value="Client"/>
  <property description="MessageDestination" name="MessageDestination"
    scope="default" type="STRING" value="IS"/>
  <property description="ResponseType"
    expression="get-property('transport', 'Accept')" name="ResponseType"
    scope="default" type="STRING" xmlns:ns="http://org.apache.synapse/xsd"/>
  <property description="ContentType" name="ContentType" scope="axis2"
    type="STRING" value="application/xml"/>
  <property description="messageType" name="messageType" scope="axis2"
    type="STRING" value="application/xml"/>
  <!--  <sequence key="IdentityManagementAPI_01_ValidateDeleteRoleIdentityManagementCDMRequest_01"/>
  <sequence key="IdentityManagementAPI_01_ConvertDeleteRoleIdentityManagementCDMRequestToISRequest_01"/>-->
  <property description="RoleName"
    expression="get-property('uri.var.RoleName')" name="RoleName"
    scope="default" type="STRING" xmlns:ns="http://org.apache.synapse/xsd"/>
  <payloadFactory description="DeleteRoleRequest" media-type="xml">
    <format>
      <ser:deleteRole xmlns:ser="http://service.ws.um.carbon.wso2.org">
        <!--Optional:-->
        <ser:roleName>$1</ser:roleName>
      </ser:deleteRole>
    </format>
    <args>
      <arg evaluator="xml" expression="get-property('RoleName')"/>
    </args>
  </payloadFactory>
  <sequence key="IdentityManagementAPI_01_SendRequestToIS_01"/>
</sequence>
