<?xml version="1.0" encoding="UTF-8"?>
<sequence
  name="IdentityManagementAPI_01_AuthenticateIdentityManagementOutSequence_01"
  trace="disable" xmlns="http://ws.apache.org/ns/synapse">
  <log level="full" separator="---=== IdentityManagementAPI_01_AuthenticateIdentityManagementOutSequence_01 ===---"/>
  <property description="SequenceType" name="MessageFrom"
    scope="default" type="STRING" value="IS"/>
  <property description="SequenceType" name="MessageDestination"
    scope="default" type="STRING" value="Client"/>
  <property expression="//*[local-name()='return']" name="Return"
    scope="default" type="STRING"/>
  <property expression="//*[local-name()='faultstring']"
    name="FaultString" scope="default" type="STRING"/>
  <filter xpath="fn:contains(get-property('Return'),'true')">
    <then>
      <sequence key="IdentityManagementAPI_01_ConvertAuthenticateIdentityManagementISResponseToCDMResponse_01"/>
      <sequence key="IdentityManagementAPI_01_ValidateAuthenticateIdentityManagementCDMResponse_01"/>
    </then>
    <else>
      <filter xpath="fn:contains(get-property('FaultString'),'Access Denied. Authentication failed')">
        <then>
          <payloadFactory media-type="xml">
            <format>
              <ns1:AuthenticateUserResponse xmlns:ns1="http://www.w-integrate.nl/xsd/identitymanagement_01/requestresponse_001">
                <ns1:ResponseCode>E-0008</ns1:ResponseCode>
                <ns1:ResponseMessage>Internal Server Error - Access Denied Authentication failed</ns1:ResponseMessage>
              </ns1:AuthenticateUserResponse>
            </format>
            <args/>
          </payloadFactory>
        </then>
        <else>
          <sequence key="IdentityManagementAPI_01_ConvertAuthenticateIdentityManagementISResponseToCDMResponse_01"/>
          <sequence key="IdentityManagementAPI_01_ValidateAuthenticateIdentityManagementCDMResponse_01"/>
        </else>
      </filter>
    </else>
  </filter>
  <!--   <sequence key="IdentityManagementAPI_01_ConvertAuthenticateIdentityManagementISResponseToCDMResponse_01"/>
  <sequence key="IdentityManagementAPI_01_ValidateAuthenticateIdentityManagementCDMResponse_01"/> -->
  <switch source="get-property('ResponseType')" xmlns:ns="http://org.apache.synapse/xsd">
    <case regex="application/xml">
      <header name="Accept" scope="transport" value="application/xml"/>
      <property description="ContentType" name="ContentType"
        scope="axis2" type="STRING" value="application/xml"/>
      <property description="messageType" name="messageType"
        scope="axis2" type="STRING" value="application/xml"/>
    </case>
    <case regex="application/json">
      <header name="Accept" scope="transport" value="application/json"/>
      <property description="ContentType" name="ContentType"
        scope="axis2" type="STRING" value="application/json"/>
      <property description="messageType" name="messageType"
        scope="axis2" type="STRING" value="application/json"/>
    </case>
    <default>
      <header name="Accept" scope="transport" value="application/xml"/>
      <property description="ContentType" name="ContentType"
        scope="axis2" type="STRING" value="application/xml"/>
      <property description="messageType" name="messageType"
        scope="axis2" type="STRING" value="application/xml"/>
    </default>
  </switch>
  <respond/>
</sequence>
