<?xml version="1.0" encoding="UTF-8"?>
<sequence
  name="IdentityManagementAPI_01_DeleteRoleIdentityManagementOutSequence_01"
  trace="disable" xmlns="http://ws.apache.org/ns/synapse">
  <log level="full" separator="---=== IdentityManagementAPI_01_DeleteRoleIdentityManagementOutSequence_01 ===---"/>
  <property description="SequenceType" name="MessageFrom"
    scope="default" type="STRING" value="IS"/>
  <property description="SequenceType" name="MessageDestination"
    scope="default" type="STRING" value="Client"/>
  <!-- <sequence key="IdentityManagementAPI_01_ConvertDeleteRoleIdentityManagementISResponseToCDMResponse_01"/>
  <sequence key="IdentityManagementAPI_01_ValidateDeleteRoleIdentityManagementCDMResponse_01"/> -->
  <property expression="//*[local-name()='faultstring']"
    name="FaultString" scope="default" type="STRING"/>
  <filter xpath="fn:contains(get-property('axis2', 'HTTP_SC'),'202')">
    <then>
      <payloadFactory media-type="xml">
        <format>
          <ns1:DeleteRoleResponse xmlns:ns1="http://www.w-integrate.nl/xsd/identitymanagement_01/requestresponse_001">
            <ns1:ResponseCode>N-0000</ns1:ResponseCode>
            <ns1:ResponseMessage>Role is Successfully Deleted</ns1:ResponseMessage>
          </ns1:DeleteRoleResponse>
        </format>
        <args>
          <arg evaluator="xml"
            expression="get-property('axis2', 'HTTP_SC')" xmlns:ns="http://org.apache.synapse/xsd"/>
        </args>
      </payloadFactory>
    </then>
    <else>
      <filter regex="Can not delete non exiting role" source="get-property('FaultString')">
        <then>
          <payloadFactory media-type="xml">
            <format>
              <ns1:DeleteRoleResponse xmlns:ns1="http://www.w-integrate.nl/xsd/identitymanagement_01/requestresponse_001">
                <ns1:ResponseCode>W-0001</ns1:ResponseCode>
                <ns1:ResponseMessage>Cannot delete non exiting role</ns1:ResponseMessage>
              </ns1:DeleteRoleResponse>
            </format>
            <args>
              <arg evaluator="xml"
                expression="get-property('axis2', 'HTTP_SC')" xmlns:ns="http://org.apache.synapse/xsd"/>
            </args>
          </payloadFactory>
        </then>
        <else>
          <payloadFactory media-type="xml">
            <format>
              <ns1:DeleteRoleResponse xmlns:ns1="http://www.w-integrate.nl/xsd/identitymanagement_01/requestresponse_001">
                <ns1:ResponseCode>E-0001</ns1:ResponseCode>
                <ns1:ResponseMessage>Internal Server Error</ns1:ResponseMessage>
              </ns1:DeleteRoleResponse>
            </format>
            <args>
              <arg evaluator="xml"
                expression="get-property('axis2', 'HTTP_SC')" xmlns:ns="http://org.apache.synapse/xsd"/>
            </args>
          </payloadFactory>
        </else>
      </filter>
    </else>
  </filter>
  <switch source="get-property('ResponseType')" xmlns:ns="http://org.apache.synapse/xsd">
    <case regex="application/xml">
      <header name="Accept" scope="transport" value="application/xml"/>
      <property description="ContentType" name="ContentType"
        scope="axis2" type="STRING" value="application/xml"/>
      <property description="messageType" name="messageType"
        scope="axis2" type="STRING" value="application/xml"/>
    </case>
    <case regex="application/json">
      <header name="Accept" scope="transport" value="application/json"/>
      <property description="ContentType" name="ContentType"
        scope="axis2" type="STRING" value="application/json"/>
      <property description="messageType" name="messageType"
        scope="axis2" type="STRING" value="application/json"/>
    </case>
    <default>
      <header name="Accept" scope="transport" value="application/xml"/>
      <property description="ContentType" name="ContentType"
        scope="axis2" type="STRING" value="application/xml"/>
      <property description="messageType" name="messageType"
        scope="axis2" type="STRING" value="application/xml"/>
    </default>
  </switch>
  <respond/>
  <property name="FAULTS_AS_HTTP_200" scope="axis2" type="STRING" value="true"/>
</sequence>
