<?xml version="1.0" encoding="UTF-8"?>
<con:soapui-project id="b4e4bfd8-ee05-437b-a3b6-bc6ef640b1b0" activeEnvironment="Default" name="CustomerAPI_01" resourceRoot="${projectDir}" soapui-version="5.2.1" abortOnError="false" runType="SEQUENTIAL" xmlns:con="http://eviware.com/soapui/config">
	<con:settings/>
	<con:interface xsi:type="con:RestService" id="f36d46f6-af18-478d-8ecc-edd667f1d9d2" wadlVersion="http://wadl.dev.java.net/2009/02" name="http://185.3.211.68:8085" type="rest" xmlns:xsi="http://www.w3.org/2001/XMLSchema-instance">
		<con:settings/>
		
		<con:definitionCache type="TEXT" rootPart=""/><con:endpoints>
			<con:endpoint>http://185.3.211.68:8085</con:endpoint>
		</con:endpoints>
		<con:resource name="Getcustomer" path="/customers" id="8a30185e-9946-461d-8e2e-f87fc8264189">
			<con:settings/>
			<con:parameters>
				<con:parameter>
					<con:name>CustomerNumber</con:name>
					<con:value>1122</con:value>
					<con:style>QUERY</con:style>
					<con:default>1122</con:default>
					<con:path xsi:nil="true"/>
					<con:description xsi:nil="true"/>
				</con:parameter>
			</con:parameters>
			<con:method name="Getcustomer" id="bc3f1c50-1195-46f2-b1ce-857b0f110ce6" method="GET">
				<con:settings/>
				<con:parameters/>
				<con:representation type="RESPONSE">
					<con:mediaType xsi:nil="true"/>
					<con:status>0</con:status>
					<con:params/>
					<con:element>data</con:element>
				</con:representation>
				<con:representation type="RESPONSE">
					<con:mediaType>application/json</con:mediaType>
					<con:status>200</con:status>
					<con:params/>
					<con:element xmlns:get="http://185.3.211.68/getcustomer">get:Response</con:element>
				</con:representation>
				<con:representation type="RESPONSE">
					<con:mediaType>application/xml</con:mediaType>
					<con:status>200</con:status>
					<con:params/>
					<con:element xmlns:cus="http://www.w-integrate.nl/rest/cdm/xsd/Customer_01">cus:GetCustomerResponse</con:element>
				</con:representation>
				<con:representation type="FAULT">
					<con:mediaType>application/xml</con:mediaType>
					<con:status>500</con:status>
					<con:params/>
				</con:representation>
				<con:representation type="FAULT">
					<con:mediaType>application/json</con:mediaType>
					<con:status>500</con:status>
					<con:params/>
				</con:representation>
				<con:representation type="FAULT">
					<con:mediaType>text/plain</con:mediaType>
					<con:status>500</con:status>
					<con:params/>
					<con:element>data</con:element>
				</con:representation>
				<con:request name="Request 1" id="a136ec5d-bb7e-4031-80a9-2ccce160a778" mediaType="application/json">
					<con:settings>
						<con:setting id="com.eviware.soapui.impl.wsdl.WsdlRequest@request-headers">&lt;entry key="Accept" value="application/json" xmlns="http://eviware.com/soapui/config"/></con:setting>
					</con:settings>
					<con:endpoint>http://185.3.211.68:8085</con:endpoint>
					<con:request/>
					<con:originalUri>http://185.3.211.68/getcustomer</con:originalUri>
					<con:credentials>
						<con:authType>No Authorization</con:authType>
					</con:credentials>
					<con:jmsConfig JMSDeliveryMode="PERSISTENT"/>
					<con:jmsPropertyConfig/>
					<con:parameters/>
					<con:parameterOrder>
						<con:entry>CustomerNumber</con:entry>
					</con:parameterOrder>
				</con:request>
			</con:method>
		</con:resource>
	</con:interface>
	<con:testSuite id="169fdb14-99ea-4114-a532-de1662aca80e" name="GetCustomer">
		<con:settings/>
		<con:runType>SEQUENTIAL</con:runType>
		<con:testCase id="6afe3941-7ef2-4485-9fde-8cdef2efc277" failOnError="true" failTestCaseOnErrors="true" keepSession="false" maxResults="0" name="TC_SF_01_Normal_Flow_01" searchProperties="true">
			<con:settings/>
			<con:testStep type="restrequest" name="Getcustomer - Valid" id="a2f030ee-cca4-4b99-bb7c-4ec7ca63e40d">
				<con:settings/>
				<con:config service="http://185.3.211.68:8085" resourcePath="/customers" methodName="Getcustomer" xsi:type="con:RestRequestStep" xmlns:xsi="http://www.w3.org/2001/XMLSchema-instance">
					<con:restRequest name="Getcustomer - Valid" id="a136ec5d-bb7e-4031-80a9-2ccce160a778" mediaType="application/json">
						<con:settings>
							<con:setting id="com.eviware.soapui.impl.wsdl.WsdlRequest@request-headers">&lt;entry key="Accept" value="application/xml" xmlns="http://eviware.com/soapui/config"/></con:setting>
						</con:settings>
						<con:endpoint>http://185.3.211.68:8085</con:endpoint>
						<con:request/>
						<con:originalUri>http://185.3.211.68/getcustomer</con:originalUri>
						<con:assertion type="Simple Contains" id="75e25b87-bf78-436d-8d47-8ddbb507f0c2" name="Contains"><con:configuration><token>200</token><ignoreCase>false</ignoreCase><useRegEx>false</useRegEx></con:configuration></con:assertion><con:credentials>
							<con:authType>No Authorization</con:authType>
						</con:credentials>
						<con:jmsConfig JMSDeliveryMode="PERSISTENT"/>
						<con:jmsPropertyConfig/>
						<con:parameters><entry key="CustomerNumber" value="C-224409" xmlns="http://eviware.com/soapui/config"/></con:parameters>
						<con:parameterOrder>
							<con:entry>CustomerNumber</con:entry>
						</con:parameterOrder>
					</con:restRequest>
				</con:config>
			</con:testStep>
			<con:properties/>
		</con:testCase>
		<con:testCase id="d453a89e-4bdc-4910-aee7-bd902faac79f" failOnError="true" failTestCaseOnErrors="true" keepSession="false" maxResults="0" name="TC_SF_02_Normal_Flow_01" searchProperties="true">
			<con:settings/>
			<con:testStep type="restrequest" name="Getcustomer - Valid" id="77a2e279-3340-4be3-ad54-905101d295ce">
				<con:settings/>
				<con:config service="http://185.3.211.68:8085" resourcePath="/customers" methodName="Getcustomer" xsi:type="con:RestRequestStep" xmlns:xsi="http://www.w3.org/2001/XMLSchema-instance">
					<con:restRequest name="Getcustomer - Valid" id="a136ec5d-bb7e-4031-80a9-2ccce160a778" mediaType="application/json">
						<con:settings>
							<con:setting id="com.eviware.soapui.impl.wsdl.WsdlRequest@request-headers">&lt;entry key="Accept" value="application/json" xmlns="http://eviware.com/soapui/config"/></con:setting>
						</con:settings>
						<con:endpoint>http://185.3.211.68:8085</con:endpoint>
						<con:request/>
						<con:originalUri>http://185.3.211.68/getcustomer</con:originalUri>
						<con:assertion type="Simple Contains" id="c81d0fac-3ec4-43ea-936c-7dd4d8dc9e32" name="Contains"><con:configuration><token>200</token><ignoreCase>false</ignoreCase><useRegEx>false</useRegEx></con:configuration></con:assertion><con:credentials>
							<con:authType>No Authorization</con:authType>
						</con:credentials>
						<con:jmsConfig JMSDeliveryMode="PERSISTENT"/>
						<con:jmsPropertyConfig/>
						<con:parameters>
							<entry key="CustomerNumber" value="C-224409" xmlns="http://eviware.com/soapui/config"/>
						</con:parameters>
						<con:parameterOrder>
							<con:entry>CustomerNumber</con:entry>
						</con:parameterOrder>
					</con:restRequest>
				</con:config>
			</con:testStep>
			<con:properties/>
		</con:testCase>
		<con:testCase id="94b3e141-25a2-4a08-bdb2-1d58134b540b" failOnError="true" failTestCaseOnErrors="true" keepSession="false" maxResults="0" name="TC_AF_02_Invalid_Request_01" searchProperties="true">
			<con:settings/>
			<con:testStep type="restrequest" name="Getcustomer - Invalid" id="756dedb6-11ef-4b2f-a18f-8dc094f60f3f">
				<con:settings/>
				<con:config service="http://185.3.211.68:8085" resourcePath="/customers" methodName="Getcustomer" xsi:type="con:RestRequestStep" xmlns:xsi="http://www.w3.org/2001/XMLSchema-instance">
					<con:restRequest name="Getcustomer - Invalid" id="a136ec5d-bb7e-4031-80a9-2ccce160a778" mediaType="application/json">
						<con:settings>
							<con:setting id="com.eviware.soapui.impl.wsdl.WsdlRequest@request-headers">&lt;entry key="Accept" value="application/json" xmlns="http://eviware.com/soapui/config"/></con:setting>
						</con:settings>
						<con:endpoint>http://185.3.211.68:8085</con:endpoint>
						<con:request/>
						<con:originalUri>http://185.3.211.68/getcustomer</con:originalUri>
						<con:assertion type="Simple Contains" id="44832862-20c3-4069-aabd-9cfac14cb181" name="Contains"><con:configuration><token>200</token><ignoreCase>false</ignoreCase><useRegEx>false</useRegEx></con:configuration></con:assertion><con:credentials>
							<con:authType>No Authorization</con:authType>
						</con:credentials>
						<con:jmsConfig JMSDeliveryMode="PERSISTENT"/>
						<con:jmsPropertyConfig/>
						<con:parameters/>
						<con:parameterOrder>
							<con:entry>CustomerNumber</con:entry>
						</con:parameterOrder>
					</con:restRequest>
				</con:config>
			</con:testStep>
			<con:properties/>
		</con:testCase>
		<con:testCase id="51b6cf4e-3c70-49db-ae2c-cde6bdc62f4d" failOnError="true" failTestCaseOnErrors="true" keepSession="false" maxResults="0" name="TC_AF_03_Invalid_Request_01" searchProperties="true">
			<con:settings/>
			<con:testStep type="restrequest" name="Getcustomer - Invalid" id="99343e50-fca5-456c-9961-3f6cb32fcd71">
				<con:settings/>
				<con:config service="http://185.3.211.68:8085" resourcePath="/customers" methodName="Getcustomer" xsi:type="con:RestRequestStep" xmlns:xsi="http://www.w3.org/2001/XMLSchema-instance">
					<con:restRequest name="Getcustomer - Invalid" id="a136ec5d-bb7e-4031-80a9-2ccce160a778" mediaType="application/json">
						<con:settings>
							<con:setting id="com.eviware.soapui.impl.wsdl.WsdlRequest@request-headers">&lt;entry key="Accept" value="application/xml" xmlns="http://eviware.com/soapui/config"/></con:setting>
						</con:settings>
						<con:endpoint>http://185.3.211.68:8085</con:endpoint>
						<con:request/>
						<con:originalUri>http://185.3.211.68/getcustomer</con:originalUri>
						<con:assertion type="Simple Contains" id="c3c62342-ee41-46ff-8281-5e472123b583" name="Contains"><con:configuration><token>500</token><ignoreCase>false</ignoreCase><useRegEx>false</useRegEx></con:configuration></con:assertion><con:credentials>
							<con:authType>No Authorization</con:authType>
						</con:credentials>
						<con:jmsConfig JMSDeliveryMode="PERSISTENT"/>
						<con:jmsPropertyConfig/>
						<con:parameters>
							<entry key="CustomerNumber" value="" xmlns="http://eviware.com/soapui/config"/>
						</con:parameters>
						<con:parameterOrder>
							<con:entry>CustomerNumber</con:entry>
						</con:parameterOrder>
					</con:restRequest>
				</con:config>
			</con:testStep>
			<con:properties/>
		</con:testCase>
		<con:properties/>
	</con:testSuite>
	<con:properties/>
	<con:wssContainer/>
	<con:oAuth2ProfileContainer/>
<con:sensitiveInformation/></con:soapui-project>