<diagram program="umletino" version="14.2"><zoom_level>10</zoom_level><element><id>UMLGeneric</id><coordinates><x>300</x><y>80</y><w>140</w><h>30</h></coordinates><panel_attributes>ScramblerExecutor</panel_attributes><additional_attributes></additional_attributes></element><element><id>UMLGeneric</id><coordinates><x>580</x><y>80</y><w>100</w><h>30</h></coordinates><panel_attributes>FileScrambler</panel_attributes><additional_attributes></additional_attributes></element><element><id>Relation</id><coordinates><x>360</x><y>100</y><w>30</w><h>470</h></coordinates><panel_attributes>lt=.</panel_attributes><additional_attributes>10;10;10;450</additional_attributes></element><element><id>Relation</id><coordinates><x>620</x><y>100</y><w>30</w><h>510</h></coordinates><panel_attributes>lt=.</panel_attributes><additional_attributes>10;10;10;490</additional_attributes></element><element><id>UMLGeneric</id><coordinates><x>360</x><y>160</y><w>20</w><h>350</h></coordinates><panel_attributes></panel_attributes><additional_attributes></additional_attributes></element><element><id>Relation</id><coordinates><x>370</x><y>180</y><w>180</w><h>60</h></coordinates><panel_attributes>lt=&lt;-
SelectedColumnNo &lt; 1</panel_attributes><additional_attributes>10;40;40;40;40;10;10;10</additional_attributes></element><element><id>UMLGeneric</id><coordinates><x>50</x><y>80</y><w>190</w><h>30</h></coordinates><panel_attributes>Command Line Interface</panel_attributes><additional_attributes></additional_attributes></element><element><id>Relation</id><coordinates><x>120</x><y>100</y><w>30</w><h>470</h></coordinates><panel_attributes>lt=.</panel_attributes><additional_attributes>10;10;10;450</additional_attributes></element><element><id>UMLGeneric</id><coordinates><x>120</x><y>160</y><w>20</w><h>350</h></coordinates><panel_attributes></panel_attributes><additional_attributes></additional_attributes></element><element><id>Relation</id><coordinates><x>130</x><y>170</y><w>250</w><h>50</h></coordinates><panel_attributes>lt=&lt;-
CsvfileName, OutputDir, 
SelectedColumns, Delimiter (optional)</panel_attributes><additional_attributes>230;20;10;20</additional_attributes></element><element><id>Relation</id><coordinates><x>130</x><y>210</y><w>250</w><h>40</h></coordinates><panel_attributes>lt=&lt;-
NumberFormatException</panel_attributes><additional_attributes>10;20;230;20</additional_attributes></element><element><id>Relation</id><coordinates><x>370</x><y>230</y><w>270</w><h>50</h></coordinates><panel_attributes>lt=&lt;-
CsvfileName,OutputDir,
SeclectedColumns,Delimiter(Optional)</panel_attributes><additional_attributes>250;20;10;20</additional_attributes></element><element><id>UMLGeneric</id><coordinates><x>620</x><y>230</y><w>20</w><h>290</h></coordinates><panel_attributes></panel_attributes><additional_attributes></additional_attributes></element><element><id>Relation</id><coordinates><x>630</x><y>250</y><w>190</w><h>60</h></coordinates><panel_attributes>lt=&lt;-
generateScrambledFile()</panel_attributes><additional_attributes>10;40;40;40;40;10;10;10</additional_attributes></element><element><id>Relation</id><coordinates><x>630</x><y>300</y><w>170</w><h>80</h></coordinates><panel_attributes>lt=&lt;-
getScrambledData()
getParser()
parse()
scramble()</panel_attributes><additional_attributes>10;50;40;50;40;20;10;20</additional_attributes></element><element><id>Relation</id><coordinates><x>370</x><y>330</y><w>270</w><h>40</h></coordinates><panel_attributes>lt=&lt;-
FileNotFoundException()</panel_attributes><additional_attributes>10;20;250;20</additional_attributes></element><element><id>Relation</id><coordinates><x>370</x><y>400</y><w>270</w><h>40</h></coordinates><panel_attributes>lt=&lt;-
FileNotFoundException()</panel_attributes><additional_attributes>10;20;250;20</additional_attributes></element><element><id>Relation</id><coordinates><x>630</x><y>410</y><w>140</w><h>60</h></coordinates><panel_attributes>lt=&lt;-
writeFile()
getCsvWriter()
</panel_attributes><additional_attributes>10;40;40;40;40;10;10;10</additional_attributes></element><element><id>Relation</id><coordinates><x>120</x><y>400</y><w>270</w><h>40</h></coordinates><panel_attributes>lt=&lt;-
FileNotFoundException()</panel_attributes><additional_attributes>10;20;250;20</additional_attributes></element><element><id>Relation</id><coordinates><x>120</x><y>330</y><w>270</w><h>40</h></coordinates><panel_attributes>lt=&lt;-
FileNotFoundException()</panel_attributes><additional_attributes>10;20;250;20</additional_attributes></element><element><id>Relation</id><coordinates><x>370</x><y>470</y><w>270</w><h>40</h></coordinates><panel_attributes>lt=&lt;-
Sucessful</panel_attributes><additional_attributes>10;20;250;20</additional_attributes></element><element><id>Relation</id><coordinates><x>130</x><y>470</y><w>250</w><h>40</h></coordinates><panel_attributes>lt=&lt;-
Sucessful</panel_attributes><additional_attributes>10;20;230;20</additional_attributes></element></diagram>