<?xml version="1.0" encoding="UTF-8"?><artifacts>
    <artifact name="ConfigurationManagementErrorQueueEndpoint" groupId="nl.weintegrate.wealert.api.configurationmanagement.wso2.resource" version="1.0.0" type="registry/resource" serverRole="EnterpriseServiceBus">
        <item>
            <file>ConfigurationManagementErrorQueueEndpoint.xml</file>
            <path>/_system/governance/nl/weintegrate/wealert/service/configurationmanagement/v1/endpoint</path>
            <mediaType>application/vnd.wso2.esb.endpoint</mediaType>
        </item>
    </artifact>
    <artifact name="ConfigurationManagementAuthenticateIdentityManagementAPIEndpoint" groupId="nl.weintegrate.wealert.api.configurationmanagement.wso2.resource" version="1.0.0" type="registry/resource" serverRole="EnterpriseServiceBus">
        <item>
            <file>ConfigurationManagementAuthenticateIdentityManagementAPIEndpoint.xml</file>
            <path>/_system/governance/nl/weintegrate/wealert/service/configurationmanagement/v1/endpoint</path>
            <mediaType>application/vnd.wso2.esb.endpoint</mediaType>
        </item>
    </artifact>
    <artifact name="ConfigurationManagementAuthenticateRequestToIdentityManagementAPIRequest" groupId="nl.weintegrate.wealert.api.configurationmanagement.wso2.resource" version="1.0.0" type="registry/resource" serverRole="EnterpriseServiceBus">
        <item>
            <file>ConfigurationManagementAuthenticateRequestToIdentityManagementAPIRequest.xslt</file>
            <path>/_system/governance/nl/weintegrate/wealert/service/configurationmanagement/v1/xslt</path>
            <mediaType>application/xslt+xml</mediaType>
        </item>
    </artifact>
    <artifact name="ConfigurationManagementAuthenticateIdentityManagementAPIResponseToCMAPIResponse" groupId="nl.weintegrate.wealert.api.configurationmanagement.wso2.resource" version="1.0.0" type="registry/resource" serverRole="EnterpriseServiceBus">
        <item>
            <file>ConfigurationManagementAuthenticateIdentityManagementAPIResponseToCMAPIResponse.xslt</file>
            <path>/_system/governance/nl/weintegrate/wealert/service/configurationmanagement/v1/xslt</path>
            <mediaType>application/xslt+xml</mediaType>
        </item>
    </artifact>
    <artifact name="ConfigurationManagementAuthenticateJSONXMLToCMAPIRequest" groupId="nl.weintegrate.wealert.api.configurationmanagement.wso2.resource" version="1.0.0" type="registry/resource" serverRole="EnterpriseServiceBus">
        <item>
            <file>ConfigurationManagementAuthenticateJSONXMLToCMAPIRequest.xslt</file>
            <path>/_system/governance/nl/weintegrate/wealert/service/configurationmanagement/v1/xslt</path>
            <mediaType>application/xslt+xml</mediaType>
        </item>
    </artifact>
    <artifact name="ConfigurationManagementDeleteUserIdentityManagementAPIResponseToCMAPIResponse" groupId="nl.weintegrate.wealert.api.configurationmanagement.wso2.resource" version="1.0.0" type="registry/resource" serverRole="GovernanceRegistry">
        <item>
            <file>ConfigurationManagementDeleteUserIdentityManagementAPIResponseToCMAPIResponse.xslt</file>
            <path>/_system/governance/nl/weintegrate/wealert/service/configurationmanagement/v1/xslt</path>
            <mediaType>application/xslt+xml</mediaType>
        </item>
    </artifact>
    <artifact name="ConfigurationManagementDeleteUserIdentityManagementAPIEndpoint" groupId="nl.weintegrate.wealert.api.configurationmanagement.wso2.resource" version="1.0.0" type="registry/resource" serverRole="GovernanceRegistry">
        <item>
            <file>ConfigurationManagementDeleteUserIdentityManagementAPIEndpoint.xml</file>
            <path>/_system/governance/nl/weintegrate/wealert/service/configurationmanagement/v1/endpoint</path>
            <mediaType>application/vnd.wso2.esb.endpoint</mediaType>
        </item>
    </artifact>
    <artifact name="ConfigurationManagementCreateUserJSONXMLToCMAPIRequest" groupId="nl.weintegrate.wealert.api.configurationmanagement.wso2.resource" version="1.0.0" type="registry/resource" serverRole="GovernanceRegistry">
        <item>
            <file>ConfigurationManagementCreateUserJSONXMLToCMAPIRequest.xslt</file>
            <path>/_system/governance/nl/weintegrate/wealert/service/configurationmanagement/v1/xslt</path>
            <mediaType>application/xslt+xml</mediaType>
        </item>
    </artifact>
    <artifact name="ConfigurationManagementCreateUserRequestToIdentityManagementAPIRequest" groupId="nl.weintegrate.wealert.api.configurationmanagement.wso2.resource" version="1.0.0" type="registry/resource" serverRole="GovernanceRegistry">
        <item>
            <file>ConfigurationManagementCreateUserRequestToIdentityManagementAPIRequest.xslt</file>
            <path>/_system/governance/nl/weintegrate/wealert/service/configurationmanagement/v1/xslt</path>
            <mediaType>application/xslt+xml</mediaType>
        </item>
    </artifact>
    <artifact name="ConfigurationManagementCreateUserIdentityManagementAPIEndpoint" groupId="nl.weintegrate.wealert.api.configurationmanagement.wso2.resource" version="1.0.0" type="registry/resource" serverRole="GovernanceRegistry">
        <item>
            <file>ConfigurationManagementCreateUserIdentityManagementAPIEndpoint.xml</file>
            <path>/_system/governance/nl/weintegrate/wealert/service/configurationmanagement/v1/endpoint</path>
            <mediaType>application/vnd.wso2.esb.endpoint</mediaType>
        </item>
    </artifact>
    <artifact name="ConfigurationManagementCreateUserIdentityManagementAPIResponseToCMAPIResponse" groupId="nl.weintegrate.wealert.api.configurationmanagement.wso2.resource" version="1.0.0" type="registry/resource" serverRole="GovernanceRegistry">
        <item>
            <file>ConfigurationManagementCreateUserIdentityManagementAPIResponseToCMAPIResponse.xslt</file>
            <path>/_system/governance/nl/weintegrate/wealert/service/configurationmanagement/v1/xslt</path>
            <mediaType>application/xslt+xml</mediaType>
        </item>
    </artifact>
    <artifact name="ConfigurationManagementGetUserIdentityManagementAPIEndpoint" groupId="nl.weintegrate.wealert.api.configurationmanagement.wso2.resource" version="1.0.0" type="registry/resource" serverRole="GovernanceRegistry">
        <item>
            <file>ConfigurationManagementGetUserIdentityManagementAPIEndpoint.xml</file>
            <path>/_system/governance/nl/weintegrate/wealert/service/configurationmanagement/v1/endpoint</path>
            <mediaType>application/vnd.wso2.esb.endpoint</mediaType>
        </item>
    </artifact>
    <artifact name="ConfigurationManagementGetUserIdentityManagementAPIResponseToCMAPIResponse" groupId="nl.weintegrate.wealert.api.configurationmanagement.wso2.resource" version="1.0.0" type="registry/resource" serverRole="GovernanceRegistry">
        <item>
            <file>ConfigurationManagementGetUserIdentityManagementAPIResponseToCMAPIResponse.xslt</file>
            <path>/_system/governance/nl/weintegrate/wealert/service/configurationmanagement/v1/xslt</path>
            <mediaType>application/xslt+xml</mediaType>
        </item>
    </artifact>
    <artifact name="ConfigurationManagementUpdateUserIdentityManagementAPIResponseToCMAPIResponse" groupId="nl.weintegrate.wealert.api.configurationmanagement.wso2.resource" version="1.0.0" type="registry/resource" serverRole="GovernanceRegistry">
        <item>
            <file>ConfigurationManagementUpdateUserIdentityManagementAPIResponseToCMAPIResponse.xslt</file>
            <path>/_system/governance/nl/weintegrate/wealert/service/configurationmanagement/v1/xslt</path>
            <mediaType>application/xslt+xml</mediaType>
        </item>
    </artifact>
    <artifact name="ConfigurationManagementUpdateUserJSONXMLToCMAPIRequest" groupId="nl.weintegrate.wealert.api.configurationmanagement.wso2.resource" version="1.0.0" type="registry/resource" serverRole="GovernanceRegistry">
        <item>
            <file>ConfigurationManagementUpdateUserJSONXMLToCMAPIRequest.xslt</file>
            <path>/_system/governance/nl/weintegrate/wealert/service/configurationmanagement/v1/xslt</path>
            <mediaType>application/xslt+xml</mediaType>
        </item>
    </artifact>
    <artifact name="ConfigurationManagementUpdateUserRequestToIdentityManagementAPIRequest" groupId="nl.weintegrate.wealert.api.configurationmanagement.wso2.resource" version="1.0.0" type="registry/resource" serverRole="GovernanceRegistry">
        <item>
            <file>ConfigurationManagementUpdateUserRequestToIdentityManagementAPIRequest.xslt</file>
            <path>/_system/governance/nl/weintegrate/wealert/service/configurationmanagement/v1/xslt</path>
            <mediaType>application/xslt+xml</mediaType>
        </item>
    </artifact>
    <artifact name="ConfigurationManagementUpdateUserIdentityManagementAPIEndpoint" groupId="nl.weintegrate.wealert.api.configurationmanagement.wso2.resource" version="1.0.0" type="registry/resource" serverRole="GovernanceRegistry">
        <item>
            <file>ConfigurationManagementUpdateUserIdentityManagementAPIEndpoint.xml</file>
            <path>/_system/governance/nl/weintegrate/wealert/service/configurationmanagement/v1/endpoint</path>
            <mediaType>application/vnd.wso2.esb.endpoint</mediaType>
        </item>
    </artifact>
    <artifact name="ConfigurationManagementCreateClientAdminIMAPIToCMAPIResponse" groupId="nl.weintegrate.wealert.api.configurationmanagement.wso2.resource" version="1.0.0" type="registry/resource" serverRole="GovernanceRegistry">
        <item>
            <file>ConfigurationManagementCreateClientAdminIMAPIToCMAPIResponse.xslt</file>
            <path>/_system/governance/nl/weintegrate/wealert/service/configurationmanagement/v1/xslt</path>
            <mediaType>application/xslt+xml</mediaType>
        </item>
    </artifact>
    <artifact name="ConfigurationManagementCreateClientAdminJSONXMLToCMAPIRequest" groupId="nl.weintegrate.wealert.api.configurationmanagement.wso2.resource" version="1.0.0" type="registry/resource" serverRole="GovernanceRegistry">
        <item>
            <file>ConfigurationManagementCreateClientAdminJSONXMLToCMAPIRequest.xslt</file>
            <path>/_system/governance/nl/weintegrate/wealert/service/configurationmanagement/v1/xslt</path>
            <mediaType>application/xslt+xml</mediaType>
        </item>
    </artifact>
    <artifact name="ConfigurationManagementCreateClientAdminToIMAPIRequest" groupId="nl.weintegrate.wealert.api.configurationmanagement.wso2.resource" version="1.0.0" type="registry/resource" serverRole="GovernanceRegistry">
        <item>
            <file>ConfigurationManagementCreateClientAdminToIMAPIRequest.xslt</file>
            <path>/_system/governance/nl/weintegrate/wealert/service/configurationmanagement/v1/xslt</path>
            <mediaType>application/xslt+xml</mediaType>
        </item>
    </artifact>
    <artifact name="ConfigurationManagementCreateClientAdminIMAPIEndpoint" groupId="nl.weintegrate.wealert.api.configurationmanagement.wso2.resource" version="1.0.0" type="registry/resource" serverRole="GovernanceRegistry">
        <item>
            <file>ConfigurationManagementCreateClientAdminIMAPIEndpoint.xml</file>
            <path>/_system/governance/nl/weintegrate/wealert/service/configurationmanagement/v1/endpoint</path>
            <mediaType>application/vnd.wso2.esb.endpoint</mediaType>
        </item>
    </artifact>
    <artifact name="ConfigurationManagementCreateApplicationGroupRequestToAPAPIRequest" groupId="nl.weintegrate.wealert.api.configurationmanagement.wso2.resource" version="1.0.0" type="registry/resource" serverRole="GovernanceRegistry">
        <item>
            <file>ConfigurationManagementCreateApplicationGroupRequestToAPAPIRequest.xslt</file>
            <path>/_system/governance/nl/weintegrate/wealert/service/configurationmanagement/v1/xslt</path>
            <mediaType>application/xslt+xml</mediaType>
        </item>
    </artifact>
    <artifact name="ConfigurationManagementConvertGetApplicationListDSSResponseToCMAPIResponse" groupId="nl.weintegrate.wealert.api.configurationmanagement.wso2.resource" version="1.0.0" type="registry/resource" serverRole="GovernanceRegistry">
        <item>
            <file>ConfigurationManagementConvertGetApplicationListDSSResponseToCMAPIResponse.xslt</file>
            <path>/_system/governance/nl/weintegrate/wealert/service/configurationmanagement/v1/xslt</path>
            <mediaType>application/xslt+xml</mediaType>
        </item>
    </artifact>
    <artifact name="ConfigurationManagementCreateApplicationCMToDSSRequest" groupId="nl.weintegrate.wealert.api.configurationmanagement.wso2.resource" version="1.0.0" type="registry/resource" serverRole="GovernanceRegistry">
        <item>
            <file>ConfigurationManagementCreateApplicationCMToDSSRequest.xslt</file>
            <path>/_system/governance/nl/weintegrate/wealert/service/configurationmanagement/v1/xslt</path>
            <mediaType>application/xslt+xml</mediaType>
        </item>
    </artifact>
    <artifact name="ConfigurationManagementCreateApplicationGroupJSONXMLToCMAPIRequest" groupId="nl.weintegrate.wealert.api.configurationmanagement.wso2.resource" version="1.0.0" type="registry/resource" serverRole="GovernanceRegistry">
        <item>
            <file>ConfigurationManagementCreateApplicationGroupJSONXMLToCMAPIRequest.xslt</file>
            <path>/_system/governance/nl/weintegrate/wealert/service/configurationmanagement/v1/xslt</path>
            <mediaType>application/xslt+xml</mediaType>
        </item>
    </artifact>
    <artifact name="ConfigurationManagementCreateApplicationGroupAPAPIToCMAPIResponse" groupId="nl.weintegrate.wealert.api.configurationmanagement.wso2.resource" version="1.0.0" type="registry/resource" serverRole="GovernanceRegistry">
        <item>
            <file>ConfigurationManagementCreateApplicationGroupAPAPIToCMAPIResponse.xslt</file>
            <path>/_system/governance/nl/weintegrate/wealert/service/configurationmanagement/v1/xslt</path>
            <mediaType>application/xslt+xml</mediaType>
        </item>
    </artifact>
    <artifact name="ConfigurationManagementCreateApplicationGroupAPAPIEndpoint" groupId="nl.weintegrate.wealert.api.configurationmanagement.wso2.resource" version="1.0.0" type="registry/resource" serverRole="GovernanceRegistry">
        <item>
            <file>ConfigurationManagementCreateApplicationGroupAPAPIEndpoint.xml</file>
            <path>/_system/governance/nl/weintegrate/wealert/service/configurationmanagement/v1/endpoint</path>
            <mediaType>application/vnd.wso2.esb.endpoint</mediaType>
        </item>
    </artifact>
    <artifact name="ConfigurationManagementDataServiceEndpoint" groupId="nl.weintegrate.wealert.api.configurationmanagement.wso2.resource" version="1.0.0" type="registry/resource" serverRole="GovernanceRegistry">
        <item>
            <file>ConfigurationManagementDataServiceEndpoint.xml</file>
            <path>/_system/governance/nl/weintegrate/wealert/service/configurationmanagement/v1/endpoint</path>
            <mediaType>application/vnd.wso2.esb.endpoint</mediaType>
        </item>
    </artifact>
    <artifact name="ConfigurationManagementGetUserJSONXMLToCMAPIRequest" groupId="nl.weintegrate.wealert.api.configurationmanagement.wso2.resource" version="1.0.0" type="registry/resource" serverRole="GovernanceRegistry">
        <item>
            <file>ConfigurationManagementGetUserJSONXMLToCMAPIRequest.xslt</file>
            <path>/_system/governance/nl/weintegrate/wealert/service/configurationmanagement/v1/xslt</path>
            <mediaType>application/xslt+xml</mediaType>
        </item>
    </artifact>
    <artifact name="ConfigurationManagementGetUserToIMAPIRequest" groupId="nl.weintegrate.wealert.api.configurationmanagement.wso2.resource" version="1.0.0" type="registry/resource" serverRole="GovernanceRegistry">
        <item>
            <file>ConfigurationManagementGetUserToIMAPIRequest.xslt</file>
            <path>/_system/governance/nl/weintegrate/wealert/service/configurationmanagement/v1/xslt</path>
            <mediaType>application/xslt+xml</mediaType>
        </item>
    </artifact>
    <artifact name="ConfigurationManagementDeleteUserToIMAPIRequest" groupId="nl.weintegrate.wealert.api.configurationmanagement.wso2.resource" version="1.0.0" type="registry/resource" serverRole="GovernanceRegistry">
        <item>
            <file>ConfigurationManagementDeleteUserToIMAPIRequest.xslt</file>
            <path>/_system/governance/nl/weintegrate/wealert/service/configurationmanagement/v1/xslt</path>
            <mediaType>application/xslt+xml</mediaType>
        </item>
    </artifact>
    <artifact name="ConfigurationManagementDeleteUserJSONXMLToCMAPIRequest" groupId="nl.weintegrate.wealert.api.configurationmanagement.wso2.resource" version="1.0.0" type="registry/resource" serverRole="GovernanceRegistry">
        <item>
            <file>ConfigurationManagementDeleteUserJSONXMLToCMAPIRequest.xslt</file>
            <path>/_system/governance/nl/weintegrate/wealert/service/configurationmanagement/v1/xslt</path>
            <mediaType>application/xslt+xml</mediaType>
        </item>
    </artifact>
    <artifact name="ConfigurationManagementGetApplicationGroupJSONXMLToCMAPIRequest" groupId="nl.weintegrate.wealert.api.configurationmanagement.wso2.resource" version="1.0.0" type="registry/resource" serverRole="GovernanceRegistry">
        <item>
            <file>ConfigurationManagementGetApplicationGroupJSONXMLToCMAPIRequest.xslt</file>
            <path>/_system/governance/nl/weintegrate/wealert/service/configurationmanagement/v1/xslt</path>
            <mediaType>application/xslt+xml</mediaType>
        </item>
    </artifact>
    <artifact name="ConfigurationManagementGetApplicationGroupToAPAPIRequest" groupId="nl.weintegrate.wealert.api.configurationmanagement.wso2.resource" version="1.0.0" type="registry/resource" serverRole="GovernanceRegistry">
        <item>
            <file>ConfigurationManagementGetApplicationGroupToAPAPIRequest.xslt</file>
            <path>/_system/governance/nl/weintegrate/wealert/service/configurationmanagement/v1/xslt</path>
            <mediaType>application/xslt+xml</mediaType>
        </item>
    </artifact>
    <artifact name="ConfigurationManagementGetApplicationGroupAPAPIToCMAPIResponse" groupId="nl.weintegrate.wealert.api.configurationmanagement.wso2.resource" version="1.0.0" type="registry/resource" serverRole="GovernanceRegistry">
        <item>
            <file>ConfigurationManagementGetApplicationGroupAPAPIToCMAPIResponse.xslt</file>
            <path>/_system/governance/nl/weintegrate/wealert/service/configurationmanagement/v1/xslt</path>
            <mediaType>application/xslt+xml</mediaType>
        </item>
    </artifact>
    <artifact name="ConfigurationManagementGetApplicationGroupAPAPIEndpoint" groupId="nl.weintegrate.wealert.api.configurationmanagement.wso2.resource" version="1.0.0" type="registry/resource" serverRole="GovernanceRegistry">
        <item>
            <file>ConfigurationManagementGetApplicationGroupAPAPIEndpoint.xml</file>
            <path>/_system/governance/nl/weintegrate/wealert/service/configurationmanagement/v1/endpoint</path>
            <mediaType>application/vnd.wso2.esb.endpoint</mediaType>
        </item>
    </artifact>
    <artifact name="ConfigurationManagementDeleteApplicationGroupAPAPIEndpoint" groupId="nl.weintegrate.wealert.api.configurationmanagement.wso2.resource" version="1.0.0" type="registry/resource" serverRole="GovernanceRegistry">
        <item>
            <file>ConfigurationManagementDeleteApplicationGroupAPAPIEndpoint.xml</file>
            <path>/_system/governance/nl/weintegrate/wealert/service/configurationmanagement/v1/endpoint</path>
            <mediaType>application/vnd.wso2.esb.endpoint</mediaType>
        </item>
    </artifact>
    <artifact name="ConfigurationManagementDeleteApplicationGroupJSONXMLToCMAPIRequest" groupId="nl.weintegrate.wealert.api.configurationmanagement.wso2.resource" version="1.0.0" type="registry/resource" serverRole="GovernanceRegistry">
        <item>
            <file>ConfigurationManagementDeleteApplicationGroupJSONXMLToCMAPIRequest.xslt</file>
            <path>/_system/governance/nl/weintegrate/wealert/service/configurationmanagement/v1/xslt</path>
            <mediaType>application/xslt+xml</mediaType>
        </item>
    </artifact>
    <artifact name="ConfigurationManagementDeleteApplicationGroupToIMAPIRequest" groupId="nl.weintegrate.wealert.api.configurationmanagement.wso2.resource" version="1.0.0" type="registry/resource" serverRole="GovernanceRegistry">
        <item>
            <file>ConfigurationManagementDeleteApplicationGroupToIMAPIRequest.xslt</file>
            <path>/_system/governance/nl/weintegrate/wealert/service/configurationmanagement/v1/xslt</path>
            <mediaType>application/xslt+xml</mediaType>
        </item>
    </artifact>
    <artifact name="ConfigurationManagementCreateApplicationJSONXMLToCMAPIRequest" groupId="nl.weintegrate.wealert.api.configurationmanagement.wso2.resource" version="1.0.0" type="registry/resource" serverRole="GovernanceRegistry">
        <item>
            <file>ConfigurationManagementCreateApplicationJSONXMLToCMAPIRequest.xslt</file>
            <path>/_system/governance/nl/weintegrate/wealert/service/configurationmanagement/v1/xslt</path>
            <mediaType>application/xslt+xml</mediaType>
        </item>
    </artifact>
    <artifact name="ConfigurationManagementDeleteApplicationGroupToCMAPIResponse" groupId="nl.weintegrate.wealert.api.configurationmanagement.wso2.resource" version="1.0.0" type="registry/resource" serverRole="GovernanceRegistry">
        <item>
            <file>ConfigurationManagementDeleteApplicationGroupToCMAPIResponse.xslt</file>
            <path>/_system/governance/nl/weintegrate/wealert/service/configurationmanagement/v1/xslt</path>
            <mediaType>application/xslt+xml</mediaType>
        </item>
    </artifact>
    <artifact name="ConfigurationManagementUpdateApplicationGroupAPAPIToCMAPIResponse" groupId="nl.weintegrate.wealert.api.configurationmanagement.wso2.resource" version="1.0.0" type="registry/resource" serverRole="GovernanceRegistry">
        <item>
            <file>ConfigurationManagementUpdateApplicationGroupAPAPIToCMAPIResponse.xslt</file>
            <path>/_system/governance/nl/weintegrate/wealert/service/configurationmanagement/v1/xslt</path>
            <mediaType>application/xslt+xml</mediaType>
        </item>
    </artifact>
    <artifact name="ConfigurationManagementUpdateApplicationGroupJSONXMLToCMAPIRequest" groupId="nl.weintegrate.wealert.api.configurationmanagement.wso2.resource" version="1.0.0" type="registry/resource" serverRole="GovernanceRegistry">
        <item>
            <file>ConfigurationManagementUpdateApplicationGroupJSONXMLToCMAPIRequest.xslt</file>
            <path>/_system/governance/nl/weintegrate/wealert/service/configurationmanagement/v1/xslt</path>
            <mediaType>application/xslt+xml</mediaType>
        </item>
    </artifact>
    <artifact name="ConfigurationManagementUpdateApplicationGroupRequestToAPAPIRequest" groupId="nl.weintegrate.wealert.api.configurationmanagement.wso2.resource" version="1.0.0" type="registry/resource" serverRole="GovernanceRegistry">
        <item>
            <file>ConfigurationManagementUpdateApplicationGroupRequestToAPAPIRequest.xslt</file>
            <path>/_system/governance/nl/weintegrate/wealert/service/configurationmanagement/v1/xslt</path>
            <mediaType>application/xslt+xml</mediaType>
        </item>
    </artifact>
    <artifact name="ConfigurationManagementUpdateApplicationGroupAPAPIEndpoint" groupId="nl.weintegrate.wealert.api.configurationmanagement.wso2.resource" version="1.0.0" type="registry/resource" serverRole="GovernanceRegistry">
        <item>
            <file>ConfigurationManagementUpdateApplicationGroupAPAPIEndpoint.xml</file>
            <path>/_system/governance/nl/weintegrate/wealert/service/configurationmanagement/v1/endpoint</path>
            <mediaType>application/vnd.wso2.esb.endpoint</mediaType>
        </item>
    </artifact>
    <artifact name="ConfigurationManagementGetClientAdminListIMAPIToCMAPIResponse" groupId="nl.weintegrate.wealert.api.configurationmanagement.wso2.resource" version="1.0.0" type="registry/resource" serverRole="GovernanceRegistry">
        <item>
            <file>ConfigurationManagementGetClientAdminListIMAPIToCMAPIResponse.xslt</file>
            <path>/_system/governance/nl/weintegrate/wealert/service/configurationmanagement/v1/xslt</path>
            <mediaType>application/xslt+xml</mediaType>
        </item>
    </artifact>
    <artifact name="ConfigurationManagementGetClientAdminListToIMAPIRequest" groupId="nl.weintegrate.wealert.api.configurationmanagement.wso2.resource" version="1.0.0" type="registry/resource" serverRole="GovernanceRegistry">
        <item>
            <file>ConfigurationManagementGetClientAdminListToIMAPIRequest.xslt</file>
            <path>/_system/governance/nl/weintegrate/wealert/service/configurationmanagement/v1/xslt</path>
            <mediaType>application/xslt+xml</mediaType>
        </item>
    </artifact>
    <artifact name="ConfigurationManagementGetClientAdminListJSONXMLToCMAPIRequest" groupId="nl.weintegrate.wealert.api.configurationmanagement.wso2.resource" version="1.0.0" type="registry/resource" serverRole="GovernanceRegistry">
        <item>
            <file>ConfigurationManagementGetClientAdminListJSONXMLToCMAPIRequest.xslt</file>
            <path>/_system/governance/nl/weintegrate/wealert/service/configurationmanagement/v1/xslt</path>
            <mediaType>application/xslt+xml</mediaType>
        </item>
    </artifact>
    <artifact name="ConfigurationManagementGetTopicNameDSSToCMAPIResponse" groupId="nl.weintegrate.wealert.api.configurationmanagement.wso2.resource" version="1.0.0" type="registry/resource" serverRole="GovernanceRegistry">
        <item>
            <file>ConfigurationManagementGetTopicNameDSSToCMAPIResponse.xslt</file>
            <path>/_system/governance/nl/weintegrate/wealert/service/configurationmanagement/v1/xslt</path>
            <mediaType>application/xslt+xml</mediaType>
        </item>
    </artifact>
    <artifact name="ConfigurationManagementGetClientAdminListIMAPIEndpoint" groupId="nl.weintegrate.wealert.api.configurationmanagement.wso2.resource" version="1.0.0" type="registry/resource" serverRole="GovernanceRegistry">
        <item>
            <file>ConfigurationManagementGetClientAdminListIMAPIEndpoint.xml</file>
            <path>/_system/governance/nl/weintegrate/wealert/service/configurationmanagement/v1/endpoint</path>
            <mediaType>application/vnd.wso2.esb.endpoint</mediaType>
        </item>
    </artifact>
    <artifact name="ConfigurationManagementCreateClientAdminToDSSRequest" groupId="nl.weintegrate.wealert.api.configurationmanagement.wso2.resource" version="1.0.0" type="registry/resource" serverRole="GovernanceRegistry">
        <item>
            <file>ConfigurationManagementCreateClientAdminToDSSRequest.xslt</file>
            <path>/_system/governance/nl/weintegrate/wealert/service/configurationmanagement/v1/xslt</path>
            <mediaType>application/xslt+xml</mediaType>
        </item>
    </artifact>
    <artifact name="ConfigurationManagementGetClientAdminUserListToIMAPIRequest" groupId="nl.weintegrate.wealert.api.configurationmanagement.wso2.resource" version="1.0.0" type="registry/resource" serverRole="GovernanceRegistry">
        <item>
            <file>ConfigurationManagementGetClientAdminUserListToIMAPIRequest.xslt</file>
            <path>/_system/governance/nl/weintegrate/wealert/service/configurationmanagement/v1/xslt</path>
            <mediaType>application/xslt+xml</mediaType>
        </item>
    </artifact>
    <artifact name="ConfigurationManagementGetClientAdminUserListJSONXMLToCMAPIRequest" groupId="nl.weintegrate.wealert.api.configurationmanagement.wso2.resource" version="1.0.0" type="registry/resource" serverRole="GovernanceRegistry">
        <item>
            <file>ConfigurationManagementGetClientAdminUserListJSONXMLToCMAPIRequest.xslt</file>
            <path>/_system/governance/nl/weintegrate/wealert/service/configurationmanagement/v1/xslt</path>
            <mediaType>application/xslt+xml</mediaType>
        </item>
    </artifact>
    <artifact name="ConfigurationManagementGetClientAdminListDSSResponseToCMAPIResponse" groupId="nl.weintegrate.wealert.api.configurationmanagement.wso2.resource" version="1.0.0" type="registry/resource" serverRole="GovernanceRegistry">
        <item>
            <file>ConfigurationManagementGetClientAdminListDSSResponseToCMAPIResponse.xslt</file>
            <path>/_system/governance/nl/weintegrate/wealert/service/configurationmanagement/v1/xslt</path>
            <mediaType>application/xslt+xml</mediaType>
        </item>
    </artifact>
    <artifact name="ConfigurationManagementGetClientAdminUserListIMAPIEndpoint" groupId="nl.weintegrate.wealert.api.configurationmanagement.wso2.resource" version="1.0.0" type="registry/resource" serverRole="GovernanceRegistry">
        <item>
            <file>ConfigurationManagementGetClientAdminUserListIMAPIEndpoint.xml</file>
            <path>/_system/governance/nl/weintegrate/wealert/service/configurationmanagement/v1/endpoint</path>
            <mediaType>application/vnd.wso2.esb.endpoint</mediaType>
        </item>
    </artifact>
    <artifact name="ConfigurationManagementGetClientAdminUserListIMAPIToCMAPIResponse" groupId="nl.weintegrate.wealert.api.configurationmanagement.wso2.resource" version="1.0.0" type="registry/resource" serverRole="GovernanceRegistry">
        <item>
            <file>ConfigurationManagementGetClientAdminUserListIMAPIToCMAPIResponse.xslt</file>
            <path>/_system/governance/nl/weintegrate/wealert/service/configurationmanagement/v1/xslt</path>
            <mediaType>application/xslt+xml</mediaType>
        </item>
    </artifact>
    <artifact name="ConfigurationManagementCreateApplicationGroupToDSSRequest" groupId="nl.weintegrate.wealert.api.configurationmanagement.wso2.resource" version="1.0.0" type="registry/resource" serverRole="GovernanceRegistry">
        <item>
            <file>ConfigurationManagementCreateApplicationGroupToDSSRequest.xslt</file>
            <path>/_system/governance/nl/weintegrate/wealert/service/configurationmanagement/v1/xslt</path>
            <mediaType>application/xslt+xml</mediaType>
        </item>
    </artifact>
    <artifact name="ConfigurationManagementGetClientAdminApplicationGroupListCMToDSSRequest" groupId="nl.weintegrate.wealert.api.configurationmanagement.wso2.resource" version="1.0.0" type="registry/resource" serverRole="GovernanceRegistry">
        <item>
            <file>ConfigurationManagementGetClientAdminApplicationGroupListCMToDSSRequest.xslt</file>
            <path>/_system/governance/nl/weintegrate/wealert/service/configurationmanagement/v1/xslt</path>
            <mediaType>application/xslt+xml</mediaType>
        </item>
    </artifact>
    <artifact name="ConfigurationManagementGetClientAdminApplicationGroupListDSSResponseToCMAPIResponse" groupId="nl.weintegrate.wealert.api.configurationmanagement.wso2.resource" version="1.0.0" type="registry/resource" serverRole="GovernanceRegistry">
        <item>
            <file>ConfigurationManagementGetClientAdminApplicationGroupListDSSResponseToCMAPIResponse.xslt</file>
            <path>/_system/governance/nl/weintegrate/wealert/service/configurationmanagement/v1/xslt</path>
            <mediaType>application/xslt+xml</mediaType>
        </item>
    </artifact>
    <artifact name="ConfigurationManagementCreateUserToDSSRequest" groupId="nl.weintegrate.wealert.api.configurationmanagement.wso2.resource" version="1.0.0" type="registry/resource" serverRole="GovernanceRegistry">
        <item>
            <file>ConfigurationManagementCreateUserToDSSRequest.xslt</file>
            <path>/_system/governance/nl/weintegrate/wealert/service/configurationmanagement/v1/xslt</path>
            <mediaType>application/xslt+xml</mediaType>
        </item>
    </artifact>
    <artifact name="ConfigurationManagementGetClientAdminApplicationGroupListJSONXMLToCMAPIRequest" groupId="nl.weintegrate.wealert.api.configurationmanagement.wso2.resource" version="1.0.0" type="registry/resource" serverRole="GovernanceRegistry">
        <item>
            <file>ConfigurationManagementGetClientAdminApplicationGroupListJSONXMLToCMAPIRequest.xslt</file>
            <path>/_system/governance/nl/weintegrate/wealert/service/configurationmanagement/v1/xslt</path>
            <mediaType>application/xslt+xml</mediaType>
        </item>
    </artifact>
    <artifact name="ConfigurationManagementDeleteApplicationGroupToDSSRequest" groupId="nl.weintegrate.wealert.api.configurationmanagement.wso2.resource" version="1.0.0" type="registry/resource" serverRole="GovernanceRegistry">
        <item>
            <file>ConfigurationManagementDeleteApplicationGroupToDSSRequest.xslt</file>
            <path>/_system/governance/nl/weintegrate/wealert/service/configurationmanagement/v1/xslt</path>
            <mediaType>application/xslt+xml</mediaType>
        </item>
    </artifact>
    <artifact name="ConfigurationManagementDeleteUserToDSSRequest" groupId="nl.weintegrate.wealert.api.configurationmanagement.wso2.resource" version="1.0.0" type="registry/resource" serverRole="GovernanceRegistry">
        <item>
            <file>ConfigurationManagementDeleteUserToDSSRequest.xslt</file>
            <path>/_system/governance/nl/weintegrate/wealert/service/configurationmanagement/v1/xslt</path>
            <mediaType>application/xslt+xml</mediaType>
        </item>
    </artifact>
    <artifact name="ConfigurationManagementDeleteApplicationCMToDSSRequest" groupId="nl.weintegrate.wealert.api.configurationmanagement.wso2.resource" version="1.0.0" type="registry/resource" serverRole="GovernanceRegistry">
        <item>
            <file>ConfigurationManagementDeleteApplicationCMToDSSRequest.xslt</file>
            <path>/_system/governance/nl/weintegrate/wealert/service/configurationmanagement/v1/xslt</path>
            <mediaType>application/xslt+xml</mediaType>
        </item>
    </artifact>
    <artifact name="ConfigurationManagementDeleteApplicationJSONXMLToCMAPIRequest" groupId="nl.weintegrate.wealert.api.configurationmanagement.wso2.resource" version="1.0.0" type="registry/resource" serverRole="GovernanceRegistry">
        <item>
            <file>ConfigurationManagementDeleteApplicationJSONXMLToCMAPIRequest.xslt</file>
            <path>/_system/governance/nl/weintegrate/wealert/service/configurationmanagement/v1/xslt</path>
            <mediaType>application/xslt+xml</mediaType>
        </item>
    </artifact>
    <artifact name="ConfigurationManagementAssignApplicationToGroupJSONXMLToCMAPIRequest" groupId="nl.weintegrate.wealert.api.configurationmanagement.wso2.resource" version="1.0.0" type="registry/resource" serverRole="GovernanceRegistry">
        <item>
            <file>ConfigurationManagementAssignApplicationToGroupJSONXMLToCMAPIRequest.xslt</file>
            <path>/_system/governance/nl/weintegrate/wealert/service/configurationmanagement/v1/xslt</path>
            <mediaType>application/xslt+xml</mediaType>
        </item>
    </artifact>
    <artifact name="ConfigurationManagementAssignApplicationToGroupCMAPIRequestToDSSRequest" groupId="nl.weintegrate.wealert.api.configurationmanagement.wso2.resource" version="1.0.0" type="registry/resource" serverRole="GovernanceRegistry">
        <item>
            <file>ConfigurationManagementAssignApplicationToGroupCMAPIRequestToDSSRequest.xslt</file>
            <path>/_system/governance/nl/weintegrate/wealert/service/configurationmanagement/v1/xslt</path>
            <mediaType>application/xslt+xml</mediaType>
        </item>
    </artifact>
    <artifact name="ConfigurationManagementUpdateApplicationGroupToDSSRequest" groupId="nl.weintegrate.wealert.api.configurationmanagement.wso2.resource" version="1.0.0" type="registry/resource" serverRole="GovernanceRegistry">
        <item>
            <file>ConfigurationManagementUpdateApplicationGroupToDSSRequest.xslt</file>
            <path>/_system/governance/nl/weintegrate/wealert/service/configurationmanagement/v1/xslt</path>
            <mediaType>application/xslt+xml</mediaType>
        </item>
    </artifact>
    <artifact name="ConfigurationManagementDeleteClientAdminCMAPIToIMAPIRequest" groupId="nl.weintegrate.wealert.api.configurationmanagement.wso2.resource" version="1.0.0" type="registry/resource" serverRole="GovernanceRegistry">
        <item>
            <file>ConfigurationManagementDeleteClientAdminCMAPIToIMAPIRequest.xslt</file>
            <path>/_system/governance/nl/weintegrate/wealert/service/configurationmanagement/v1/xslt</path>
            <mediaType>application/xslt+xml</mediaType>
        </item>
    </artifact>
    <artifact name="ConfigurationManagementDeleteClientAdminJSONXMLToCMAPIRequest" groupId="nl.weintegrate.wealert.api.configurationmanagement.wso2.resource" version="1.0.0" type="registry/resource" serverRole="GovernanceRegistry">
        <item>
            <file>ConfigurationManagementDeleteClientAdminJSONXMLToCMAPIRequest.xslt</file>
            <path>/_system/governance/nl/weintegrate/wealert/service/configurationmanagement/v1/xslt</path>
            <mediaType>application/xslt+xml</mediaType>
        </item>
    </artifact>
    <artifact name="ConfigurationManagementDeleteClientAdminIMAPIToCMAPIResponse" groupId="nl.weintegrate.wealert.api.configurationmanagement.wso2.resource" version="1.0.0" type="registry/resource" serverRole="GovernanceRegistry">
        <item>
            <file>ConfigurationManagementDeleteClientAdminIMAPIToCMAPIResponse.xslt</file>
            <path>/_system/governance/nl/weintegrate/wealert/service/configurationmanagement/v1/xslt</path>
            <mediaType>application/xslt+xml</mediaType>
        </item>
    </artifact>
    <artifact name="ConfigurationManagementDeleteClientAdminIMAPIEndpoint" groupId="nl.weintegrate.wealert.api.configurationmanagement.wso2.resource" version="1.0.0" type="registry/resource" serverRole="GovernanceRegistry">
        <item>
            <file>ConfigurationManagementDeleteClientAdminIMAPIEndpoint.xml</file>
            <path>/_system/governance/nl/weintegrate/wealert/service/configurationmanagement/v1/endpoint</path>
            <mediaType>application/vnd.wso2.esb.endpoint</mediaType>
        </item>
    </artifact>
    <artifact name="ConfigurationManagementGetTopicNameCMAPIRequestToDSSRequest" groupId="nl.weintegrate.wealert.api.configurationmanagement.wso2.resource" version="1.0.0" type="registry/resource" serverRole="GovernanceRegistry">
        <item>
            <file>ConfigurationManagementGetTopicNameCMAPIRequestToDSSRequest.xslt</file>
            <path>/_system/governance/nl/weintegrate/wealert/service/configurationmanagement/v1/xslt</path>
            <mediaType>application/xslt+xml</mediaType>
        </item>
    </artifact>
    <artifact name="ConfigurationManagementGetTopicNameJSONXMLToCMAPIRequest" groupId="nl.weintegrate.wealert.api.configurationmanagement.wso2.resource" version="1.0.0" type="registry/resource" serverRole="GovernanceRegistry">
        <item>
            <file>ConfigurationManagementGetTopicNameJSONXMLToCMAPIRequest.xslt</file>
            <path>/_system/governance/nl/weintegrate/wealert/service/configurationmanagement/v1/xslt</path>
            <mediaType>application/xslt+xml</mediaType>
        </item>
    </artifact>
    <artifact name="ConfigurationManagementDeleteClientAdminToDSSRequest" groupId="nl.weintegrate.wealert.api.configurationmanagement.wso2.resource" version="1.0.0" type="registry/resource" serverRole="GovernanceRegistry">
        <item>
            <file>ConfigurationManagementDeleteClientAdminToDSSRequest.xslt</file>
            <path>/_system/governance/nl/weintegrate/wealert/service/configurationmanagement/v1/xslt</path>
            <mediaType>application/xslt+xml</mediaType>
        </item>
    </artifact>
    <artifact name="ConfigurationManagementGetClientAdminListToDSSRequest" groupId="nl.weintegrate.wealert.api.configurationmanagement.wso2.resource" version="1.0.0" type="registry/resource" serverRole="GovernanceRegistry">
        <item>
            <file>ConfigurationManagementGetClientAdminListToDSSRequest.xslt</file>
            <path>/_system/governance/nl/weintegrate/wealert/service/configurationmanagement/v1/xslt</path>
            <mediaType>application/xslt+xml</mediaType>
        </item>
    </artifact>
    <artifact name="ConfigurationManagementChangePasswordCMAPIToIMAPIRequest" groupId="nl.weintegrate.wealert.api.configurationmanagement.wso2.resource" version="1.0.0" type="registry/resource" serverRole="GovernanceRegistry">
        <item>
            <file>ConfigurationManagementChangePasswordCMAPIToIMAPIRequest.xslt</file>
            <path>/_system/governance/nl/weintegrate/wealert/service/configurationmanagement/v1/xslt</path>
            <mediaType>application/xslt+xml</mediaType>
        </item>
    </artifact>
    <artifact name="ConfigurationManagementChangePasswordIMAPIToCMAPIResponse" groupId="nl.weintegrate.wealert.api.configurationmanagement.wso2.resource" version="1.0.0" type="registry/resource" serverRole="GovernanceRegistry">
        <item>
            <file>ConfigurationManagementChangePasswordIMAPIToCMAPIResponse.xslt</file>
            <path>/_system/governance/nl/weintegrate/wealert/service/configurationmanagement/v1/xslt</path>
            <mediaType>application/xslt+xml</mediaType>
        </item>
    </artifact>
    <artifact name="ConfigurationManagementChangePasswordJSONXMLToCMAPIRequest" groupId="nl.weintegrate.wealert.api.configurationmanagement.wso2.resource" version="1.0.0" type="registry/resource" serverRole="GovernanceRegistry">
        <item>
            <file>ConfigurationManagementChangePasswordJSONXMLToCMAPIRequest.xslt</file>
            <path>/_system/governance/nl/weintegrate/wealert/service/configurationmanagement/v1/xslt</path>
            <mediaType>application/xslt+xml</mediaType>
        </item>
    </artifact>
    <artifact name="ConfigurationManagementChangePasswordIMAPIEndpoint" groupId="nl.weintegrate.wealert.api.configurationmanagement.wso2.resource" version="1.0.0" type="registry/resource" serverRole="GovernanceRegistry">
        <item>
            <file>ConfigurationManagementChangePasswordIMAPIEndpoint.xml</file>
            <path>/_system/governance/nl/weintegrate/wealert/service/configurationmanagement/v1/endpoint</path>
            <mediaType>application/vnd.wso2.esb.endpoint</mediaType>
        </item>
    </artifact>
    <artifact name="ConfigurationManagementGetApplicationGroupWithApplicationsResponse" groupId="nl.weintegrate.wealert.api.configurationmanagement.wso2.resource" version="1.0.0" type="registry/resource" serverRole="GovernanceRegistry">
        <item>
            <file>ConfigurationManagementGetApplicationGroupWithApplicationsResponse.xslt</file>
            <path>/_system/governance/nl/weintegrate/wealert/service/configurationmanagement/v1/xslt</path>
            <mediaType>application/xslt+xml</mediaType>
        </item>
    </artifact>
    <artifact name="ConfigurationManagementModifyGroupWithUsersJSONXMLToCMAPIRequest" groupId="nl.weintegrate.wealert.api.configurationmanagement.wso2.resource" version="1.0.0" type="registry/resource" serverRole="GovernanceRegistry">
        <item>
            <file>ConfigurationManagementModifyGroupWithUsersJSONXMLToCMAPIRequest.xslt</file>
            <path>/_system/governance/nl/weintegrate/wealert/service/configurationmanagement/v1/xslt</path>
            <mediaType>application/xslt+xml</mediaType>
        </item>
    </artifact>
    <artifact name="ConfigurationManagementAuthorizeUserCMToDSSRequest" groupId="nl.weintegrate.wealert.api.configurationmanagement.wso2.resource" version="1.0.0" type="registry/resource" serverRole="GovernanceRegistry">
        <item>
            <file>ConfigurationManagementAuthorizeUserCMToDSSRequest.xslt</file>
            <path>/_system/governance/nl/weintegrate/wealert/service/configurationmanagement/v1/xslt</path>
            <mediaType>application/xslt+xml</mediaType>
        </item>
    </artifact>
    <artifact name="ConfigurationManagementAuthorizeMemberUserAPAPIEndpoint" groupId="nl.weintegrate.wealert.api.configurationmanagement.wso2.resource" version="1.0.0" type="registry/resource" serverRole="GovernanceRegistry">
        <item>
            <file>ConfigurationManagementAuthorizeMemberUserAPAPIEndpoint.xml</file>
            <path>/_system/governance/nl/weintegrate/wealert/service/configurationmanagement/v1/endpoint</path>
            <mediaType>application/vnd.wso2.esb.endpoint</mediaType>
        </item>
    </artifact>
    <artifact name="ConfigurationManagementModifyGroupWithUsersRequestToAPAPIRequest" groupId="nl.weintegrate.wealert.api.configurationmanagement.wso2.resource" version="1.0.0" type="registry/resource" serverRole="GovernanceRegistry">
        <item>
            <file>ConfigurationManagementModifyGroupWithUsersRequestToAPAPIRequest.xslt</file>
            <path>/_system/governance/nl/weintegrate/wealert/service/configurationmanagement/v1/xslt</path>
            <mediaType>application/xslt+xml</mediaType>
        </item>
    </artifact>
    <artifact name="ConfigurationManagementModifyGroupWithUsersToDSSRequest" groupId="nl.weintegrate.wealert.api.configurationmanagement.wso2.resource" version="1.0.0" type="registry/resource" serverRole="GovernanceRegistry">
        <item>
            <file>ConfigurationManagementModifyGroupWithUsersToDSSRequest.xslt</file>
            <path>/_system/governance/nl/weintegrate/wealert/service/configurationmanagement/v1/xslt</path>
            <mediaType>application/xslt+xml</mediaType>
        </item>
    </artifact>
    <artifact name="ConfigurationManagementModifyGroupWithUsersAPAPIToCMAPIResponse" groupId="nl.weintegrate.wealert.api.configurationmanagement.wso2.resource" version="1.0.0" type="registry/resource" serverRole="GovernanceRegistry">
        <item>
            <file>ConfigurationManagementModifyGroupWithUsersAPAPIToCMAPIResponse.xslt</file>
            <path>/_system/governance/nl/weintegrate/wealert/service/configurationmanagement/v1/xslt</path>
            <mediaType>application/xslt+xml</mediaType>
        </item>
    </artifact>
    <artifact name="ConfigurationManagementAuthorizeMemberUserJSONXMLToCMAPIRequest" groupId="nl.weintegrate.wealert.api.configurationmanagement.wso2.resource" version="1.0.0" type="registry/resource" serverRole="GovernanceRegistry">
        <item>
            <file>ConfigurationManagementAuthorizeMemberUserJSONXMLToCMAPIRequest.xslt</file>
            <path>/_system/governance/nl/weintegrate/wealert/service/configurationmanagement/v1/xslt</path>
            <mediaType>application/xslt+xml</mediaType>
        </item>
    </artifact>
    <artifact name="ConfigurationManagementAuthorizeMemberUserAPAPIToCMAPIResponse" groupId="nl.weintegrate.wealert.api.configurationmanagement.wso2.resource" version="1.0.0" type="registry/resource" serverRole="GovernanceRegistry">
        <item>
            <file>ConfigurationManagementAuthorizeMemberUserAPAPIToCMAPIResponse.xslt</file>
            <path>/_system/governance/nl/weintegrate/wealert/service/configurationmanagement/v1/xslt</path>
            <mediaType>application/xslt+xml</mediaType>
        </item>
    </artifact>
    <artifact name="ConfigurationManagementChangePasswordToDSSRequest" groupId="nl.weintegrate.wealert.api.configurationmanagement.wso2.resource" version="1.0.0" type="registry/resource" serverRole="GovernanceRegistry">
        <item>
            <file>ConfigurationManagementChangePasswordToDSSRequest.xslt</file>
            <path>/_system/governance/nl/weintegrate/wealert/service/configurationmanagement/v1/xslt</path>
            <mediaType>application/xslt+xml</mediaType>
        </item>
    </artifact>
    <artifact name="ConfigurationManagementRegisterMobileAPAPIEndpoint" groupId="nl.weintegrate.wealert.api.configurationmanagement.wso2.resource" version="1.0.0" type="registry/resource" serverRole="GovernanceRegistry">
        <item>
            <file>ConfigurationManagementRegisterMobileAPAPIEndpoint.xml</file>
            <path>/_system/governance/nl/weintegrate/wealert/service/configurationmanagement/v1/endpoint</path>
            <mediaType>application/vnd.wso2.esb.endpoint</mediaType>
        </item>
    </artifact>
    <artifact name="ConfigurationManagementModifyApplicationGroupWithApplicationsCMAPIRequestToDSSRequest" groupId="nl.weintegrate.wealert.api.configurationmanagement.wso2.resource" version="1.0.0" type="registry/resource" serverRole="GovernanceRegistry">
        <item>
            <file>ConfigurationManagementModifyApplicationGroupWithApplicationsCMAPIRequestToDSSRequest.xslt</file>
            <path>/_system/governance/nl/weintegrate/wealert/service/configurationmanagement/v1/xslt</path>
            <mediaType>application/xslt+xml</mediaType>
        </item>
    </artifact>
    <artifact name="ConfigurationManagementModifyApplicationGroupWithApplicationsJSONXMLToCMAPIRequest" groupId="nl.weintegrate.wealert.api.configurationmanagement.wso2.resource" version="1.0.0" type="registry/resource" serverRole="GovernanceRegistry">
        <item>
            <file>ConfigurationManagementModifyApplicationGroupWithApplicationsJSONXMLToCMAPIRequest.xslt</file>
            <path>/_system/governance/nl/weintegrate/wealert/service/configurationmanagement/v1/xslt</path>
            <mediaType>application/xslt+xml</mediaType>
        </item>
    </artifact>
    <artifact name="ConfigurationManagementGetDeviceIdFromGroup" groupId="nl.weintegrate.wealert.api.configurationmanagement.wso2.resource" version="1.0.0" type="registry/resource" serverRole="GovernanceRegistry">
        <item>
            <file>ConfigurationManagementGetDeviceIdFromGroup.xslt</file>
            <path>/_system/governance/nl/weintegrate/wealert/service/configurationmanagement/v1/xslt</path>
            <mediaType>application/xslt+xml</mediaType>
        </item>
    </artifact>
    <artifact name="ConfigurationManagementUpdateUserToDSSRequest" groupId="nl.weintegrate.wealert.api.configurationmanagement.wso2.resource" version="1.0.0" type="registry/resource" serverRole="GovernanceRegistry">
        <item>
            <file>ConfigurationManagementUpdateUserToDSSRequest.xslt</file>
            <path>/_system/governance/nl/weintegrate/wealert/service/configurationmanagement/v1/xslt</path>
            <mediaType>application/xslt+xml</mediaType>
        </item>
    </artifact>
    <artifact name="ConfigurationManagementUpdateApplicationToDSSRequest" groupId="nl.weintegrate.wealert.api.configurationmanagement.wso2.resource" version="1.0.0" type="registry/resource" serverRole="GovernanceRegistry">
        <item>
            <file>ConfigurationManagementUpdateApplicationToDSSRequest.xslt</file>
            <path>/_system/governance/nl/weintegrate/wealert/service/configurationmanagement/v1/xslt</path>
            <mediaType>application/xslt+xml</mediaType>
        </item>
    </artifact>
    <artifact name="ConfigurationManagementUpdateApplicationJSONXMLToCMAPIRequest" groupId="nl.weintegrate.wealert.api.configurationmanagement.wso2.resource" version="1.0.0" type="registry/resource" serverRole="GovernanceRegistry">
        <item>
            <file>ConfigurationManagementUpdateApplicationJSONXMLToCMAPIRequest.xslt</file>
            <path>/_system/governance/nl/weintegrate/wealert/service/configurationmanagement/v1/xslt</path>
            <mediaType>application/xslt+xml</mediaType>
        </item>
    </artifact>
    <artifact name="ConfigurationManagementUpdateApplicationDSSResponseToCMAPIResponse" groupId="nl.weintegrate.wealert.api.configurationmanagement.wso2.resource" version="1.0.0" type="registry/resource" serverRole="GovernanceRegistry">
        <item>
            <file>ConfigurationManagementUpdateApplicationDSSResponseToCMAPIResponse.xslt</file>
            <path>/_system/governance/nl/weintegrate/wealert/service/configurationmanagement/v1/xslt</path>
            <mediaType>application/xslt+xml</mediaType>
        </item>
    </artifact>
    <artifact name="ConfigurationManagementGetGroupForUserDSSToCMAPIResponse" groupId="nl.weintegrate.wealert.api.configurationmanagement.wso2.resource" version="1.0.0" type="registry/resource" serverRole="GovernanceRegistry">
        <item>
            <file>ConfigurationManagementGetGroupForUserDSSToCMAPIResponse.xslt</file>
            <path>/_system/governance/nl/weintegrate/wealert/service/configurationmanagement/v1/xslt</path>
            <mediaType>application/xslt+xml</mediaType>
        </item>
    </artifact>
    <artifact name="ConfigurationManagementGetGroupForUserJSONXMLToCMAPIRequest" groupId="nl.weintegrate.wealert.api.configurationmanagement.wso2.resource" version="1.0.0" type="registry/resource" serverRole="GovernanceRegistry">
        <item>
            <file>ConfigurationManagementGetGroupForUserJSONXMLToCMAPIRequest.xslt</file>
            <path>/_system/governance/nl/weintegrate/wealert/service/configurationmanagement/v1/xslt</path>
            <mediaType>application/xslt+xml</mediaType>
        </item>
    </artifact>
    <artifact name="ConfigurationManagementGetGroupForUserToDSSRequest" groupId="nl.weintegrate.wealert.api.configurationmanagement.wso2.resource" version="1.0.0" type="registry/resource" serverRole="GovernanceRegistry">
        <item>
            <file>ConfigurationManagementGetGroupForUserToDSSRequest.xslt</file>
            <path>/_system/governance/nl/weintegrate/wealert/service/configurationmanagement/v1/xslt</path>
            <mediaType>application/xslt+xml</mediaType>
        </item>
    </artifact>
    <artifact name="ConfigurationManagementAPIGetGroupForUserEndpoint" groupId="nl.weintegrate.wealert.api.configurationmanagement.wso2.resource" version="1.0.0" type="registry/resource" serverRole="GovernanceRegistry">
        <item>
            <file>ConfigurationManagementAPIGetGroupForUserEndpoint.xml</file>
            <path>/_system/governance/nl/weintegrate/wealert/service/configurationmanagement/v1/endpoint</path>
            <mediaType>application/vnd.wso2.esb.endpoint</mediaType>
        </item>
    </artifact>
    <artifact name="ConfigurationManagementCreateRemoveUserFromPolicyRequest" groupId="nl.weintegrate.wealert.api.configurationmanagement.wso2.resource" version="1.0.0" type="registry/resource" serverRole="GovernanceRegistry">
        <item>
            <file>ConfigurationManagementCreateRemoveUserFromPolicyRequest.xslt</file>
            <path>/_system/governance/nl/weintegrate/wealert/service/configurationmanagement/v1/xslt</path>
            <mediaType>application/xslt+xml</mediaType>
        </item>
    </artifact>
    <artifact name="ConfigurationManagementRemoveUserFromPolicyAPAPIEndpoint" groupId="nl.weintegrate.wealert.api.configurationmanagement.wso2.resource" version="1.0.0" type="registry/resource" serverRole="GovernanceRegistry">
        <item>
            <file>ConfigurationManagementRemoveUserFromPolicyAPAPIEndpoint.xml</file>
            <path>/_system/governance/nl/weintegrate/wealert/service/configurationmanagement/v1/endpoint</path>
            <mediaType>application/vnd.wso2.esb.endpoint</mediaType>
        </item>
    </artifact>
    <artifact name="ConfigurationManagementCreateTopicBWEndpoint" groupId="nl.weintegrate.wealert.api.configurationmanagement.wso2.resource" version="1.0.0" type="registry/resource" serverRole="GovernanceRegistry">
        <item>
            <file>ConfigurationManagementCreateTopicBWEndpoint.xml</file>
            <path>/_system/governance/nl/weintegrate/wealert/service/configurationmanagement/v1/endpoint</path>
            <mediaType>application/vnd.wso2.esb.endpoint</mediaType>
        </item>
    </artifact>
</artifacts>
