<?xml version="1.0" encoding="UTF-8"?>
<api context="/AuthorizationPolicyAPI" name="AuthorizationPolicyAPI_01" xmlns="http://ws.apache.org/ns/synapse">
  <resource
    faultSequence="AuthorizationPolicyAPI_01_GetAuthorizationPolicyPerCodeFaultSequence_01"
    methods="POST" protocol="http" uri-template="/policies/get">
    <inSequence>
      <sequence key="AuthorizationPolicyAPI_01_GetAuthorizationPolicyPerCodeInSequence_01"/>
    </inSequence>
    <outSequence>
      <sequence key="AuthorizationPolicyAPI_01_GetAuthorizationPolicyPerCodeOutSequence_01"/>
    </outSequence>
  </resource>
  <resource
    faultSequence="AuthorizationPolicyAPI_01_AuthorizeAuthorizationPolicyFaultSequence_01"
    methods="POST" protocol="http" uri-template="/policies/authorization">
    <inSequence>
      <sequence key="AuthorizationPolicyAPI_01_AuthorizeAuthorizationPolicyInSequence_01"/>
    </inSequence>
    <outSequence>
      <sequence key="AuthorizationPolicyAPI_01_AuthorizeAuthorizationPolicyOutSequence_01"/>
    </outSequence>
  </resource>
  <resource
    faultSequence="AuthorizationPolicyAPI_01_CreateAuthorizationPolicyFaultSequence_01"
    methods="POST" protocol="http" url-mapping="/policies">
    <inSequence>
      <sequence key="AuthorizationPolicyAPI_01_CreateAuthorizationPolicyInSequence_01"/>
    </inSequence>
    <outSequence>
      <sequence key="AuthorizationPolicyAPI_01_CreateAuthorizationPolicyOutSequence_01"/>
    </outSequence>
  </resource>
  <resource
    faultSequence="AuthorizationPolicyAPI_01_UpdateAuthorizationPolicyFaultSequence_01"
    methods="PUT" protocol="http" url-mapping="/policies">
    <inSequence>
      <sequence key="AuthorizationPolicyAPI_01_UpdateAuthorizationPolicyInSequence_01"/>
    </inSequence>
    <outSequence>
      <sequence key="AuthorizationPolicyAPI_01_UpdateAuthorizationPolicyOutSequence_01"/>
    </outSequence>
  </resource>
  <resource
    faultSequence="AuthorizationPolicyAPI_01_UpdateAuthorizationPolicyWithDeviceIdFaultSequence_01"
    methods="PUT" protocol="http" url-mapping="/policies/deviceids">
    <inSequence>
      <sequence key="AuthorizationPolicyAPI_01_UpdateAuthorizationPolicyWithDeviceIdInSequence_01"/>
    </inSequence>
    <outSequence>
      <sequence key="AuthorizationPolicyAPI_01_UpdateAuthorizationPolicyWithDeviceIdOutSequence_01"/>
    </outSequence>
  </resource>
  <resource
    faultSequence="AuthorizationPolicyAPI_01_DeleteAuthorizationPolicyFaultSequence_01"
    methods="POST" protocol="http" uri-template="/policies/delete">
    <inSequence>
      <sequence key="AuthorizationPolicyAPI_01_DeleteAuthorizationPolicyInSequence_01"/>
    </inSequence>
    <outSequence>
      <sequence key="AuthorizationPolicyAPI_01_DeleteAuthorizationPolicyOutSequence_01"/>
    </outSequence>
  </resource>
  <resource
    faultSequence="AuthorizationPolicyAPI_01_RemoveUserFromPolicyFaultSequence_01"
    methods="PUT" protocol="http" uri-template="/policies/user/remove">
    <inSequence>
      <sequence key="AuthorizationPolicyAPI_01_RemoveUserFromPolicyInSequence_01"/>
    </inSequence>
    <outSequence>
      <sequence key="AuthorizationPolicyAPI_01_RemoveUserFromPolicyOutSequence_01"/>
    </outSequence>
  </resource>
</api>
