<?xml version="1.0" encoding="UTF-8"?><artifacts>
    <artifact name="IdentityManagementAPI_01" groupId="nl.weintegrate.wealert.api.identitymanagement.wso2.api" version="1.0.0" type="synapse/api" serverRole="EnterpriseServiceBus">
        <file>src/main/synapse-config/api/IdentityManagementAPI_01.xml</file>
    </artifact>
    <artifact name="IdentityManagementAPI_01_AuthenticateIdentityManagementInSequence_01" groupId="nl.weintegrate.wealert.api.identitymanagement.wso2.sequence" version="1.0.0" type="synapse/sequence" serverRole="EnterpriseServiceBus">
        <file>src/main/synapse-config/sequences/IdentityManagementAPI_01_AuthenticateIdentityManagementInSequence_01.xml</file>
    </artifact>
    <artifact name="IdentityManagementAPI_01_ValidateAuthenticateIdentityManagementCDMRequest_01" groupId="nl.weintegrate.wealert.api.identitymanagement.wso2.sequence" version="1.0.0" type="synapse/sequence" serverRole="EnterpriseServiceBus">
        <file>src/main/synapse-config/sequences/IdentityManagementAPI_01_ValidateAuthenticateIdentityManagementCDMRequest_01.xml</file>
    </artifact>
    <artifact name="IdentityManagementAPI_01_ConvertAuthenticateIdentityManagementCDMRequestToISRequest_01" groupId="nl.weintegrate.wealert.api.identitymanagement.wso2.sequence" version="1.0.0" type="synapse/sequence" serverRole="EnterpriseServiceBus">
        <file>src/main/synapse-config/sequences/IdentityManagementAPI_01_ConvertAuthenticateIdentityManagementCDMRequestToISRequest_01.xml</file>
    </artifact>
    <artifact name="IdentityManagementAPI_01_AuthenticateIdentityManagementOutSequence_01" groupId="nl.weintegrate.wealert.api.identitymanagement.wso2.sequence" version="1.0.0" type="synapse/sequence" serverRole="EnterpriseServiceBus">
        <file>src/main/synapse-config/sequences/IdentityManagementAPI_01_AuthenticateIdentityManagementOutSequence_01.xml</file>
    </artifact>
    <artifact name="IdentityManagementAPI_01_ValidateAuthenticateIdentityManagementCDMResponse_01" groupId="nl.weintegrate.wealert.api.identitymanagement.wso2.sequence" version="1.0.0" type="synapse/sequence" serverRole="EnterpriseServiceBus">
        <file>src/main/synapse-config/sequences/IdentityManagementAPI_01_ValidateAuthenticateIdentityManagementCDMResponse_01.xml</file>
    </artifact>
    <artifact name="IdentityManagementAPI_01_ConvertAuthenticateIdentityManagementISResponseToCDMResponse_01" groupId="nl.weintegrate.wealert.api.identitymanagement.wso2.sequence" version="1.0.0" type="synapse/sequence" serverRole="EnterpriseServiceBus">
        <file>src/main/synapse-config/sequences/IdentityManagementAPI_01_ConvertAuthenticateIdentityManagementISResponseToCDMResponse_01.xml</file>
    </artifact>
    <artifact name="IdentityManagementAPI_01_AuthenticateIdentityManagementFaultSequence_01" groupId="nl.weintegrate.wealert.api.identitymanagement.wso2.sequence" version="1.0.0" type="synapse/sequence" serverRole="EnterpriseServiceBus">
        <file>src/main/synapse-config/sequences/IdentityManagementAPI_01_AuthenticateIdentityManagementFaultSequence_01.xml</file>
    </artifact>
    <artifact name="IdentityManagementAPI_01_AssignRoleIdentityManagementInSequence_01" groupId="nl.weintegrate.wealert.api.identitymanagement.wso2.sequence" version="1.0.0" type="synapse/sequence" serverRole="EnterpriseServiceBus">
        <file>src/main/synapse-config/sequences/IdentityManagementAPI_01_AssignRoleIdentityManagementInSequence_01.xml</file>
    </artifact>
    <artifact name="IdentityManagementAPI_01_ValidateAssignRoleIdentityManagementCDMRequest_01" groupId="nl.weintegrate.wealert.api.identitymanagement.wso2.sequence" version="1.0.0" type="synapse/sequence" serverRole="EnterpriseServiceBus">
        <file>src/main/synapse-config/sequences/IdentityManagementAPI_01_ValidateAssignRoleIdentityManagementCDMRequest_01.xml</file>
    </artifact>
    <artifact name="IdentityManagementAPI_01_ConvertAssignRoleIdentityManagementCDMRequestToISRequest_01" groupId="nl.weintegrate.wealert.api.identitymanagement.wso2.sequence" version="1.0.0" type="synapse/sequence" serverRole="EnterpriseServiceBus">
        <file>src/main/synapse-config/sequences/IdentityManagementAPI_01_ConvertAssignRoleIdentityManagementCDMRequestToISRequest_01.xml</file>
    </artifact>
    <artifact name="IdentityManagementAPI_01_AssignRoleIdentityManagementOutSequence_01" groupId="nl.weintegrate.wealert.api.identitymanagement.wso2.sequence" version="1.0.0" type="synapse/sequence" serverRole="EnterpriseServiceBus">
        <file>src/main/synapse-config/sequences/IdentityManagementAPI_01_AssignRoleIdentityManagementOutSequence_01.xml</file>
    </artifact>
    <artifact name="IdentityManagementAPI_01_ValidateAssignRoleIdentityManagementCDMResponse_01" groupId="nl.weintegrate.wealert.api.identitymanagement.wso2.sequence" version="1.0.0" type="synapse/sequence" serverRole="EnterpriseServiceBus">
        <file>src/main/synapse-config/sequences/IdentityManagementAPI_01_ValidateAssignRoleIdentityManagementCDMResponse_01.xml</file>
    </artifact>
    <artifact name="IdentityManagementAPI_01_ConvertAssignRoleIdentityManagementISResponseToCDMResponse_01" groupId="nl.weintegrate.wealert.api.identitymanagement.wso2.sequence" version="1.0.0" type="synapse/sequence" serverRole="EnterpriseServiceBus">
        <file>src/main/synapse-config/sequences/IdentityManagementAPI_01_ConvertAssignRoleIdentityManagementISResponseToCDMResponse_01.xml</file>
    </artifact>
    <artifact name="IdentityManagementAPI_01_AssignRoleIdentityManagementFaultSequence_01" groupId="nl.weintegrate.wealert.api.identitymanagement.wso2.sequence" version="1.0.0" type="synapse/sequence" serverRole="EnterpriseServiceBus">
        <file>src/main/synapse-config/sequences/IdentityManagementAPI_01_AssignRoleIdentityManagementFaultSequence_01.xml</file>
    </artifact>
    <artifact name="IdentityManagementAPI_01_AddRolePermissionIdentityManagementInSequence_01" groupId="nl.weintegrate.wealert.api.identitymanagement.wso2.sequence" version="1.0.0" type="synapse/sequence" serverRole="EnterpriseServiceBus">
        <file>src/main/synapse-config/sequences/IdentityManagementAPI_01_AddRolePermissionIdentityManagementInSequence_01.xml</file>
    </artifact>
    <artifact name="IdentityManagementAPI_01_ValidateAddRolePermissionIdentityManagementCDMRequest_01" groupId="nl.weintegrate.wealert.api.identitymanagement.wso2.sequence" version="1.0.0" type="synapse/sequence" serverRole="EnterpriseServiceBus">
        <file>src/main/synapse-config/sequences/IdentityManagementAPI_01_ValidateAddRolePermissionIdentityManagementCDMRequest_01.xml</file>
    </artifact>
    <artifact name="IdentityManagementAPI_01_ConvertAddRolePermissionIdentityManagementCDMRequestToISRequest_01" groupId="nl.weintegrate.wealert.api.identitymanagement.wso2.sequence" version="1.0.0" type="synapse/sequence" serverRole="EnterpriseServiceBus">
        <file>src/main/synapse-config/sequences/IdentityManagementAPI_01_ConvertAddRolePermissionIdentityManagementCDMRequestToISRequest_01.xml</file>
    </artifact>
    <artifact name="IdentityManagementAPI_01_AddRolePermissionIdentityManagementOutSequence_01" groupId="nl.weintegrate.wealert.api.identitymanagement.wso2.sequence" version="1.0.0" type="synapse/sequence" serverRole="EnterpriseServiceBus">
        <file>src/main/synapse-config/sequences/IdentityManagementAPI_01_AddRolePermissionIdentityManagementOutSequence_01.xml</file>
    </artifact>
    <artifact name="IdentityManagementAPI_01_ValidateAddRolePermissionIdentityManagementCDMResponse_01" groupId="nl.weintegrate.wealert.api.identitymanagement.wso2.sequence" version="1.0.0" type="synapse/sequence" serverRole="EnterpriseServiceBus">
        <file>src/main/synapse-config/sequences/IdentityManagementAPI_01_ValidateAddRolePermissionIdentityManagementCDMResponse_01.xml</file>
    </artifact>
    <artifact name="IdentityManagementAPI_01_ConvertAddRolePermissionIdentityManagementISResponseToCDMResponse_01" groupId="nl.weintegrate.wealert.api.identitymanagement.wso2.sequence" version="1.0.0" type="synapse/sequence" serverRole="EnterpriseServiceBus">
        <file>src/main/synapse-config/sequences/IdentityManagementAPI_01_ConvertAddRolePermissionIdentityManagementISResponseToCDMResponse_01.xml</file>
    </artifact>
    <artifact name="IdentityManagementAPI_01_AddRolePermissionIdentityManagementFaultSequence_01" groupId="nl.weintegrate.wealert.api.identitymanagement.wso2.sequence" version="1.0.0" type="synapse/sequence" serverRole="EnterpriseServiceBus">
        <file>src/main/synapse-config/sequences/IdentityManagementAPI_01_AddRolePermissionIdentityManagementFaultSequence_01.xml</file>
    </artifact>
    <artifact name="IdentityManagementAPI_01_CreateUserIdentityManagementInSequence_01" groupId="nl.weintegrate.wealert.api.identitymanagement.wso2.sequence" version="1.0.0" type="synapse/sequence" serverRole="EnterpriseServiceBus">
        <file>src/main/synapse-config/sequences/IdentityManagementAPI_01_CreateUserIdentityManagementInSequence_01.xml</file>
    </artifact>
    <artifact name="IdentityManagementAPI_01_ValidateCreateUserIdentityManagementCDMRequest_01" groupId="nl.weintegrate.wealert.api.identitymanagement.wso2.sequence" version="1.0.0" type="synapse/sequence" serverRole="EnterpriseServiceBus">
        <file>src/main/synapse-config/sequences/IdentityManagementAPI_01_ValidateCreateUserIdentityManagementCDMRequest_01.xml</file>
    </artifact>
    <artifact name="IdentityManagementAPI_01_ConvertCreateUserIdentityManagementCDMRequestToISRequest_01" groupId="nl.weintegrate.wealert.api.identitymanagement.wso2.sequence" version="1.0.0" type="synapse/sequence" serverRole="EnterpriseServiceBus">
        <file>src/main/synapse-config/sequences/IdentityManagementAPI_01_ConvertCreateUserIdentityManagementCDMRequestToISRequest_01.xml</file>
    </artifact>
    <artifact name="IdentityManagementAPI_01_CreateUserIdentityManagementOutSequence_01" groupId="nl.weintegrate.wealert.api.identitymanagement.wso2.sequence" version="1.0.0" type="synapse/sequence" serverRole="EnterpriseServiceBus">
        <file>src/main/synapse-config/sequences/IdentityManagementAPI_01_CreateUserIdentityManagementOutSequence_01.xml</file>
    </artifact>
    <artifact name="IdentityManagementAPI_01_CreateClientAdminInSequence_01" groupId="nl.weintegrate.wealert.api.identitymanagement.wso2.sequence" version="1.0.0" type="synapse/sequence" serverRole="EnterpriseServiceBus">
        <file>src/main/synapse-config/sequences/IdentityManagementAPI_01_CreateClientAdminInSequence_01.xml</file>
    </artifact>
    <artifact name="IdentityManagementAPI_01_ValidateCreateClientAdminCDMRequest_01" groupId="nl.weintegrate.wealert.api.identitymanagement.wso2.sequence" version="1.0.0" type="synapse/sequence" serverRole="EnterpriseServiceBus">
        <file>src/main/synapse-config/sequences/IdentityManagementAPI_01_ValidateCreateClientAdminCDMRequest_01.xml</file>
    </artifact>
    <artifact name="IdentityManagementAPI_01_CreateClientAdminOutSequence_01" groupId="nl.weintegrate.wealert.api.identitymanagement.wso2.sequence" version="1.0.0" type="synapse/sequence" serverRole="EnterpriseServiceBus">
        <file>src/main/synapse-config/sequences/IdentityManagementAPI_01_CreateClientAdminOutSequence_01.xml</file>
    </artifact>
    <artifact name="IdentityManagementAPI_01_CreateClientAdminFaultSequence_01" groupId="nl.weintegrate.wealert.api.identitymanagement.wso2.sequence" version="1.0.0" type="synapse/sequence" serverRole="EnterpriseServiceBus">
        <file>src/main/synapse-config/sequences/IdentityManagementAPI_01_CreateClientAdminFaultSequence_01.xml</file>
    </artifact>
    <artifact name="IdentityManagementAPI_01_ValidateCreateUserIdentityManagementCDMResponse_01" groupId="nl.weintegrate.wealert.api.identitymanagement.wso2.sequence" version="1.0.0" type="synapse/sequence" serverRole="EnterpriseServiceBus">
        <file>src/main/synapse-config/sequences/IdentityManagementAPI_01_ValidateCreateUserIdentityManagementCDMResponse_01.xml</file>
    </artifact>
    <artifact name="IdentityManagementAPI_01_ConvertCreateUserIdentityManagementISResponseToCDMResponse_01" groupId="nl.weintegrate.wealert.api.identitymanagement.wso2.sequence" version="1.0.0" type="synapse/sequence" serverRole="EnterpriseServiceBus">
        <file>src/main/synapse-config/sequences/IdentityManagementAPI_01_ConvertCreateUserIdentityManagementISResponseToCDMResponse_01.xml</file>
    </artifact>
    <artifact name="IdentityManagementAPI_01_CreateUserIdentityManagementFaultSequence_01" groupId="nl.weintegrate.wealert.api.identitymanagement.wso2.sequence" version="1.0.0" type="synapse/sequence" serverRole="EnterpriseServiceBus">
        <file>src/main/synapse-config/sequences/IdentityManagementAPI_01_CreateUserIdentityManagementFaultSequence_01.xml</file>
    </artifact>
    <artifact name="IdentityManagementAPI_01_CreateRoleIdentityManagementInSequence_01" groupId="nl.weintegrate.wealert.api.identitymanagement.wso2.sequence" version="1.0.0" type="synapse/sequence" serverRole="EnterpriseServiceBus">
        <file>src/main/synapse-config/sequences/IdentityManagementAPI_01_CreateRoleIdentityManagementInSequence_01.xml</file>
    </artifact>
    <artifact name="IdentityManagementAPI_01_ValidateCreateRoleIdentityManagementCDMRequest_01" groupId="nl.weintegrate.wealert.api.identitymanagement.wso2.sequence" version="1.0.0" type="synapse/sequence" serverRole="EnterpriseServiceBus">
        <file>src/main/synapse-config/sequences/IdentityManagementAPI_01_ValidateCreateRoleIdentityManagementCDMRequest_01.xml</file>
    </artifact>
    <artifact name="IdentityManagementAPI_01_ConvertCreateRoleIdentityManagementCDMRequestToISRequest_01" groupId="nl.weintegrate.wealert.api.identitymanagement.wso2.sequence" version="1.0.0" type="synapse/sequence" serverRole="EnterpriseServiceBus">
        <file>src/main/synapse-config/sequences/IdentityManagementAPI_01_ConvertCreateRoleIdentityManagementCDMRequestToISRequest_01.xml</file>
    </artifact>
    <artifact name="IdentityManagementAPI_01_CreateRoleIdentityManagementOutSequence_01" groupId="nl.weintegrate.wealert.api.identitymanagement.wso2.sequence" version="1.0.0" type="synapse/sequence" serverRole="EnterpriseServiceBus">
        <file>src/main/synapse-config/sequences/IdentityManagementAPI_01_CreateRoleIdentityManagementOutSequence_01.xml</file>
    </artifact>
    <artifact name="IdentityManagementAPI_01_ValidateCreateRoleIdentityManagementCDMResponse_01" groupId="nl.weintegrate.wealert.api.identitymanagement.wso2.sequence" version="1.0.0" type="synapse/sequence" serverRole="EnterpriseServiceBus">
        <file>src/main/synapse-config/sequences/IdentityManagementAPI_01_ValidateCreateRoleIdentityManagementCDMResponse_01.xml</file>
    </artifact>
    <artifact name="IdentityManagementAPI_01_ConvertCreateRoleIdentityManagementISResponseToCDMResponse_01" groupId="nl.weintegrate.wealert.api.identitymanagement.wso2.sequence" version="1.0.0" type="synapse/sequence" serverRole="EnterpriseServiceBus">
        <file>src/main/synapse-config/sequences/IdentityManagementAPI_01_ConvertCreateRoleIdentityManagementISResponseToCDMResponse_01.xml</file>
    </artifact>
    <artifact name="IdentityManagementAPI_01_CreateRoleIdentityManagementFaultSequence_01" groupId="nl.weintegrate.wealert.api.identitymanagement.wso2.sequence" version="1.0.0" type="synapse/sequence" serverRole="EnterpriseServiceBus">
        <file>src/main/synapse-config/sequences/IdentityManagementAPI_01_CreateRoleIdentityManagementFaultSequence_01.xml</file>
    </artifact>
    <artifact name="IdentityManagementAPI_01_GetUserIdentityManagementInSequence_01" groupId="nl.weintegrate.wealert.api.identitymanagement.wso2.sequence" version="1.0.0" type="synapse/sequence" serverRole="EnterpriseServiceBus">
        <file>src/main/synapse-config/sequences/IdentityManagementAPI_01_GetUserIdentityManagementInSequence_01.xml</file>
    </artifact>
    <artifact name="IdentityManagementAPI_01_ValidateGetUserIdentityManagementCDMRequest_01" groupId="nl.weintegrate.wealert.api.identitymanagement.wso2.sequence" version="1.0.0" type="synapse/sequence" serverRole="EnterpriseServiceBus">
        <file>src/main/synapse-config/sequences/IdentityManagementAPI_01_ValidateGetUserIdentityManagementCDMRequest_01.xml</file>
    </artifact>
    <artifact name="IdentityManagementAPI_01_ConvertGetUserIdentityManagementCDMRequestToISRequest_01" groupId="nl.weintegrate.wealert.api.identitymanagement.wso2.sequence" version="1.0.0" type="synapse/sequence" serverRole="EnterpriseServiceBus">
        <file>src/main/synapse-config/sequences/IdentityManagementAPI_01_ConvertGetUserIdentityManagementCDMRequestToISRequest_01.xml</file>
    </artifact>
    <artifact name="IdentityManagementAPI_01_GetUserIdentityManagementOutSequence_01" groupId="nl.weintegrate.wealert.api.identitymanagement.wso2.sequence" version="1.0.0" type="synapse/sequence" serverRole="EnterpriseServiceBus">
        <file>src/main/synapse-config/sequences/IdentityManagementAPI_01_GetUserIdentityManagementOutSequence_01.xml</file>
    </artifact>
    <artifact name="IdentityManagementAPI_01_ValidateGetUserIdentityManagementCDMResponse_01" groupId="nl.weintegrate.wealert.api.identitymanagement.wso2.sequence" version="1.0.0" type="synapse/sequence" serverRole="EnterpriseServiceBus">
        <file>src/main/synapse-config/sequences/IdentityManagementAPI_01_ValidateGetUserIdentityManagementCDMResponse_01.xml</file>
    </artifact>
    <artifact name="IdentityManagementAPI_01_ConvertGetUserIdentityManagementISResponseToCDMResponse_01" groupId="nl.weintegrate.wealert.api.identitymanagement.wso2.sequence" version="1.0.0" type="synapse/sequence" serverRole="EnterpriseServiceBus">
        <file>src/main/synapse-config/sequences/IdentityManagementAPI_01_ConvertGetUserIdentityManagementISResponseToCDMResponse_01.xml</file>
    </artifact>
    <artifact name="IdentityManagementAPI_01_GetUserIdentityManagementFaultSequence_01" groupId="nl.weintegrate.wealert.api.identitymanagement.wso2.sequence" version="1.0.0" type="synapse/sequence" serverRole="EnterpriseServiceBus">
        <file>src/main/synapse-config/sequences/IdentityManagementAPI_01_GetUserIdentityManagementFaultSequence_01.xml</file>
    </artifact>
    <artifact name="IdentityManagementAPI_01_GetRoleIdentityManagementInSequence_01" groupId="nl.weintegrate.wealert.api.identitymanagement.wso2.sequence" version="1.0.0" type="synapse/sequence" serverRole="EnterpriseServiceBus">
        <file>src/main/synapse-config/sequences/IdentityManagementAPI_01_GetRoleIdentityManagementInSequence_01.xml</file>
    </artifact>
    <artifact name="IdentityManagementAPI_01_ValidateGetRoleIdentityManagementCDMRequest_01" groupId="nl.weintegrate.wealert.api.identitymanagement.wso2.sequence" version="1.0.0" type="synapse/sequence" serverRole="EnterpriseServiceBus">
        <file>src/main/synapse-config/sequences/IdentityManagementAPI_01_ValidateGetRoleIdentityManagementCDMRequest_01.xml</file>
    </artifact>
    <artifact name="IdentityManagementAPI_01_ConvertGetRoleIdentityManagementCDMRequestToISRequest_01" groupId="nl.weintegrate.wealert.api.identitymanagement.wso2.sequence" version="1.0.0" type="synapse/sequence" serverRole="EnterpriseServiceBus">
        <file>src/main/synapse-config/sequences/IdentityManagementAPI_01_ConvertGetRoleIdentityManagementCDMRequestToISRequest_01.xml</file>
    </artifact>
    <artifact name="IdentityManagementAPI_01_GetRoleIdentityManagementOutSequence_01" groupId="nl.weintegrate.wealert.api.identitymanagement.wso2.sequence" version="1.0.0" type="synapse/sequence" serverRole="EnterpriseServiceBus">
        <file>src/main/synapse-config/sequences/IdentityManagementAPI_01_GetRoleIdentityManagementOutSequence_01.xml</file>
    </artifact>
    <artifact name="IdentityManagementAPI_01_ValidateGetRoleIdentityManagementCDMResponse_01" groupId="nl.weintegrate.wealert.api.identitymanagement.wso2.sequence" version="1.0.0" type="synapse/sequence" serverRole="EnterpriseServiceBus">
        <file>src/main/synapse-config/sequences/IdentityManagementAPI_01_ValidateGetRoleIdentityManagementCDMResponse_01.xml</file>
    </artifact>
    <artifact name="IdentityManagementAPI_01_ConvertGetRoleIdentityManagementISResponseToCDMResponse_01" groupId="nl.weintegrate.wealert.api.identitymanagement.wso2.sequence" version="1.0.0" type="synapse/sequence" serverRole="EnterpriseServiceBus">
        <file>src/main/synapse-config/sequences/IdentityManagementAPI_01_ConvertGetRoleIdentityManagementISResponseToCDMResponse_01.xml</file>
    </artifact>
    <artifact name="IdentityManagementAPI_01_GetRoleIdentityManagementFaultSequence_01" groupId="nl.weintegrate.wealert.api.identitymanagement.wso2.sequence" version="1.0.0" type="synapse/sequence" serverRole="EnterpriseServiceBus">
        <file>src/main/synapse-config/sequences/IdentityManagementAPI_01_GetRoleIdentityManagementFaultSequence_01.xml</file>
    </artifact>
    <artifact name="IdentityManagementAPI_01_UpdateUserIdentityManagementInSequence_01" groupId="nl.weintegrate.wealert.api.identitymanagement.wso2.sequence" version="1.0.0" type="synapse/sequence" serverRole="EnterpriseServiceBus">
        <file>src/main/synapse-config/sequences/IdentityManagementAPI_01_UpdateUserIdentityManagementInSequence_01.xml</file>
    </artifact>
    <artifact name="IdentityManagementAPI_01_ValidateUpdateUserIdentityManagementCDMRequest_01" groupId="nl.weintegrate.wealert.api.identitymanagement.wso2.sequence" version="1.0.0" type="synapse/sequence" serverRole="EnterpriseServiceBus">
        <file>src/main/synapse-config/sequences/IdentityManagementAPI_01_ValidateUpdateUserIdentityManagementCDMRequest_01.xml</file>
    </artifact>
    <artifact name="IdentityManagementAPI_01_ConvertUpdateUserIdentityManagementCDMRequestToISRequest_01" groupId="nl.weintegrate.wealert.api.identitymanagement.wso2.sequence" version="1.0.0" type="synapse/sequence" serverRole="EnterpriseServiceBus">
        <file>src/main/synapse-config/sequences/IdentityManagementAPI_01_ConvertUpdateUserIdentityManagementCDMRequestToISRequest_01.xml</file>
    </artifact>
    <artifact name="IdentityManagementAPI_01_UpdateUserIdentityManagementOutSequence_01" groupId="nl.weintegrate.wealert.api.identitymanagement.wso2.sequence" version="1.0.0" type="synapse/sequence" serverRole="EnterpriseServiceBus">
        <file>src/main/synapse-config/sequences/IdentityManagementAPI_01_UpdateUserIdentityManagementOutSequence_01.xml</file>
    </artifact>
    <artifact name="IdentityManagementAPI_01_ValidateUpdateUserIdentityManagementCDMResponse_01" groupId="nl.weintegrate.wealert.api.identitymanagement.wso2.sequence" version="1.0.0" type="synapse/sequence" serverRole="EnterpriseServiceBus">
        <file>src/main/synapse-config/sequences/IdentityManagementAPI_01_ValidateUpdateUserIdentityManagementCDMResponse_01.xml</file>
    </artifact>
    <artifact name="IdentityManagementAPI_01_ConvertUpdateUserIdentityManagementISResponseToCDMResponse_01" groupId="nl.weintegrate.wealert.api.identitymanagement.wso2.sequence" version="1.0.0" type="synapse/sequence" serverRole="EnterpriseServiceBus">
        <file>src/main/synapse-config/sequences/IdentityManagementAPI_01_ConvertUpdateUserIdentityManagementISResponseToCDMResponse_01.xml</file>
    </artifact>
    <artifact name="IdentityManagementAPI_01_UpdateUserIdentityManagementFaultSequence_01" groupId="nl.weintegrate.wealert.api.identitymanagement.wso2.sequence" version="1.0.0" type="synapse/sequence" serverRole="EnterpriseServiceBus">
        <file>src/main/synapse-config/sequences/IdentityManagementAPI_01_UpdateUserIdentityManagementFaultSequence_01.xml</file>
    </artifact>
    <artifact name="IdentityManagementAPI_01_UpdateRoleIdentityManagementInSequence_01" groupId="nl.weintegrate.wealert.api.identitymanagement.wso2.sequence" version="1.0.0" type="synapse/sequence" serverRole="EnterpriseServiceBus">
        <file>src/main/synapse-config/sequences/IdentityManagementAPI_01_UpdateRoleIdentityManagementInSequence_01.xml</file>
    </artifact>
    <artifact name="IdentityManagementAPI_01_ValidateUpdateRoleIdentityManagementCDMRequest_01" groupId="nl.weintegrate.wealert.api.identitymanagement.wso2.sequence" version="1.0.0" type="synapse/sequence" serverRole="EnterpriseServiceBus">
        <file>src/main/synapse-config/sequences/IdentityManagementAPI_01_ValidateUpdateRoleIdentityManagementCDMRequest_01.xml</file>
    </artifact>
    <artifact name="IdentityManagementAPI_01_ConvertUpdateRoleIdentityManagementCDMRequestToISRequest_01" groupId="nl.weintegrate.wealert.api.identitymanagement.wso2.sequence" version="1.0.0" type="synapse/sequence" serverRole="EnterpriseServiceBus">
        <file>src/main/synapse-config/sequences/IdentityManagementAPI_01_ConvertUpdateRoleIdentityManagementCDMRequestToISRequest_01.xml</file>
    </artifact>
    <artifact name="IdentityManagementAPI_01_UpdateRoleIdentityManagementOutSequence_01" groupId="nl.weintegrate.wealert.api.identitymanagement.wso2.sequence" version="1.0.0" type="synapse/sequence" serverRole="EnterpriseServiceBus">
        <file>src/main/synapse-config/sequences/IdentityManagementAPI_01_UpdateRoleIdentityManagementOutSequence_01.xml</file>
    </artifact>
    <artifact name="IdentityManagementAPI_01_ValidateUpdateRoleIdentityManagementCDMResponse_01" groupId="nl.weintegrate.wealert.api.identitymanagement.wso2.sequence" version="1.0.0" type="synapse/sequence" serverRole="EnterpriseServiceBus">
        <file>src/main/synapse-config/sequences/IdentityManagementAPI_01_ValidateUpdateRoleIdentityManagementCDMResponse_01.xml</file>
    </artifact>
    <artifact name="IdentityManagementAPI_01_ConvertUpdateRoleIdentityManagementISResponseToCDMResponse_01" groupId="nl.weintegrate.wealert.api.identitymanagement.wso2.sequence" version="1.0.0" type="synapse/sequence" serverRole="EnterpriseServiceBus">
        <file>src/main/synapse-config/sequences/IdentityManagementAPI_01_ConvertUpdateRoleIdentityManagementISResponseToCDMResponse_01.xml</file>
    </artifact>
    <artifact name="IdentityManagementAPI_01_UpdateRoleIdentityManagementFaultSequence_01" groupId="nl.weintegrate.wealert.api.identitymanagement.wso2.sequence" version="1.0.0" type="synapse/sequence" serverRole="EnterpriseServiceBus">
        <file>src/main/synapse-config/sequences/IdentityManagementAPI_01_UpdateRoleIdentityManagementFaultSequence_01.xml</file>
    </artifact>
    <artifact name="IdentityManagementAPI_01_DeleteUserIdentityManagementInSequence_01" groupId="nl.weintegrate.wealert.api.identitymanagement.wso2.sequence" version="1.0.0" type="synapse/sequence" serverRole="EnterpriseServiceBus">
        <file>src/main/synapse-config/sequences/IdentityManagementAPI_01_DeleteUserIdentityManagementInSequence_01.xml</file>
    </artifact>
    <artifact name="IdentityManagementAPI_01_ValidateDeleteUserIdentityManagementCDMRequest_01" groupId="nl.weintegrate.wealert.api.identitymanagement.wso2.sequence" version="1.0.0" type="synapse/sequence" serverRole="EnterpriseServiceBus">
        <file>src/main/synapse-config/sequences/IdentityManagementAPI_01_ValidateDeleteUserIdentityManagementCDMRequest_01.xml</file>
    </artifact>
    <artifact name="IdentityManagementAPI_01_ConvertDeleteUserIdentityManagementCDMRequestToISRequest_01" groupId="nl.weintegrate.wealert.api.identitymanagement.wso2.sequence" version="1.0.0" type="synapse/sequence" serverRole="EnterpriseServiceBus">
        <file>src/main/synapse-config/sequences/IdentityManagementAPI_01_ConvertDeleteUserIdentityManagementCDMRequestToISRequest_01.xml</file>
    </artifact>
    <artifact name="IdentityManagementAPI_01_DeleteUserIdentityManagementOutSequence_01" groupId="nl.weintegrate.wealert.api.identitymanagement.wso2.sequence" version="1.0.0" type="synapse/sequence" serverRole="EnterpriseServiceBus">
        <file>src/main/synapse-config/sequences/IdentityManagementAPI_01_DeleteUserIdentityManagementOutSequence_01.xml</file>
    </artifact>
    <artifact name="IdentityManagementAPI_01_ValidateDeleteUserIdentityManagementCDMResponse_01" groupId="nl.weintegrate.wealert.api.identitymanagement.wso2.sequence" version="1.0.0" type="synapse/sequence" serverRole="EnterpriseServiceBus">
        <file>src/main/synapse-config/sequences/IdentityManagementAPI_01_ValidateDeleteUserIdentityManagementCDMResponse_01.xml</file>
    </artifact>
    <artifact name="IdentityManagementAPI_01_ConvertDeleteUserIdentityManagementISResponseToCDMResponse_01" groupId="nl.weintegrate.wealert.api.identitymanagement.wso2.sequence" version="1.0.0" type="synapse/sequence" serverRole="EnterpriseServiceBus">
        <file>src/main/synapse-config/sequences/IdentityManagementAPI_01_ConvertDeleteUserIdentityManagementISResponseToCDMResponse_01.xml</file>
    </artifact>
    <artifact name="IdentityManagementAPI_01_DeleteUserIdentityManagementFaultSequence_01" groupId="nl.weintegrate.wealert.api.identitymanagement.wso2.sequence" version="1.0.0" type="synapse/sequence" serverRole="EnterpriseServiceBus">
        <file>src/main/synapse-config/sequences/IdentityManagementAPI_01_DeleteUserIdentityManagementFaultSequence_01.xml</file>
    </artifact>
    <artifact name="IdentityManagementAPI_01_DeleteRoleIdentityManagementInSequence_01" groupId="nl.weintegrate.wealert.api.identitymanagement.wso2.sequence" version="1.0.0" type="synapse/sequence" serverRole="EnterpriseServiceBus">
        <file>src/main/synapse-config/sequences/IdentityManagementAPI_01_DeleteRoleIdentityManagementInSequence_01.xml</file>
    </artifact>
    <artifact name="IdentityManagementAPI_01_ValidateDeleteRoleIdentityManagementCDMRequest_01" groupId="nl.weintegrate.wealert.api.identitymanagement.wso2.sequence" version="1.0.0" type="synapse/sequence" serverRole="EnterpriseServiceBus">
        <file>src/main/synapse-config/sequences/IdentityManagementAPI_01_ValidateDeleteRoleIdentityManagementCDMRequest_01.xml</file>
    </artifact>
    <artifact name="IdentityManagementAPI_01_ConvertDeleteRoleIdentityManagementCDMRequestToISRequest_01" groupId="nl.weintegrate.wealert.api.identitymanagement.wso2.sequence" version="1.0.0" type="synapse/sequence" serverRole="EnterpriseServiceBus">
        <file>src/main/synapse-config/sequences/IdentityManagementAPI_01_ConvertDeleteRoleIdentityManagementCDMRequestToISRequest_01.xml</file>
    </artifact>
    <artifact name="IdentityManagementAPI_01_DeleteRoleIdentityManagementOutSequence_01" groupId="nl.weintegrate.wealert.api.identitymanagement.wso2.sequence" version="1.0.0" type="synapse/sequence" serverRole="EnterpriseServiceBus">
        <file>src/main/synapse-config/sequences/IdentityManagementAPI_01_DeleteRoleIdentityManagementOutSequence_01.xml</file>
    </artifact>
    <artifact name="IdentityManagementAPI_01_ValidateDeleteRoleIdentityManagementCDMResponse_01" groupId="nl.weintegrate.wealert.api.identitymanagement.wso2.sequence" version="1.0.0" type="synapse/sequence" serverRole="EnterpriseServiceBus">
        <file>src/main/synapse-config/sequences/IdentityManagementAPI_01_ValidateDeleteRoleIdentityManagementCDMResponse_01.xml</file>
    </artifact>
    <artifact name="IdentityManagementAPI_01_ConvertDeleteRoleIdentityManagementISResponseToCDMResponse_01" groupId="nl.weintegrate.wealert.api.identitymanagement.wso2.sequence" version="1.0.0" type="synapse/sequence" serverRole="EnterpriseServiceBus">
        <file>src/main/synapse-config/sequences/IdentityManagementAPI_01_ConvertDeleteRoleIdentityManagementISResponseToCDMResponse_01.xml</file>
    </artifact>
    <artifact name="IdentityManagementAPI_01_DeleteRoleIdentityManagementFaultSequence_01" groupId="nl.weintegrate.wealert.api.identitymanagement.wso2.sequence" version="1.0.0" type="synapse/sequence" serverRole="EnterpriseServiceBus">
        <file>src/main/synapse-config/sequences/IdentityManagementAPI_01_DeleteRoleIdentityManagementFaultSequence_01.xml</file>
    </artifact>
    <artifact name="IdentityManagementAPI_01_SendRequestToIS_01" groupId="nl.weintegrate.wealert.api.identitymanagement.wso2.sequence" version="1.0.0" type="synapse/sequence" serverRole="EnterpriseServiceBus">
        <file>src/main/synapse-config/sequences/IdentityManagementAPI_01_SendRequestToIS_01.xml</file>
    </artifact>
    <artifact name="IdentityManagementAPI_01_ConvertCreateClientAdminCDMRequestToISRequest_01" groupId="nl.weintegrate.wealert.api.identitymanagement.wso2.sequence" version="1.0.0" type="synapse/sequence" serverRole="EnterpriseServiceBus">
        <file>src/main/synapse-config/sequences/IdentityManagementAPI_01_ConvertCreateClientAdminCDMRequestToISRequest_01.xml</file>
    </artifact>
    <artifact name="IdentityManagementAPI_01_GetRoleUserListInSequence_01" groupId="nl.weintegrate.wealert.api.identitymanagement.wso2.sequence" version="1.0.0" type="synapse/sequence" serverRole="EnterpriseServiceBus">
        <file>src/main/synapse-config/sequences/IdentityManagementAPI_01_GetRoleUserListInSequence_01.xml</file>
    </artifact>
    <artifact name="IdentityManagementAPI_01_GetRoleUserListOutSequence_01" groupId="nl.weintegrate.wealert.api.identitymanagement.wso2.sequence" version="1.0.0" type="synapse/sequence" serverRole="EnterpriseServiceBus">
        <file>src/main/synapse-config/sequences/IdentityManagementAPI_01_GetRoleUserListOutSequence_01.xml</file>
    </artifact>
    <artifact name="IdentityManagementAPI_01_GetRoleUserListFaultSequence_01" groupId="nl.weintegrate.wealert.api.identitymanagement.wso2.sequence" version="1.0.0" type="synapse/sequence" serverRole="EnterpriseServiceBus">
        <file>src/main/synapse-config/sequences/IdentityManagementAPI_01_GetRoleUserListFaultSequence_01.xml</file>
    </artifact>
    <artifact name="IdentityManagementAPI_01_ConvertGetRoleUserListCDMRequestToISRequest_01" groupId="nl.weintegrate.wealert.api.identitymanagement.wso2.sequence" version="1.0.0" type="synapse/sequence" serverRole="EnterpriseServiceBus">
        <file>src/main/synapse-config/sequences/IdentityManagementAPI_01_ConvertGetRoleUserListCDMRequestToISRequest_01.xml</file>
    </artifact>
    <artifact name="IdentityManagementAPI_01_ValidateGetRoleUserListCDMRequest_01" groupId="nl.weintegrate.wealert.api.identitymanagement.wso2.sequence" version="1.0.0" type="synapse/sequence" serverRole="EnterpriseServiceBus">
        <file>src/main/synapse-config/sequences/IdentityManagementAPI_01_ValidateGetRoleUserListCDMRequest_01.xml</file>
    </artifact>
    <artifact name="IdentityManagementAPI_01_ConvertGetRoleUserListISResponseToCDMResponse_01" groupId="nl.weintegrate.wealert.api.identitymanagement.wso2.sequence" version="1.0.0" type="synapse/sequence" serverRole="EnterpriseServiceBus">
        <file>src/main/synapse-config/sequences/IdentityManagementAPI_01_ConvertGetRoleUserListISResponseToCDMResponse_01.xml</file>
    </artifact>
    <artifact name="IdentityManagementAPI_01_ValidateGetRoleUserListCDMResponse_01" groupId="nl.weintegrate.wealert.api.identitymanagement.wso2.sequence" version="1.0.0" type="synapse/sequence" serverRole="EnterpriseServiceBus">
        <file>src/main/synapse-config/sequences/IdentityManagementAPI_01_ValidateGetRoleUserListCDMResponse_01.xml</file>
    </artifact>
    <artifact name="IdentityManagementAPI_01_GetClientAdminListInSequence_01" groupId="nl.weintegrate.wealert.api.identitymanagement.wso2.sequence" version="1.0.0" type="synapse/sequence" serverRole="EnterpriseServiceBus">
        <file>src/main/synapse-config/sequences/IdentityManagementAPI_01_GetClientAdminListInSequence_01.xml</file>
    </artifact>
    <artifact name="IdentityManagementAPI_01_ValidateGetClientAdminListCDMRequest_01" groupId="nl.weintegrate.wealert.api.identitymanagement.wso2.sequence" version="1.0.0" type="synapse/sequence" serverRole="EnterpriseServiceBus">
        <file>src/main/synapse-config/sequences/IdentityManagementAPI_01_ValidateGetClientAdminListCDMRequest_01.xml</file>
    </artifact>
    <artifact name="IdentityManagementAPI_01_ValidateGetClientAdminListCDMResponse_01" groupId="nl.weintegrate.wealert.api.identitymanagement.wso2.sequence" version="1.0.0" type="synapse/sequence" serverRole="EnterpriseServiceBus">
        <file>src/main/synapse-config/sequences/IdentityManagementAPI_01_ValidateGetClientAdminListCDMResponse_01.xml</file>
    </artifact>
    <artifact name="IdentityManagementAPI_01_ConvertGetClientAdminListISResponseToCDMResponse_01" groupId="nl.weintegrate.wealert.api.identitymanagement.wso2.sequence" version="1.0.0" type="synapse/sequence" serverRole="EnterpriseServiceBus">
        <file>src/main/synapse-config/sequences/IdentityManagementAPI_01_ConvertGetClientAdminListISResponseToCDMResponse_01.xml</file>
    </artifact>
    <artifact name="IdentityManagementAPI_01_GetClientAdminListOutSequence_01" groupId="nl.weintegrate.wealert.api.identitymanagement.wso2.sequence" version="1.0.0" type="synapse/sequence" serverRole="EnterpriseServiceBus">
        <file>src/main/synapse-config/sequences/IdentityManagementAPI_01_GetClientAdminListOutSequence_01.xml</file>
    </artifact>
    <artifact name="IdentityManagementAPI_01_GetClientAdminListFaultSequence_01" groupId="nl.weintegrate.wealert.api.identitymanagement.wso2.sequence" version="1.0.0" type="synapse/sequence" serverRole="EnterpriseServiceBus">
        <file>src/main/synapse-config/sequences/IdentityManagementAPI_01_GetClientAdminListFaultSequence_01.xml</file>
    </artifact>
    <artifact name="IdentityManagementAPI_01_GetClientAdminUserListInSequence_01" groupId="nl.weintegrate.wealert.api.identitymanagement.wso2.sequence" version="1.0.0" type="synapse/sequence" serverRole="EnterpriseServiceBus">
        <file>src/main/synapse-config/sequences/IdentityManagementAPI_01_GetClientAdminUserListInSequence_01.xml</file>
    </artifact>
    <artifact name="IdentityManagementAPI_01_GetClientAdminUserListOutSequence_01" groupId="nl.weintegrate.wealert.api.identitymanagement.wso2.sequence" version="1.0.0" type="synapse/sequence" serverRole="EnterpriseServiceBus">
        <file>src/main/synapse-config/sequences/IdentityManagementAPI_01_GetClientAdminUserListOutSequence_01.xml</file>
    </artifact>
    <artifact name="IdentityManagementAPI_01_GetClientAdminUserListFaultSequence_01" groupId="nl.weintegrate.wealert.api.identitymanagement.wso2.sequence" version="1.0.0" type="synapse/sequence" serverRole="EnterpriseServiceBus">
        <file>src/main/synapse-config/sequences/IdentityManagementAPI_01_GetClientAdminUserListFaultSequence_01.xml</file>
    </artifact>
    <artifact name="IdentityManagementAPI_01_ConvertGetClientAdminUserListISResponseToCDMResponse_01" groupId="nl.weintegrate.wealert.api.identitymanagement.wso2.sequence" version="1.0.0" type="synapse/sequence" serverRole="EnterpriseServiceBus">
        <file>src/main/synapse-config/sequences/IdentityManagementAPI_01_ConvertGetClientAdminUserListISResponseToCDMResponse_01.xml</file>
    </artifact>
    <artifact name="IdentityManagementAPI_01_ValidateGetClientAdminUserListCDMRequest_01" groupId="nl.weintegrate.wealert.api.identitymanagement.wso2.sequence" version="1.0.0" type="synapse/sequence" serverRole="EnterpriseServiceBus">
        <file>src/main/synapse-config/sequences/IdentityManagementAPI_01_ValidateGetClientAdminUserListCDMRequest_01.xml</file>
    </artifact>
    <artifact name="IdentityManagementAPI_01_ValidateGetClientAdminUserListCDMResponse_01" groupId="nl.weintegrate.wealert.api.identitymanagement.wso2.sequence" version="1.0.0" type="synapse/sequence" serverRole="EnterpriseServiceBus">
        <file>src/main/synapse-config/sequences/IdentityManagementAPI_01_ValidateGetClientAdminUserListCDMResponse_01.xml</file>
    </artifact>
    <artifact name="IdentityManagementAPI_01_DeleteClientAdminFaultSequence_01" groupId="nl.weintegrate.wealert.api.identitymanagement.wso2.sequence" version="1.0.0" type="synapse/sequence" serverRole="EnterpriseServiceBus">
        <file>src/main/synapse-config/sequences/IdentityManagementAPI_01_DeleteClientAdminFaultSequence_01.xml</file>
    </artifact>
    <artifact name="IdentityManagementAPI_01_DeleteClientAdminInSequence_01" groupId="nl.weintegrate.wealert.api.identitymanagement.wso2.sequence" version="1.0.0" type="synapse/sequence" serverRole="EnterpriseServiceBus">
        <file>src/main/synapse-config/sequences/IdentityManagementAPI_01_DeleteClientAdminInSequence_01.xml</file>
    </artifact>
    <artifact name="IdentityManagementAPI_01_DeleteClientAdminOutSequence_01" groupId="nl.weintegrate.wealert.api.identitymanagement.wso2.sequence" version="1.0.0" type="synapse/sequence" serverRole="EnterpriseServiceBus">
        <file>src/main/synapse-config/sequences/IdentityManagementAPI_01_DeleteClientAdminOutSequence_01.xml</file>
    </artifact>
    <artifact name="IdentityManagementAPI_01_ConvertDeleteClientAdminCDMRequestToISRequest_01" groupId="nl.weintegrate.wealert.api.identitymanagement.wso2.sequence" version="1.0.0" type="synapse/sequence" serverRole="EnterpriseServiceBus">
        <file>src/main/synapse-config/sequences/IdentityManagementAPI_01_ConvertDeleteClientAdminCDMRequestToISRequest_01.xml</file>
    </artifact>
    <artifact name="IdentityManagementAPI_01_ValidateDeleteClientAdminCDMRequest_01" groupId="nl.weintegrate.wealert.api.identitymanagement.wso2.sequence" version="1.0.0" type="synapse/sequence" serverRole="EnterpriseServiceBus">
        <file>src/main/synapse-config/sequences/IdentityManagementAPI_01_ValidateDeleteClientAdminCDMRequest_01.xml</file>
    </artifact>
    <artifact name="IdentityManagementAPI_01_ChangePasswordFaultSequence_01" groupId="nl.weintegrate.wealert.api.identitymanagement.wso2.sequence" version="1.0.0" type="synapse/sequence" serverRole="EnterpriseServiceBus">
        <file>src/main/synapse-config/sequences/IdentityManagementAPI_01_ChangePasswordFaultSequence_01.xml</file>
    </artifact>
    <artifact name="IdentityManagementAPI_01_ChangePasswordInSequence_01" groupId="nl.weintegrate.wealert.api.identitymanagement.wso2.sequence" version="1.0.0" type="synapse/sequence" serverRole="EnterpriseServiceBus">
        <file>src/main/synapse-config/sequences/IdentityManagementAPI_01_ChangePasswordInSequence_01.xml</file>
    </artifact>
    <artifact name="IdentityManagementAPI_01_ChangePasswordOutSequence_01" groupId="nl.weintegrate.wealert.api.identitymanagement.wso2.sequence" version="1.0.0" type="synapse/sequence" serverRole="EnterpriseServiceBus">
        <file>src/main/synapse-config/sequences/IdentityManagementAPI_01_ChangePasswordOutSequence_01.xml</file>
    </artifact>
    <artifact name="IdentityManagementAPI_01_ConvertChangePasswordCDMRequestToISRequest_01" groupId="nl.weintegrate.wealert.api.identitymanagement.wso2.sequence" version="1.0.0" type="synapse/sequence" serverRole="EnterpriseServiceBus">
        <file>src/main/synapse-config/sequences/IdentityManagementAPI_01_ConvertChangePasswordCDMRequestToISRequest_01.xml</file>
    </artifact>
    <artifact name="IdentityManagementAPI_01_ValidateChangePasswordCDMRequest_01" groupId="nl.weintegrate.wealert.api.identitymanagement.wso2.sequence" version="1.0.0" type="synapse/sequence" serverRole="EnterpriseServiceBus">
        <file>src/main/synapse-config/sequences/IdentityManagementAPI_01_ValidateChangePasswordCDMRequest_01.xml</file>
    </artifact>
</artifacts>
