<?xml version="1.0" encoding="UTF-8"?>
<sequence name="ConvertContractPlainXMLToCDMXMLAccoounting"
  trace="disable" xmlns="http://ws.apache.org/ns/synapse">
  <call-template description="LogINFO" target="gov:com/commons/util/v1/templates/LoggerTemplate.xml">
    <with-param name="SequenceName" value="ConvertContractPlainXMLToCDMXMLAccoounting"/>
    <with-param name="Message" value="ConvertContractPlainXMLToCDMXMLAccoounting Sequence Started."/>
    <with-param name="LogLevel" value="INFO"/>
  </call-template>
  <call-template description="LogINFO" target="gov:com/commons/util/v1/templates/LoggerTemplate.xml">
    <with-param name="SequenceName" value="ConvertContractPlainXMLToCDMXMLAccoounting"/>
    <with-param name="Message" value="Going to convert the Contract Accounting XML into POX XML"/>
    <with-param name="LogLevel" value="INFO"/>
  </call-template>
  <log description="" level="full" separator="Before Xslt"/>
  <xslt key="gov:nl/ggmd/accounting/service/contracts/v1/xslt/ConvertContractAccountingXMLToPOXXml.xslt">
    <property expression="get-property('IsContractDiscarded')" name="IsContractDiscarded"/>
    <property expression="get-property('DiscardedReason')" name="DiscardedReason"/>
    <resource
      key="gov:nl/ggmd/accounting/service/contracts/v1/xslt/ConvertContractAccountingXMLToPOXXml.xslt" location="gov:nl/ggmd/accounting/service/contracts/v1/xslt/ConvertContractAccountingXMLToPOXXml.xslt"/>
  </xslt>
  <log description="" level="full" separator="After Xslt"/>
  <call-template description="LogINFO" target="gov:com/commons/util/v1/templates/LoggerTemplate.xml">
    <with-param name="SequenceName" value="ConvertContractPlainXMLToCDMXMLAccoounting"/>
    <with-param name="Message" value="Successfully Transformed it into Contracts POX XML"/>
    <with-param name="LogLevel" value="INFO"/>
  </call-template>
</sequence>
