<?xml version="1.0" encoding="UTF-8"?>
<sequence name="DiscardContractsAccountingMessage" trace="disable" xmlns="http://ws.apache.org/ns/synapse">
    <call-template description="LogINFO" target="gov:com/commons/util/v1/templates/LoggerTemplate.xml">
        <with-param name="SequenceName" value="DiscardContractsAccountingMessage"/>
        <with-param name="Message" value="DiscardContractsAccountingMessage Sequence Started."/>
        <with-param name="LogLevel" value="INFO"/>
    </call-template>
    <call-template description="LogINFO" target="gov:com/commons/util/v1/templates/LoggerTemplate.xml">
        <with-param name="SequenceName" value="DiscardContractsAccountingMessage"/>
        <with-param name="Message" value="Going to write the contracts accounting discarded message on file."/>
        <with-param name="LogLevel" value="INFO"/>
    </call-template>
    <payloadFactory media-type="xml">
        <format>
            <discardedmessage xmlns="">
                <message>$1</message>
            </discardedmessage>
        </format>
        <args>
            <arg evaluator="xml" expression="//*[local-name()='csv-record']"/>
        </args>
    </payloadFactory>
    <property description="GetSystemDate" expression="get-property(&quot;SYSTEM_DATE&quot;, &quot;yyyy-MM-dd&quot;)" name="GetSystemDate" scope="default" type="STRING"/>
    <property description="uri.var.discardfileurl" expression="fn:concat('DisgardedContractsAccountingRows-',get-property('SYSTEM_DATE', 'ddMMyy'), '.xml')" name="uri.var.discardfileurl" scope="default" type="STRING"/>
    <property description="SetOutOnly" name="OUT_ONLY" scope="default" type="STRING" value="true"/>
    <property action="remove" description="RemoveClientApiNonBlocking" name="ClientApiNonBlocking" scope="axis2"/>
    <call>
        <endpoint key="gov:nl/ggmd/accounting/service/contracts/v1/endpoints/DisgardedContractAccountingRowsFileEndpoint.xml"/>
    </call>
    <call-template description="LogINFO" target="gov:com/commons/util/v1/templates/LoggerTemplate.xml">
        <with-param name="SequenceName" value="DiscardContractsAccountingMessage"/>
        <with-param name="Message" value="Discarded Contract Accounting Message Successfully written on the file."/>
        <with-param name="LogLevel" value="INFO"/>
    </call-template>
</sequence>
