<?xml version="1.0" encoding="UTF-8"?>
<sequence name="SendContractsAccountingMessageToDataService" trace="disable" xmlns="http://ws.apache.org/ns/synapse">
    <call-template description="LogINFO" target="gov:com/commons/util/v1/templates/LoggerTemplate.xml">
        <with-param name="SequenceName" value="SendContractsAccountingMessageToDataService"/>
        <with-param name="Message" value="Going to Send Message to Contracts Accounting Data Service."/>
        <with-param name="LogLevel" value="INFO"/>
    </call-template>
    <log description="LogINFO" level="full" separator="========--------Before Sending Message to Contract Data Service-------========="/>
    <call-template description="LogINFO" target="gov:com/commons/util/v1/templates/LoggerTemplate.xml">
        <with-param name="SequenceName" value="SendContractsAccountingMessageToDataService"/>
        <with-param name="Message" value="Successfully sent message to Contracts Accounting Data Service."/>
        <with-param name="LogLevel" value="INFO"/>
    </call-template>
    <header name="Action" scope="default" value="urn:CreateContract"/>
    <call>
        <endpoint>
            <address format="soap11" uri="CONTRACTSACCOUNTING_DATASERVICE_ENDPOINT"/>
        </endpoint>
    </call>
    <log description="LogINFO" level="full" separator="========--------Response received from Contract Data Service-------========="/>
    <filter xpath="//*[local-name()='faultstring']">
        <then>
            <call-template description="LogINFO" target="gov:com/commons/util/v1/templates/LoggerTemplate.xml">
                <with-param name="SequenceName" value="SendContractsAccountingMessageToDataService"/>
                <with-param name="Message" value="Failure response received from Contract Accounting Data Service."/>
                <with-param name="LogLevel" value="INFO"/>
            </call-template>
            <call-template description="LogINFO" target="gov:com/commons/util/v1/templates/LoggerTemplate.xml">
                <with-param name="SequenceName" value="SendContractsAccountingMessageToDataService"/>
                <with-param name="Message" value="Message sent to Error Queue."/>
                <with-param name="LogLevel" value="INFO"/>
            </call-template>
            <property description="SetOutOnly" name="OUT_ONLY" scope="default" type="STRING" value="true"/>
            <call>
                <endpoint>
                    <address format="pox" uri="jms:/GGMD.Contracts.Accounting.Error.Queue.01?transport.jms.ConnectionFactoryJNDIName=QueueConnectionFactory&amp;java.naming.factory.initial=org.apache.activemq.jndi.ActiveMQInitialContextFactory&amp;java.naming.provider.url=ACTIVE_MQ_URL&amp;transport.jms.DestinationType=queue"/>
                </endpoint>
            </call>
        </then>
        <else>
            <call-template description="LogINFO" target="gov:com/commons/util/v1/templates/LoggerTemplate.xml">
                <with-param name="SequenceName" value="SendContractsAccountingMessageToDataService"/>
                <with-param name="Message" value="Success response received from Contract Data Service."/>
                <with-param name="LogLevel" value="INFO"/>
            </call-template>
        </else>
    </filter>
</sequence>
