<?xml version="1.0" encoding="UTF-8"?>
<sequence name="TransformContractsAccountingCSVRecordIntoXML" trace="disable" xmlns="http://ws.apache.org/ns/synapse">
    <call-template description="LogINFO" target="gov:com/commons/util/v1/templates/LoggerTemplate.xml">
        <with-param name="SequenceName" value="TransformContractsAccountingCSVRecordIntoXML"/>
        <with-param name="Message" value="TransformContractsAccountingCSVRecordIntoXML Sequence Started"/>
        <with-param name="LogLevel" value="INFO"/>
    </call-template>
    <call-template description="LogINFO" target="gov:com/commons/util/v1/templates/LoggerTemplate.xml">
        <with-param name="SequenceName" value="TransformContractsAccountingCSVRecordIntoXML"/>
        <with-param name="Message" value="Going to transform Contracts CSV into XML using Smooks"/>
        <with-param name="LogLevel" value="INFO"/>
    </call-template>
    <log description="LogINFO" level="full" separator="========--------Before Smooks configuration--------========="/>
    <smooks config-key="gov:nl/ggmd/accounting/service/contracts/v1/smooks/smooks-ContractsAccountingConfiguration.xml" description="TransformContractCSV">
        <input type="text"/>
        <output type="xml"/>
    </smooks>
    <log description="LogINFO" level="full" separator="========--------After Smooks configuration--------========="/>
    <call-template description="LogINFO" target="gov:com/commons/util/v1/templates/LoggerTemplate.xml">
        <with-param name="SequenceName" value="TransformContractsAccountingCSVRecordIntoXML"/>
        <with-param name="Message" value="Smooks Transformation completed successfully."/>
        <with-param name="LogLevel" value="INFO"/>
    </call-template>
    <sequence key="FilterContractsAccountingXMLMessage"/>
</sequence>
