<?xml version="1.0" encoding="UTF-8"?><artifacts>
    <artifact name="AccountingFileSplitterScheduler" groupId="nl.ggmd.accounting.wso2.delivery.fileadapter.task" version="1.0.0" type="synapse/task" serverRole="EnterpriseServiceBus">
        <file>src/main/synapse-config/tasks/AccountingFileSplitterScheduler.xml</file>
    </artifact>
    <artifact name="ConvertPlainXMLToAccountingDataXML" groupId="nl.ggmd.accounting.wso2.delivery.fileadapter.sequence" version="1.0.0" type="synapse/sequence" serverRole="EnterpriseServiceBus">
        <file>src/main/synapse-config/sequences/ConvertPlainXMLToAccountingDataXML.xml</file>
    </artifact>
    <artifact name="DeliveriesAccountingFileProcessingFaultSequence" groupId="nl.ggmd.accounting.wso2.delivery.fileadapter.sequence" version="1.0.0" type="synapse/sequence" serverRole="EnterpriseServiceBus">
        <file>src/main/synapse-config/sequences/DeliveriesAccountingFileProcessingFaultSequence.xml</file>
    </artifact>
    <artifact name="DeliveriesAccountingInSequence" groupId="nl.ggmd.accounting.wso2.delivery.fileadapter.sequence" version="1.0.0" type="synapse/sequence" serverRole="EnterpriseServiceBus">
        <file>src/main/synapse-config/sequences/DeliveriesAccountingInSequence.xml</file>
    </artifact>
    <artifact name="DiscardDeliveriesAccountingMessage" groupId="nl.ggmd.accounting.wso2.delivery.fileadapter.sequence" version="1.0.0" type="synapse/sequence" serverRole="EnterpriseServiceBus">
        <file>src/main/synapse-config/sequences/DiscardDeliveriesAccountingMessage.xml</file>
    </artifact>
    <artifact name="SendDeliveriesAccountingMessageToDataService" groupId="nl.ggmd.accounting.wso2.delivery.fileadapter.sequence" version="1.0.0" type="synapse/sequence" serverRole="EnterpriseServiceBus">
        <file>src/main/synapse-config/sequences/SendDeliveriesAccountingMessageToDataService.xml</file>
    </artifact>
    <artifact name="TransformDeliveriesAccountingCSVRecordIntoXML" groupId="nl.ggmd.accounting.wso2.delivery.fileadapter.sequence" version="1.0.0" type="synapse/sequence" serverRole="EnterpriseServiceBus">
        <file>src/main/synapse-config/sequences/TransformDeliveriesAccountingCSVRecordIntoXML.xml</file>
    </artifact>
    <artifact name="DeliveriesAccountingFileReader" groupId="nl.ggmd.accounting.wso2.delivery.fileadapter.proxy-service" version="1.0.0" type="synapse/proxy-service" serverRole="EnterpriseServiceBus">
        <file>src/main/synapse-config/proxy-services/DeliveriesAccountingFileReader.xml</file>
    </artifact>
    <artifact name="DeliveryAccountingFileSplitter" groupId="nl.ggmd.accounting.wso2.delivery.fileadapter.proxy-service" version="1.0.0" type="synapse/proxy-service" serverRole="EnterpriseServiceBus">
        <file>src/main/synapse-config/proxy-services/DeliveryAccountingFileSplitter.xml</file>
    </artifact>
</artifacts>
