<?xml version="1.0" encoding="UTF-8"?><artifacts>
    <artifact name="GGMDKPIMonitorDeliveryFileSplitter" groupId="nl.weintegrate.ggmd.service.GGMDKPIMonitorDeliveryFileAdapter.proxy-service" version="1.0.0" type="synapse/proxy-service" serverRole="EnterpriseServiceBus">
        <file>src/main/synapse-config/proxy-services/GGMDKPIMonitorDeliveryFileSplitter.xml</file>
    </artifact>
    <artifact name="GGMDKPIMonitorDeliveryFileProcessingInSequence" groupId="nl.weintegrate.ggmd.service.GGMDKPIMonitorDeliveryFileAdapter.sequence" version="1.0.0" type="synapse/sequence" serverRole="EnterpriseServiceBus">
        <file>src/main/synapse-config/sequences/GGMDKPIMonitorDeliveryFileProcessingInSequence.xml</file>
    </artifact>
    <artifact name="GGMDKPIMonitorDeliveryFileProcessingFaultSequence" groupId="nl.weintegrate.ggmd.service.GGMDKPIMonitorDeliveryFileAdapter.sequence" version="1.0.0" type="synapse/sequence" serverRole="EnterpriseServiceBus">
        <file>src/main/synapse-config/sequences/GGMDKPIMonitorDeliveryFileProcessingFaultSequence.xml</file>
    </artifact>
    <artifact name="GGMDKPIMonitorDeliveryFileProcessor" groupId="nl.weintegrate.ggmd.service.GGMDKPIMonitorDeliveryFileAdapter.proxy-service" version="1.0.0" type="synapse/proxy-service" serverRole="EnterpriseServiceBus">
        <file>src/main/synapse-config/proxy-services/GGMDKPIMonitorDeliveryFileProcessor.xml</file>
    </artifact>
    <artifact name="TransformCSVToXML" groupId="nl.weintegrate.ggmd.service.GGMDKPIMonitorDeliveryFileAdapter.sequence" version="1.0.0" type="synapse/sequence" serverRole="EnterpriseServiceBus">
        <file>src/main/synapse-config/sequences/TransformCSVToXML.xml</file>
    </artifact>
    <artifact name="GGMDKPIMonitorMarkDeliveryasDiscarded" groupId="nl.weintegrate.ggmd.service.GGMDKPIMonitorDeliveryFileAdapter.sequence" version="1.0.0" type="synapse/sequence" serverRole="EnterpriseServiceBus">
        <file>src/main/synapse-config/sequences/GGMDKPIMonitorMarkDeliveryasDiscarded.xml</file>
    </artifact>
    <artifact name="GGMDKPIMonitorAddDiscardAttribute" groupId="nl.weintegrate.ggmd.service.GGMDKPIMonitorDeliveryFileAdapter.sequence" version="1.0.0" type="synapse/sequence" serverRole="EnterpriseServiceBus">
        <file>src/main/synapse-config/sequences/GGMDKPIMonitorAddDiscardAttribute.xml</file>
    </artifact>
    <artifact name="GGMDKPIMonitorValidateClientIdFromContractData" groupId="nl.weintegrate.ggmd.service.GGMDKPIMonitorDeliveryFileAdapter.sequence" version="1.0.0" type="synapse/sequence" serverRole="EnterpriseServiceBus">
        <file>src/main/synapse-config/sequences/GGMDKPIMonitorValidateClientIdFromContractData.xml</file>
    </artifact>
    <artifact name="GGMDKPIMonitorSendMessageToErrorQueue" groupId="nl.weintegrate.ggmd.service.GGMDKPIMonitorDeliveryFileAdapter.sequence" version="1.0.0" type="synapse/sequence" serverRole="EnterpriseServiceBus">
        <file>src/main/synapse-config/sequences/GGMDKPIMonitorSendMessageToErrorQueue.xml</file>
    </artifact>
    <artifact name="GGMDKPIMonitorAddReasonForDiscardingAttribute" groupId="nl.weintegrate.ggmd.service.GGMDKPIMonitorDeliveryFileAdapter.sequence" version="1.0.0" type="synapse/sequence" serverRole="EnterpriseServiceBus">
        <file>src/main/synapse-config/sequences/GGMDKPIMonitorAddReasonForDiscardingAttribute.xml</file>
    </artifact>
    <artifact name="GGMDKPIMonitorAddReasonForDiscarding" groupId="nl.weintegrate.ggmd.service.GGMDKPIMonitorDeliveryFileAdapter.sequence" version="1.0.0" type="synapse/sequence" serverRole="EnterpriseServiceBus">
        <file>src/main/synapse-config/sequences/GGMDKPIMonitorAddReasonForDiscarding.xml</file>
    </artifact>
    <artifact name="GGMDKPIMonitorPreserveOriginalPayload" groupId="nl.weintegrate.ggmd.service.GGMDKPIMonitorDeliveryFileAdapter.sequence" version="1.0.0" type="synapse/sequence" serverRole="EnterpriseServiceBus">
        <file>src/main/synapse-config/sequences/GGMDKPIMonitorPreserveOriginalPayload.xml</file>
    </artifact>
    <artifact name="GGMDKPIMonitorReplaceMsgBodyWithDeliveryPayload" groupId="nl.weintegrate.ggmd.service.GGMDKPIMonitorDeliveryFileAdapter.sequence" version="1.0.0" type="synapse/sequence" serverRole="EnterpriseServiceBus">
        <file>src/main/synapse-config/sequences/GGMDKPIMonitorReplaceMsgBodyWithDeliveryPayload.xml</file>
    </artifact>
    <artifact name="GGMDKPIMonitorLookUpWorkActivityIdConfigurationFile" groupId="nl.weintegrate.ggmd.service.GGMDKPIMonitorDeliveryFileAdapter.sequence" version="1.0.0" type="synapse/sequence" serverRole="EnterpriseServiceBus">
        <file>src/main/synapse-config/sequences/GGMDKPIMonitorLookUpWorkActivityIdConfigurationFile.xml</file>
    </artifact>
    <artifact name="GGMDKPIMonitorSendCreateDeliveryRequestToDeliveryDataService" groupId="nl.weintegrate.ggmd.service.GGMDKPIMonitorDeliveryFileAdapter.sequence" version="1.0.0" type="synapse/sequence" serverRole="EnterpriseServiceBus">
        <file>src/main/synapse-config/sequences/GGMDKPIMonitorSendCreateDeliveryRequestToDeliveryDataService.xml</file>
    </artifact>
    <artifact name="GGMDKPIMonitorMapDeliveryDataToCreateDeliveryRequest" groupId="nl.weintegrate.ggmd.service.GGMDKPIMonitorDeliveryFileAdapter.sequence" version="1.0.0" type="synapse/sequence" serverRole="EnterpriseServiceBus">
        <file>src/main/synapse-config/sequences/GGMDKPIMonitorMapDeliveryDataToCreateDeliveryRequest.xml</file>
    </artifact>
    <artifact name="GGMDKPIMonitorCreateErrorMsgPayload" groupId="nl.weintegrate.ggmd.service.GGMDKPIMonitorDeliveryFileAdapter.sequence" version="1.0.0" type="synapse/sequence" serverRole="EnterpriseServiceBus">
        <file>src/main/synapse-config/sequences/GGMDKPIMonitorCreateErrorMsgPayload.xml</file>
    </artifact>
    <artifact name="GGMDKPIMonitorSetBillableTimeHoursWorkedAndHoursLeave" groupId="nl.weintegrate.ggmd.service.GGMDKPIMonitorDeliveryFileAdapter.sequence" version="1.0.0" type="synapse/sequence" serverRole="EnterpriseServiceBus">
        <file>src/main/synapse-config/sequences/GGMDKPIMonitorSetBillableTimeHoursWorkedAndHoursLeave.xml</file>
    </artifact>
    <artifact name="GGMDKPIMonitorMatchDeliveryPeriods" groupId="nl.weintegrate.ggmd.service.GGMDKPIMonitorDeliveryFileAdapter.sequence" version="1.0.0" type="synapse/sequence" serverRole="EnterpriseServiceBus">
        <file>src/main/synapse-config/sequences/GGMDKPIMonitorMatchDeliveryPeriods.xml</file>
    </artifact>
    <artifact name="GGMDKPIMonitorValidatePerformanceIndicator" groupId="nl.weintegrate.ggmd.service.GGMDKPIMonitorDeliveryFileAdapter.sequence" version="1.0.0" type="synapse/sequence" serverRole="EnterpriseServiceBus">
        <file>src/main/synapse-config/sequences/GGMDKPIMonitorValidatePerformanceIndicator.xml</file>
    </artifact>
    <artifact name="GGMDKPIMonitorGetPerformanceIndicatorFromPerformanceIndicatorData" groupId="nl.weintegrate.ggmd.service.GGMDKPIMonitorDeliveryFileAdapter.sequence" version="1.0.0" type="synapse/sequence" serverRole="EnterpriseServiceBus">
        <file>src/main/synapse-config/sequences/GGMDKPIMonitorGetPerformanceIndicatorFromPerformanceIndicatorData.xml</file>
    </artifact>
    <artifact name="GGMDKPIMonitorMarkCDMDeliveryAsDiscarded" groupId="nl.weintegrate.ggmd.service.GGMDKPIMonitorDeliveryFileAdapter.sequence" version="1.0.0" type="synapse/sequence" serverRole="EnterpriseServiceBus">
        <file>src/main/synapse-config/sequences/GGMDKPIMonitorMarkCDMDeliveryAsDiscarded.xml</file>
    </artifact>
    <artifact name="GGMDKPIMonitorAddReasonForDiscardingToCDMDelivery" groupId="nl.weintegrate.ggmd.service.GGMDKPIMonitorDeliveryFileAdapter.sequence" version="1.0.0" type="synapse/sequence" serverRole="EnterpriseServiceBus">
        <file>src/main/synapse-config/sequences/GGMDKPIMonitorAddReasonForDiscardingToCDMDelivery.xml</file>
    </artifact>
    <artifact name="GGMDKPIMonitorSetTotalDeliveredPerDeliveryPeriod" groupId="nl.weintegrate.ggmd.service.GGMDKPIMonitorDeliveryFileAdapter.sequence" version="1.0.0" type="synapse/sequence" serverRole="EnterpriseServiceBus">
        <file>src/main/synapse-config/sequences/GGMDKPIMonitorSetTotalDeliveredPerDeliveryPeriod.xml</file>
    </artifact>
    <artifact name="GGMDKPIMonitorGetTotalDeliveredPerDeliveryPeriod" groupId="nl.weintegrate.ggmd.service.GGMDKPIMonitorDeliveryFileAdapter.sequence" version="1.0.0" type="synapse/sequence" serverRole="EnterpriseServiceBus">
        <file>src/main/synapse-config/sequences/GGMDKPIMonitorGetTotalDeliveredPerDeliveryPeriod.xml</file>
    </artifact>
    <artifact name="GGMDKPIMonitorUpdateTotalDeliveredPerDeliveryPeriod" groupId="nl.weintegrate.ggmd.service.GGMDKPIMonitorDeliveryFileAdapter.sequence" version="1.0.0" type="synapse/sequence" serverRole="EnterpriseServiceBus">
        <file>src/main/synapse-config/sequences/GGMDKPIMonitorUpdateTotalDeliveredPerDeliveryPeriod.xml</file>
    </artifact>
    <artifact name="GGMDKPIMonitorGetEmployeeData" groupId="nl.weintegrate.ggmd.service.GGMDKPIMonitorDeliveryFileAdapter.sequence" version="1.0.0" type="synapse/sequence" serverRole="EnterpriseServiceBus">
        <file>src/main/synapse-config/sequences/GGMDKPIMonitorGetEmployeeData.xml</file>
    </artifact>
    <artifact name="GGMDKPIMonitorSetContractIds" groupId="nl.weintegrate.ggmd.service.GGMDKPIMonitorDeliveryFileAdapter.sequence" version="1.0.0" type="synapse/sequence" serverRole="EnterpriseServiceBus">
        <file>src/main/synapse-config/sequences/GGMDKPIMonitorSetContractIds.xml</file>
    </artifact>
    <artifact name="GGMDKPIMonitorSetContractIdForStartDate" groupId="nl.weintegrate.ggmd.service.GGMDKPIMonitorDeliveryFileAdapter.sequence" version="1.0.0" type="synapse/sequence" serverRole="EnterpriseServiceBus">
        <file>src/main/synapse-config/sequences/GGMDKPIMonitorSetContractIdForStartDate.xml</file>
    </artifact>
    <artifact name="GGMDKPIMonitorSetContractIdForEndDate" groupId="nl.weintegrate.ggmd.service.GGMDKPIMonitorDeliveryFileAdapter.sequence" version="1.0.0" type="synapse/sequence" serverRole="EnterpriseServiceBus">
        <file>src/main/synapse-config/sequences/GGMDKPIMonitorSetContractIdForEndDate.xml</file>
    </artifact>
    <artifact name="GGMDKPIMonitorCalculateAssignedAndDifference" groupId="nl.weintegrate.ggmd.service.GGMDKPIMonitorDeliveryFileAdapter.sequence" version="1.0.0" type="synapse/sequence" serverRole="EnterpriseServiceBus">
        <file>src/main/synapse-config/sequences/GGMDKPIMonitorCalculateAssignedAndDifference.xml</file>
    </artifact>
    <artifact name="GGMDKPIMonitorCalculateDifferenceBetweenDates" groupId="nl.weintegrate.ggmd.service.GGMDKPIMonitorDeliveryFileAdapter.sequence" version="1.0.0" type="synapse/sequence" serverRole="EnterpriseServiceBus">
        <file>src/main/synapse-config/sequences/GGMDKPIMonitorCalculateDifferenceBetweenDates.xml</file>
    </artifact>
    <artifact name="GGMDKPIMonitorSetFinalDeliveryPeriod" groupId="nl.weintegrate.ggmd.service.GGMDKPIMonitorDeliveryFileAdapter.sequence" version="1.0.0" type="synapse/sequence" serverRole="EnterpriseServiceBus">
        <file>src/main/synapse-config/sequences/GGMDKPIMonitorSetFinalDeliveryPeriod.xml</file>
    </artifact>
    <artifact name="GGMDKPIMonitorSetTotalDeliveredPeriodPerDeliveryPeriod" groupId="nl.weintegrate.ggmd.service.GGMDKPIMonitorDeliveryFileAdapter.sequence" version="1.0.0" type="synapse/sequence" serverRole="EnterpriseServiceBus">
        <file>src/main/synapse-config/sequences/GGMDKPIMonitorSetTotalDeliveredPeriodPerDeliveryPeriod.xml</file>
    </artifact>
    <artifact name="GGMDKPIMonitorCallDeliveryDataService" groupId="nl.weintegrate.ggmd.service.GGMDKPIMonitorDeliveryFileAdapter.sequence" version="1.0.0" type="synapse/sequence" serverRole="EnterpriseServiceBus">
        <file>src/main/synapse-config/sequences/GGMDKPIMonitorCallDeliveryDataService.xml</file>
    </artifact>
    <artifact name="GGMDKPIMonitorSetVolumeAndDifference" groupId="nl.weintegrate.ggmd.service.GGMDKPIMonitorDeliveryFileAdapter.sequence" version="1.0.0" type="synapse/sequence" serverRole="EnterpriseServiceBus">
        <file>src/main/synapse-config/sequences/GGMDKPIMonitorSetVolumeAndDifference.xml</file>
    </artifact>
    <artifact name="GGMDKPIMonitorDepartnmentDataService" groupId="nl.weintegrate.ggmd.service.GGMDKPIMonitorDeliveryFileAdapter.sequence" version="1.0.0" type="synapse/sequence" serverRole="EnterpriseServiceBus">
        <file>src/main/synapse-config/sequences/GGMDKPIMonitorDepartnmentDataService.xml</file>
    </artifact>
    <artifact name="GGMDKPIMonitorSetEmployeeFirstNameAndDesignation" groupId="nl.weintegrate.ggmd.service.GGMDKPIMonitorDeliveryFileAdapter.sequence" version="1.0.0" type="synapse/sequence" serverRole="EnterpriseServiceBus">
        <file>src/main/synapse-config/sequences/GGMDKPIMonitorSetEmployeeFirstNameAndDesignation.xml</file>
    </artifact>
    <artifact name="GGMDKPIMonitorSetTotalHoursVacation" groupId="nl.weintegrate.ggmd.service.GGMDKPIMonitorDeliveryFileAdapter.sequence" version="1.0.0" type="synapse/sequence" serverRole="EnterpriseServiceBus">
        <file>src/main/synapse-config/sequences/GGMDKPIMonitorSetTotalHoursVacation.xml</file>
    </artifact>
    <artifact name="GGMDKPIMonitorDeliveryFileProcessingOutSequence" groupId="nl.weintegrate.ggmd.service.GGMDKPIMonitorDeliveryFileAdapter.sequence" version="1.0.0" type="synapse/sequence" serverRole="EnterpriseServiceBus">
        <file>src/main/synapse-config/sequences/GGMDKPIMonitorDeliveryFileProcessingOutSequence.xml</file>
    </artifact>
    <artifact name="GGMDKPIMonitorEmployeeNumberOfHoursVacation" groupId="nl.weintegrate.ggmd.service.GGMDKPIMonitorDeliveryFileAdapter.sequence" version="1.0.0" type="synapse/sequence" serverRole="EnterpriseServiceBus">
        <file>src/main/synapse-config/sequences/GGMDKPIMonitorEmployeeNumberOfHoursVacation.xml</file>
    </artifact>
    <artifact name="GGMDKPIMonitorUpdateEmployeeNumberOfHoursVacation" groupId="nl.weintegrate.ggmd.service.GGMDKPIMonitorDeliveryFileAdapter.sequence" version="1.0.0" type="synapse/sequence" serverRole="EnterpriseServiceBus">
        <file>src/main/synapse-config/sequences/GGMDKPIMonitorUpdateEmployeeNumberOfHoursVacation.xml</file>
    </artifact>
    <artifact name="GGMDKPIMonitorCheckActivityId" groupId="nl.weintegrate.ggmd.service.GGMDKPIMonitorDeliveryFileAdapter.sequence" version="1.0.0" type="synapse/sequence" serverRole="EnterpriseServiceBus">
        <file>src/main/synapse-config/sequences/GGMDKPIMonitorCheckActivityId.xml</file>
    </artifact>
    <artifact name="GGMDKPIMonitorCalculateBillableTime" groupId="nl.weintegrate.ggmd.service.GGMDKPIMonitorDeliveryFileAdapter.sequence" version="1.0.0" type="synapse/sequence" serverRole="EnterpriseServiceBus">
        <file>src/main/synapse-config/sequences/GGMDKPIMonitorCalculateBillableTime.xml</file>
    </artifact>
    <artifact name="GGMDKPIMonitorCheckDepartmentId" groupId="nl.weintegrate.ggmd.service.GGMDKPIMonitorDeliveryFileAdapter.sequence" version="1.0.0" type="synapse/sequence" serverRole="EnterpriseServiceBus">
        <file>src/main/synapse-config/sequences/GGMDKPIMonitorCheckDepartmentId.xml</file>
    </artifact>
    <artifact name="GGMDKPIMonitorCheckDepartmentDescription" groupId="nl.weintegrate.ggmd.service.GGMDKPIMonitorDeliveryFileAdapter.sequence" version="1.0.0" type="synapse/sequence" serverRole="EnterpriseServiceBus">
        <file>src/main/synapse-config/sequences/GGMDKPIMonitorCheckDepartmentDescription.xml</file>
    </artifact>
    <artifact name="CheckDeliveryPeriod" groupId="nl.weintegrate.ggmd.service.GGMDKPIMonitorDeliveryFileAdapter.proxy-service" version="1.0.0" type="synapse/proxy-service" serverRole="EnterpriseServiceBus">
        <file>src/main/synapse-config/proxy-services/CheckDeliveryPeriod.xml</file>
    </artifact>
    <artifact name="GGMDKPIMonitorGetContractsByCustomerIdFromContractDataService" groupId="nl.weintegrate.ggmd.service.GGMDKPIMonitorDeliveryFileAdapter.sequence" version="1.0.0" type="synapse/sequence" serverRole="EnterpriseServiceBus">
        <file>src/main/synapse-config/sequences/GGMDKPIMonitorGetContractsByCustomerIdFromContractDataService.xml</file>
    </artifact>
    <artifact name="GGMDKPIMonitorGetContractForStartDateByDeliveryDateFromContractDataService" groupId="nl.weintegrate.ggmd.service.GGMDKPIMonitorDeliveryFileAdapter.sequence" version="1.0.0" type="synapse/sequence" serverRole="EnterpriseServiceBus">
        <file>src/main/synapse-config/sequences/GGMDKPIMonitorGetContractForStartDateByDeliveryDateFromContractDataService.xml</file>
    </artifact>
    <artifact name="GGMDKPIMonitorGetContractForEndDateByDeliveryDateFromContractDataService" groupId="nl.weintegrate.ggmd.service.GGMDKPIMonitorDeliveryFileAdapter.sequence" version="1.0.0" type="synapse/sequence" serverRole="EnterpriseServiceBus">
        <file>src/main/synapse-config/sequences/GGMDKPIMonitorGetContractForEndDateByDeliveryDateFromContractDataService.xml</file>
    </artifact>
    <artifact name="GGMDKPIMonitorCalculateVolumeAssignedByContract" groupId="nl.weintegrate.ggmd.service.GGMDKPIMonitorDeliveryFileAdapter.sequence" version="1.0.0" type="synapse/sequence" serverRole="EnterpriseServiceBus">
        <file>src/main/synapse-config/sequences/GGMDKPIMonitorCalculateVolumeAssignedByContract.xml</file>
    </artifact>
    <artifact name="GGMDKPIMonitorSetCustomerRegion" groupId="nl.weintegrate.ggmd.service.GGMDKPIMonitorDeliveryFileAdapter.sequence" version="1.0.0" type="synapse/sequence" serverRole="EnterpriseServiceBus">
        <file>src/main/synapse-config/sequences/GGMDKPIMonitorSetCustomerRegion.xml</file>
    </artifact>
    <artifact name="GGMDKPIMonitorTriggerMasterScript" groupId="nl.weintegrate.ggmd.service.GGMDKPIMonitorDeliveryFileAdapter.sequence" version="1.0.0" type="synapse/sequence" serverRole="EnterpriseServiceBus">
        <file>src/main/synapse-config/sequences/GGMDKPIMonitorTriggerMasterScript.xml</file>
    </artifact>
    <artifact name="GGMDKPIEmployeeNormDeviationCalculations" groupId="nl.weintegrate.ggmd.service.GGMDKPIMonitorDeliveryFileAdapter.sequence" version="1.0.0" type="synapse/sequence" serverRole="EnterpriseServiceBus">
        <file>src/main/synapse-config/sequences/GGMDKPIEmployeeNormDeviationCalculations.xml</file>
    </artifact>
    <artifact name="SetTheFinanceCodeSEQ" groupId="nl.weintegrate.ggmd.service.GGMDKPIMonitorDeliveryFileAdapter.sequence" version="1.0.0" type="synapse/sequence" serverRole="EnterpriseServiceBus">
        <file>src/main/synapse-config/sequences/SetTheFinanceCodeSEQ.xml</file>
    </artifact>
</artifacts>
