<?xml version="1.0" encoding="UTF-8"?><artifacts>
    <artifact name="ConfigurationManagementAPI_01" groupId="nl.weintegrate.wealert.api.configurationmanagement.wso2.api" version="1.0.0" type="synapse/api" serverRole="EnterpriseServiceBus">
        <file>src/main/synapse-config/api/ConfigurationManagementAPI_01.xml</file>
    </artifact>
    <artifact name="ConfigurationManagementAPI_01_AuthenticateInSequence_01" groupId="nl.weintegrate.wealert.api.configurationmanagement.wso2.sequence" version="1.0.0" type="synapse/sequence" serverRole="EnterpriseServiceBus">
        <file>src/main/synapse-config/sequences/ConfigurationManagementAPI_01_AuthenticateInSequence_01.xml</file>
    </artifact>
    <artifact name="ConfigurationManagementAPI_01_AuthenticateOutSequence_01" groupId="nl.weintegrate.wealert.api.configurationmanagement.wso2.sequence" version="1.0.0" type="synapse/sequence" serverRole="EnterpriseServiceBus">
        <file>src/main/synapse-config/sequences/ConfigurationManagementAPI_01_AuthenticateOutSequence_01.xml</file>
    </artifact>
    <artifact name="ConfigurationManagementAPI_01_AuthenticateFaultSequence_01" groupId="nl.weintegrate.wealert.api.configurationmanagement.wso2.sequence" version="1.0.0" type="synapse/sequence" serverRole="EnterpriseServiceBus">
        <file>src/main/synapse-config/sequences/ConfigurationManagementAPI_01_AuthenticateFaultSequence_01.xml</file>
    </artifact>
    <artifact name="ConfigurationManagementAPI_01_ConvertAuthenticateCMAPIRequestToIMAPIRequest_01" groupId="nl.weintegrate.wealert.api.configurationmanagement.wso2.sequence" version="1.0.0" type="synapse/sequence" serverRole="EnterpriseServiceBus">
        <file>src/main/synapse-config/sequences/ConfigurationManagementAPI_01_ConvertAuthenticateCMAPIRequestToIMAPIRequest_01.xml</file>
    </artifact>
    <artifact name="ConfigurationManagementAPI_01_ConvertAuthenticateIMAPIResponseToCMAPIResponse_01" groupId="nl.weintegrate.wealert.api.configurationmanagement.wso2.sequence" version="1.0.0" type="synapse/sequence" serverRole="EnterpriseServiceBus">
        <file>src/main/synapse-config/sequences/ConfigurationManagementAPI_01_ConvertAuthenticateIMAPIResponseToCMAPIResponse_01.xml</file>
    </artifact>
    <artifact name="ConfigurationManagementAPI_01_SendRequestToIdentityManagementAPI_01" groupId="nl.weintegrate.wealert.api.configurationmanagement.wso2.sequence" version="1.0.0" type="synapse/sequence" serverRole="EnterpriseServiceBus">
        <file>src/main/synapse-config/sequences/ConfigurationManagementAPI_01_SendRequestToIdentityManagementAPI_01.xml</file>
    </artifact>
    <artifact name="ConfigurationManagementAPI_01_DeleteUserInSequence_01" groupId="nl.weintegrate.wealert.api.configurationmanagement.wso2.sequence" version="1.0.0" type="synapse/sequence" serverRole="EnterpriseServiceBus">
        <file>src/main/synapse-config/sequences/ConfigurationManagementAPI_01_DeleteUserInSequence_01.xml</file>
    </artifact>
    <artifact name="ConfigurationManagementAPI_01_DeleteUserOutSequence_01" groupId="nl.weintegrate.wealert.api.configurationmanagement.wso2.sequence" version="1.0.0" type="synapse/sequence" serverRole="EnterpriseServiceBus">
        <file>src/main/synapse-config/sequences/ConfigurationManagementAPI_01_DeleteUserOutSequence_01.xml</file>
    </artifact>
    <artifact name="ConfigurationManagementAPI_01_ConvertDeleteUserIMAPIResponseToCMAPIResponse_01" groupId="nl.weintegrate.wealert.api.configurationmanagement.wso2.sequence" version="1.0.0" type="synapse/sequence" serverRole="EnterpriseServiceBus">
        <file>src/main/synapse-config/sequences/ConfigurationManagementAPI_01_ConvertDeleteUserIMAPIResponseToCMAPIResponse_01.xml</file>
    </artifact>
    <artifact name="ConfigurationManagementAPI_01_DeleteUserFaultSequence_01" groupId="nl.weintegrate.wealert.api.configurationmanagement.wso2.sequence" version="1.0.0" type="synapse/sequence" serverRole="EnterpriseServiceBus">
        <file>src/main/synapse-config/sequences/ConfigurationManagementAPI_01_DeleteUserFaultSequence_01.xml</file>
    </artifact>
    <artifact name="ConfigurationManagementAPI_01_CreateUserInSequence_01" groupId="nl.weintegrate.wealert.api.configurationmanagement.wso2.sequence" version="1.0.0" type="synapse/sequence" serverRole="EnterpriseServiceBus">
        <file>src/main/synapse-config/sequences/ConfigurationManagementAPI_01_CreateUserInSequence_01.xml</file>
    </artifact>
    <artifact name="ConfigurationManagementAPI_01_CreateUserOutSequence_01" groupId="nl.weintegrate.wealert.api.configurationmanagement.wso2.sequence" version="1.0.0" type="synapse/sequence" serverRole="EnterpriseServiceBus">
        <file>src/main/synapse-config/sequences/ConfigurationManagementAPI_01_CreateUserOutSequence_01.xml</file>
    </artifact>
    <artifact name="ConfigurationManagementAPI_01_CreateUserFaultSequence_01" groupId="nl.weintegrate.wealert.api.configurationmanagement.wso2.sequence" version="1.0.0" type="synapse/sequence" serverRole="EnterpriseServiceBus">
        <file>src/main/synapse-config/sequences/ConfigurationManagementAPI_01_CreateUserFaultSequence_01.xml</file>
    </artifact>
    <artifact name="ConfigurationManagementAPI_01_ConvertCreateUserCMAPIRequestToIMAPIRequest_01" groupId="nl.weintegrate.wealert.api.configurationmanagement.wso2.sequence" version="1.0.0" type="synapse/sequence" serverRole="EnterpriseServiceBus">
        <file>src/main/synapse-config/sequences/ConfigurationManagementAPI_01_ConvertCreateUserCMAPIRequestToIMAPIRequest_01.xml</file>
    </artifact>
    <artifact name="ConfigurationManagementAPI_01_ConvertCreateUserIMAPIResponseToCMAPIResponse_01" groupId="nl.weintegrate.wealert.api.configurationmanagement.wso2.sequence" version="1.0.0" type="synapse/sequence" serverRole="EnterpriseServiceBus">
        <file>src/main/synapse-config/sequences/ConfigurationManagementAPI_01_ConvertCreateUserIMAPIResponseToCMAPIResponse_01.xml</file>
    </artifact>
    <artifact name="ConfigurationManagementAPI_01_GetUserInSequence_01" groupId="nl.weintegrate.wealert.api.configurationmanagement.wso2.sequence" version="1.0.0" type="synapse/sequence" serverRole="EnterpriseServiceBus">
        <file>src/main/synapse-config/sequences/ConfigurationManagementAPI_01_GetUserInSequence_01.xml</file>
    </artifact>
    <artifact name="ConfigurationManagementAPI_01_GetUserOutSequence_01" groupId="nl.weintegrate.wealert.api.configurationmanagement.wso2.sequence" version="1.0.0" type="synapse/sequence" serverRole="EnterpriseServiceBus">
        <file>src/main/synapse-config/sequences/ConfigurationManagementAPI_01_GetUserOutSequence_01.xml</file>
    </artifact>
    <artifact name="ConfigurationManagementAPI_01_ConvertGetUserIMAPIResponseToCMAPIResponse_01" groupId="nl.weintegrate.wealert.api.configurationmanagement.wso2.sequence" version="1.0.0" type="synapse/sequence" serverRole="EnterpriseServiceBus">
        <file>src/main/synapse-config/sequences/ConfigurationManagementAPI_01_ConvertGetUserIMAPIResponseToCMAPIResponse_01.xml</file>
    </artifact>
    <artifact name="ConfigurationManagementAPI_01_GetUserFaultSequence_01" groupId="nl.weintegrate.wealert.api.configurationmanagement.wso2.sequence" version="1.0.0" type="synapse/sequence" serverRole="EnterpriseServiceBus">
        <file>src/main/synapse-config/sequences/ConfigurationManagementAPI_01_GetUserFaultSequence_01.xml</file>
    </artifact>
    <artifact name="ConfigurationManagementAPI_01_UpdateUserInSequence_01" groupId="nl.weintegrate.wealert.api.configurationmanagement.wso2.sequence" version="1.0.0" type="synapse/sequence" serverRole="EnterpriseServiceBus">
        <file>src/main/synapse-config/sequences/ConfigurationManagementAPI_01_UpdateUserInSequence_01.xml</file>
    </artifact>
    <artifact name="ConfigurationManagementAPI_01_UpdateUserOutSequence_01" groupId="nl.weintegrate.wealert.api.configurationmanagement.wso2.sequence" version="1.0.0" type="synapse/sequence" serverRole="EnterpriseServiceBus">
        <file>src/main/synapse-config/sequences/ConfigurationManagementAPI_01_UpdateUserOutSequence_01.xml</file>
    </artifact>
    <artifact name="ConfigurationManagementAPI_01_UpdateUserFaultSequence_01" groupId="nl.weintegrate.wealert.api.configurationmanagement.wso2.sequence" version="1.0.0" type="synapse/sequence" serverRole="EnterpriseServiceBus">
        <file>src/main/synapse-config/sequences/ConfigurationManagementAPI_01_UpdateUserFaultSequence_01.xml</file>
    </artifact>
    <artifact name="ConfigurationManagementAPI_01_ConvertUpdateUserIMAPIResponseToCMAPIResponse_01" groupId="nl.weintegrate.wealert.api.configurationmanagement.wso2.sequence" version="1.0.0" type="synapse/sequence" serverRole="EnterpriseServiceBus">
        <file>src/main/synapse-config/sequences/ConfigurationManagementAPI_01_ConvertUpdateUserIMAPIResponseToCMAPIResponse_01.xml</file>
    </artifact>
    <artifact name="ConfigurationManagementAPI_01_ConvertUpdateUserCMAPIRequestToIMAPIRequest_01" groupId="nl.weintegrate.wealert.api.configurationmanagement.wso2.sequence" version="1.0.0" type="synapse/sequence" serverRole="EnterpriseServiceBus">
        <file>src/main/synapse-config/sequences/ConfigurationManagementAPI_01_ConvertUpdateUserCMAPIRequestToIMAPIRequest_01.xml</file>
    </artifact>
    <artifact name="ConfigurationManagementAPI_01_CreateClientAdminInSequence_01" groupId="nl.weintegrate.wealert.api.configurationmanagement.wso2.sequence" version="1.0.0" type="synapse/sequence" serverRole="EnterpriseServiceBus">
        <file>src/main/synapse-config/sequences/ConfigurationManagementAPI_01_CreateClientAdminInSequence_01.xml</file>
    </artifact>
    <artifact name="ConfigurationManagementAPI_01_ConvertCreateClientAdminCMAPIRequestToIMAPIRequest_01" groupId="nl.weintegrate.wealert.api.configurationmanagement.wso2.sequence" version="1.0.0" type="synapse/sequence" serverRole="EnterpriseServiceBus">
        <file>src/main/synapse-config/sequences/ConfigurationManagementAPI_01_ConvertCreateClientAdminCMAPIRequestToIMAPIRequest_01.xml</file>
    </artifact>
    <artifact name="ConfigurationManagementAPI_01_CreateClientAdminOutSequence_01" groupId="nl.weintegrate.wealert.api.configurationmanagement.wso2.sequence" version="1.0.0" type="synapse/sequence" serverRole="EnterpriseServiceBus">
        <file>src/main/synapse-config/sequences/ConfigurationManagementAPI_01_CreateClientAdminOutSequence_01.xml</file>
    </artifact>
    <artifact name="ConfigurationManagementAPI_01_ConvertCreateClientAdminIMAPIResponseToCMAPIResponse_01" groupId="nl.weintegrate.wealert.api.configurationmanagement.wso2.sequence" version="1.0.0" type="synapse/sequence" serverRole="EnterpriseServiceBus">
        <file>src/main/synapse-config/sequences/ConfigurationManagementAPI_01_ConvertCreateClientAdminIMAPIResponseToCMAPIResponse_01.xml</file>
    </artifact>
    <artifact name="ConfigurationManagementAPI_01_CreateClientAdminFaultSequence_01" groupId="nl.weintegrate.wealert.api.configurationmanagement.wso2.sequence" version="1.0.0" type="synapse/sequence" serverRole="EnterpriseServiceBus">
        <file>src/main/synapse-config/sequences/ConfigurationManagementAPI_01_CreateClientAdminFaultSequence_01.xml</file>
    </artifact>
    <artifact name="ConfigurationManagementAPI_01_ConvertGetUserCMAPIRequestToIMAPIRequest_01" groupId="nl.weintegrate.wealert.api.configurationmanagement.wso2.sequence" version="1.0.0" type="synapse/sequence" serverRole="EnterpriseServiceBus">
        <file>src/main/synapse-config/sequences/ConfigurationManagementAPI_01_ConvertGetUserCMAPIRequestToIMAPIRequest_01.xml</file>
    </artifact>
    <artifact name="ConfigurationManagementAPI_01_ConvertDeleteUserCMAPIRequestToIMAPIRequest_01" groupId="nl.weintegrate.wealert.api.configurationmanagement.wso2.sequence" version="1.0.0" type="synapse/sequence" serverRole="EnterpriseServiceBus">
        <file>src/main/synapse-config/sequences/ConfigurationManagementAPI_01_ConvertDeleteUserCMAPIRequestToIMAPIRequest_01.xml</file>
    </artifact>
    <artifact name="ConfigurationManagementAPI_01_ConvertCreateApplicationGroupAPAPIResponseToCMAPIResponse_01" groupId="nl.weintegrate.wealert.api.configurationmanagement.wso2.sequence" version="1.0.0" type="synapse/sequence" serverRole="EnterpriseServiceBus">
        <file>src/main/synapse-config/sequences/ConfigurationManagementAPI_01_ConvertCreateApplicationGroupAPAPIResponseToCMAPIResponse_01.xml</file>
    </artifact>
    <artifact name="ConfigurationManagementAPI_01_ConvertCreateApplicationGroupCMAPIRequestToAPAPIRequest_01" groupId="nl.weintegrate.wealert.api.configurationmanagement.wso2.sequence" version="1.0.0" type="synapse/sequence" serverRole="EnterpriseServiceBus">
        <file>src/main/synapse-config/sequences/ConfigurationManagementAPI_01_ConvertCreateApplicationGroupCMAPIRequestToAPAPIRequest_01.xml</file>
    </artifact>
    <artifact name="ConfigurationManagementAPI_01_CreateApplicationGroupInSequence_01" groupId="nl.weintegrate.wealert.api.configurationmanagement.wso2.sequence" version="1.0.0" type="synapse/sequence" serverRole="EnterpriseServiceBus">
        <file>src/main/synapse-config/sequences/ConfigurationManagementAPI_01_CreateApplicationGroupInSequence_01.xml</file>
    </artifact>
    <artifact name="ConfigurationManagementAPI_01_CreateApplicationGroupOutSequence_01" groupId="nl.weintegrate.wealert.api.configurationmanagement.wso2.sequence" version="1.0.0" type="synapse/sequence" serverRole="EnterpriseServiceBus">
        <file>src/main/synapse-config/sequences/ConfigurationManagementAPI_01_CreateApplicationGroupOutSequence_01.xml</file>
    </artifact>
    <artifact name="ConfigurationManagementAPI_01_CreateApplicationGroupFaultSequence_01" groupId="nl.weintegrate.wealert.api.configurationmanagement.wso2.sequence" version="1.0.0" type="synapse/sequence" serverRole="EnterpriseServiceBus">
        <file>src/main/synapse-config/sequences/ConfigurationManagementAPI_01_CreateApplicationGroupFaultSequence_01.xml</file>
    </artifact>
    <artifact name="ConfigurationManagementAPI_01_ConvertCreateApplicationCMAPIRequestToDSSRequest_01" groupId="nl.weintegrate.wealert.api.configurationmanagement.wso2.sequence" version="1.0.0" type="synapse/sequence" serverRole="EnterpriseServiceBus">
        <file>src/main/synapse-config/sequences/ConfigurationManagementAPI_01_ConvertCreateApplicationCMAPIRequestToDSSRequest_01.xml</file>
    </artifact>
    <artifact name="ConfigurationManagementAPI_01_CreateApplicationInSequence_01" groupId="nl.weintegrate.wealert.api.configurationmanagement.wso2.sequence" version="1.0.0" type="synapse/sequence" serverRole="EnterpriseServiceBus">
        <file>src/main/synapse-config/sequences/ConfigurationManagementAPI_01_CreateApplicationInSequence_01.xml</file>
    </artifact>
    <artifact name="ConfigurationManagementAPI_01_CreateApplicationOutSequence_01" groupId="nl.weintegrate.wealert.api.configurationmanagement.wso2.sequence" version="1.0.0" type="synapse/sequence" serverRole="EnterpriseServiceBus">
        <file>src/main/synapse-config/sequences/ConfigurationManagementAPI_01_CreateApplicationOutSequence_01.xml</file>
    </artifact>
    <artifact name="ConfigurationManagementAPI_01_CreateApplicationFaultSequence_01" groupId="nl.weintegrate.wealert.api.configurationmanagement.wso2.sequence" version="1.0.0" type="synapse/sequence" serverRole="EnterpriseServiceBus">
        <file>src/main/synapse-config/sequences/ConfigurationManagementAPI_01_CreateApplicationFaultSequence_01.xml</file>
    </artifact>
    <artifact name="ConfigurationManagementAPI_01_GetApplicationListInSequence_01" groupId="nl.weintegrate.wealert.api.configurationmanagement.wso2.sequence" version="1.0.0" type="synapse/sequence" serverRole="EnterpriseServiceBus">
        <file>src/main/synapse-config/sequences/ConfigurationManagementAPI_01_GetApplicationListInSequence_01.xml</file>
    </artifact>
    <artifact name="ConfigurationManagementAPI_01_ValidateGetApplicationListCDMResponse_01" groupId="nl.weintegrate.wealert.api.configurationmanagement.wso2.sequence" version="1.0.0" type="synapse/sequence" serverRole="EnterpriseServiceBus">
        <file>src/main/synapse-config/sequences/ConfigurationManagementAPI_01_ValidateGetApplicationListCDMResponse_01.xml</file>
    </artifact>
    <artifact name="ConfigurationManagementAPI_01_ConvertGetApplicationListDSSResponseToCMAPIResponse_01" groupId="nl.weintegrate.wealert.api.configurationmanagement.wso2.sequence" version="1.0.0" type="synapse/sequence" serverRole="EnterpriseServiceBus">
        <file>src/main/synapse-config/sequences/ConfigurationManagementAPI_01_ConvertGetApplicationListDSSResponseToCMAPIResponse_01.xml</file>
    </artifact>
    <artifact name="ConfigurationManagementAPI_01_GetApplicationListOutSequence_01" groupId="nl.weintegrate.wealert.api.configurationmanagement.wso2.sequence" version="1.0.0" type="synapse/sequence" serverRole="EnterpriseServiceBus">
        <file>src/main/synapse-config/sequences/ConfigurationManagementAPI_01_GetApplicationListOutSequence_01.xml</file>
    </artifact>
    <artifact name="ConfigurationManagementAPI_01_GetApplicationListFaultSequence_01" groupId="nl.weintegrate.wealert.api.configurationmanagement.wso2.sequence" version="1.0.0" type="synapse/sequence" serverRole="EnterpriseServiceBus">
        <file>src/main/synapse-config/sequences/ConfigurationManagementAPI_01_GetApplicationListFaultSequence_01.xml</file>
    </artifact>
    <artifact name="ConfigurationManagementAPI_01_SendRequestToAuthorizationPolicyAPI_01" groupId="nl.weintegrate.wealert.api.configurationmanagement.wso2.sequence" version="1.0.0" type="synapse/sequence" serverRole="EnterpriseServiceBus">
        <file>src/main/synapse-config/sequences/ConfigurationManagementAPI_01_SendRequestToAuthorizationPolicyAPI_01.xml</file>
    </artifact>
    <artifact name="ConfigurationManagementAPI_01_GetApplicationGroupInSequence_01" groupId="nl.weintegrate.wealert.api.configurationmanagement.wso2.sequence" version="1.0.0" type="synapse/sequence" serverRole="EnterpriseServiceBus">
        <file>src/main/synapse-config/sequences/ConfigurationManagementAPI_01_GetApplicationGroupInSequence_01.xml</file>
    </artifact>
    <artifact name="ConfigurationManagementAPI_01_GetApplicationGroupOutSequence_01" groupId="nl.weintegrate.wealert.api.configurationmanagement.wso2.sequence" version="1.0.0" type="synapse/sequence" serverRole="EnterpriseServiceBus">
        <file>src/main/synapse-config/sequences/ConfigurationManagementAPI_01_GetApplicationGroupOutSequence_01.xml</file>
    </artifact>
    <artifact name="ConfigurationManagementAPI_01_GetApplicationGroupFaultSequence_01" groupId="nl.weintegrate.wealert.api.configurationmanagement.wso2.sequence" version="1.0.0" type="synapse/sequence" serverRole="EnterpriseServiceBus">
        <file>src/main/synapse-config/sequences/ConfigurationManagementAPI_01_GetApplicationGroupFaultSequence_01.xml</file>
    </artifact>
    <artifact name="ConfigurationManagementAPI_01_ConvertGetApplicationGroupAPAPIToCMAPIResponse_01" groupId="nl.weintegrate.wealert.api.configurationmanagement.wso2.sequence" version="1.0.0" type="synapse/sequence" serverRole="EnterpriseServiceBus">
        <file>src/main/synapse-config/sequences/ConfigurationManagementAPI_01_ConvertGetApplicationGroupAPAPIToCMAPIResponse_01.xml</file>
    </artifact>
    <artifact name="ConfigurationManagementAPI_01_ConvertGetApplicationGroupCMAPIToAPAPIRequest_01" groupId="nl.weintegrate.wealert.api.configurationmanagement.wso2.sequence" version="1.0.0" type="synapse/sequence" serverRole="EnterpriseServiceBus">
        <file>src/main/synapse-config/sequences/ConfigurationManagementAPI_01_ConvertGetApplicationGroupCMAPIToAPAPIRequest_01.xml</file>
    </artifact>
    <artifact name="ConfigurationManagementAPI_01_DeleteApplicationGroupFaultSequence_01" groupId="nl.weintegrate.wealert.api.configurationmanagement.wso2.sequence" version="1.0.0" type="synapse/sequence" serverRole="EnterpriseServiceBus">
        <file>src/main/synapse-config/sequences/ConfigurationManagementAPI_01_DeleteApplicationGroupFaultSequence_01.xml</file>
    </artifact>
    <artifact name="ConfigurationManagementAPI_01_DeleteApplicationGroupInSequence_01" groupId="nl.weintegrate.wealert.api.configurationmanagement.wso2.sequence" version="1.0.0" type="synapse/sequence" serverRole="EnterpriseServiceBus">
        <file>src/main/synapse-config/sequences/ConfigurationManagementAPI_01_DeleteApplicationGroupInSequence_01.xml</file>
    </artifact>
    <artifact name="ConfigurationManagementAPI_01_DeleteApplicationGroupOutSequence_01" groupId="nl.weintegrate.wealert.api.configurationmanagement.wso2.sequence" version="1.0.0" type="synapse/sequence" serverRole="EnterpriseServiceBus">
        <file>src/main/synapse-config/sequences/ConfigurationManagementAPI_01_DeleteApplicationGroupOutSequence_01.xml</file>
    </artifact>
    <artifact name="ConfigurationManagementAPI_01_ConvertDeleteApplicationGroupAPAPIToCMAPIResponse_01" groupId="nl.weintegrate.wealert.api.configurationmanagement.wso2.sequence" version="1.0.0" type="synapse/sequence" serverRole="EnterpriseServiceBus">
        <file>src/main/synapse-config/sequences/ConfigurationManagementAPI_01_ConvertDeleteApplicationGroupAPAPIToCMAPIResponse_01.xml</file>
    </artifact>
    <artifact name="ConfigurationManagementAPI_01_ConvertDeleteApplicationGroupCMAPIToAPAPIRequest_01" groupId="nl.weintegrate.wealert.api.configurationmanagement.wso2.sequence" version="1.0.0" type="synapse/sequence" serverRole="EnterpriseServiceBus">
        <file>src/main/synapse-config/sequences/ConfigurationManagementAPI_01_ConvertDeleteApplicationGroupCMAPIToAPAPIRequest_01.xml</file>
    </artifact>
    <artifact name="ConfigurationManagementAPI_01_UpdateApplicationGroupInSequence_01" groupId="nl.weintegrate.wealert.api.configurationmanagement.wso2.sequence" version="1.0.0" type="synapse/sequence" serverRole="EnterpriseServiceBus">
        <file>src/main/synapse-config/sequences/ConfigurationManagementAPI_01_UpdateApplicationGroupInSequence_01.xml</file>
    </artifact>
    <artifact name="ConfigurationManagementAPI_01_UpdateApplicationGroupFaultSequence_01" groupId="nl.weintegrate.wealert.api.configurationmanagement.wso2.sequence" version="1.0.0" type="synapse/sequence" serverRole="EnterpriseServiceBus">
        <file>src/main/synapse-config/sequences/ConfigurationManagementAPI_01_UpdateApplicationGroupFaultSequence_01.xml</file>
    </artifact>
    <artifact name="ConfigurationManagementAPI_01_UpdateApplicationGroupOutSequence_01" groupId="nl.weintegrate.wealert.api.configurationmanagement.wso2.sequence" version="1.0.0" type="synapse/sequence" serverRole="EnterpriseServiceBus">
        <file>src/main/synapse-config/sequences/ConfigurationManagementAPI_01_UpdateApplicationGroupOutSequence_01.xml</file>
    </artifact>
    <artifact name="ConfigurationManagementAPI_01_ConvertUpdateApplicationGroupCMAPIToAPAPIRequest_01" groupId="nl.weintegrate.wealert.api.configurationmanagement.wso2.sequence" version="1.0.0" type="synapse/sequence" serverRole="EnterpriseServiceBus">
        <file>src/main/synapse-config/sequences/ConfigurationManagementAPI_01_ConvertUpdateApplicationGroupCMAPIToAPAPIRequest_01.xml</file>
    </artifact>
    <artifact name="ConfigurationManagementAPI_01_ConvertUpdateApplicationGroupAPAPIToCMAPIResponse_01" groupId="nl.weintegrate.wealert.api.configurationmanagement.wso2.sequence" version="1.0.0" type="synapse/sequence" serverRole="EnterpriseServiceBus">
        <file>src/main/synapse-config/sequences/ConfigurationManagementAPI_01_ConvertUpdateApplicationGroupAPAPIToCMAPIResponse_01.xml</file>
    </artifact>
    <artifact name="ConfigurationManagementAPI_01_GetClientAdminListInSequence_01" groupId="nl.weintegrate.wealert.api.configurationmanagement.wso2.sequence" version="1.0.0" type="synapse/sequence" serverRole="EnterpriseServiceBus">
        <file>src/main/synapse-config/sequences/ConfigurationManagementAPI_01_GetClientAdminListInSequence_01.xml</file>
    </artifact>
    <artifact name="ConfigurationManagementAPI_01_GetClientAdminListOutSequence_01" groupId="nl.weintegrate.wealert.api.configurationmanagement.wso2.sequence" version="1.0.0" type="synapse/sequence" serverRole="EnterpriseServiceBus">
        <file>src/main/synapse-config/sequences/ConfigurationManagementAPI_01_GetClientAdminListOutSequence_01.xml</file>
    </artifact>
    <artifact name="ConfigurationManagementAPI_01_GetClientAdminListFaultSequence_01" groupId="nl.weintegrate.wealert.api.configurationmanagement.wso2.sequence" version="1.0.0" type="synapse/sequence" serverRole="EnterpriseServiceBus">
        <file>src/main/synapse-config/sequences/ConfigurationManagementAPI_01_GetClientAdminListFaultSequence_01.xml</file>
    </artifact>
    <artifact name="ConfigurationManagementAPI_01_ConvertGetClientAdminListCMAPIRequestToIMAPIRequest_01" groupId="nl.weintegrate.wealert.api.configurationmanagement.wso2.sequence" version="1.0.0" type="synapse/sequence" serverRole="EnterpriseServiceBus">
        <file>src/main/synapse-config/sequences/ConfigurationManagementAPI_01_ConvertGetClientAdminListCMAPIRequestToIMAPIRequest_01.xml</file>
    </artifact>
    <artifact name="ConfigurationManagementAPI_01_ConvertGetClientAdminListIMAPIResponseToCMAPIResponse_01" groupId="nl.weintegrate.wealert.api.configurationmanagement.wso2.sequence" version="1.0.0" type="synapse/sequence" serverRole="EnterpriseServiceBus">
        <file>src/main/synapse-config/sequences/ConfigurationManagementAPI_01_ConvertGetClientAdminListIMAPIResponseToCMAPIResponse_01.xml</file>
    </artifact>
    <artifact name="ConfigurationManagementAPI_01_SendRequestToConfigurationManagementDataService_01" groupId="nl.weintegrate.wealert.api.configurationmanagement.wso2.sequence" version="1.0.0" type="synapse/sequence" serverRole="EnterpriseServiceBus">
        <file>src/main/synapse-config/sequences/ConfigurationManagementAPI_01_SendRequestToConfigurationManagementDataService_01.xml</file>
    </artifact>
    <artifact name="ConfigurationManagementAPI_01_ValidateCreateApplicationCDMRequest_01" groupId="nl.weintegrate.wealert.api.configurationmanagement.wso2.sequence" version="1.0.0" type="synapse/sequence" serverRole="EnterpriseServiceBus">
        <file>src/main/synapse-config/sequences/ConfigurationManagementAPI_01_ValidateCreateApplicationCDMRequest_01.xml</file>
    </artifact>
    <artifact name="ConfigurationManagementAPI_01_GetClientAdminUserListInSequence_01" groupId="nl.weintegrate.wealert.api.configurationmanagement.wso2.sequence" version="1.0.0" type="synapse/sequence" serverRole="EnterpriseServiceBus">
        <file>src/main/synapse-config/sequences/ConfigurationManagementAPI_01_GetClientAdminUserListInSequence_01.xml</file>
    </artifact>
    <artifact name="ConfigurationManagementAPI_01_GetClientAdminUserListOutSequence_01" groupId="nl.weintegrate.wealert.api.configurationmanagement.wso2.sequence" version="1.0.0" type="synapse/sequence" serverRole="EnterpriseServiceBus">
        <file>src/main/synapse-config/sequences/ConfigurationManagementAPI_01_GetClientAdminUserListOutSequence_01.xml</file>
    </artifact>
    <artifact name="ConfigurationManagementAPI_01_GetClientAdminUserListFaultSequence_01" groupId="nl.weintegrate.wealert.api.configurationmanagement.wso2.sequence" version="1.0.0" type="synapse/sequence" serverRole="EnterpriseServiceBus">
        <file>src/main/synapse-config/sequences/ConfigurationManagementAPI_01_GetClientAdminUserListFaultSequence_01.xml</file>
    </artifact>
    <artifact name="ConfigurationManagementAPI_01_ConvertGetClientAdminUserListCMAPIRequestToIMAPIRequest_01" groupId="nl.weintegrate.wealert.api.configurationmanagement.wso2.sequence" version="1.0.0" type="synapse/sequence" serverRole="EnterpriseServiceBus">
        <file>src/main/synapse-config/sequences/ConfigurationManagementAPI_01_ConvertGetClientAdminUserListCMAPIRequestToIMAPIRequest_01.xml</file>
    </artifact>
    <artifact name="ConfigurationManagementAPI_01_ConvertGetClientAdminUserListIMAPIResponseToCMAPIResponse_01" groupId="nl.weintegrate.wealert.api.configurationmanagement.wso2.sequence" version="1.0.0" type="synapse/sequence" serverRole="EnterpriseServiceBus">
        <file>src/main/synapse-config/sequences/ConfigurationManagementAPI_01_ConvertGetClientAdminUserListIMAPIResponseToCMAPIResponse_01.xml</file>
    </artifact>
    <artifact name="ConfigurationManagementAPI_01_GetClientAdminApplicationGroupListInSequence_01" groupId="nl.weintegrate.wealert.api.configurationmanagement.wso2.sequence" version="1.0.0" type="synapse/sequence" serverRole="EnterpriseServiceBus">
        <file>src/main/synapse-config/sequences/ConfigurationManagementAPI_01_GetClientAdminApplicationGroupListInSequence_01.xml</file>
    </artifact>
    <artifact name="ConfigurationManagementAPI_01_GetClientAdminApplicationGroupListOutSequence_01" groupId="nl.weintegrate.wealert.api.configurationmanagement.wso2.sequence" version="1.0.0" type="synapse/sequence" serverRole="EnterpriseServiceBus">
        <file>src/main/synapse-config/sequences/ConfigurationManagementAPI_01_GetClientAdminApplicationGroupListOutSequence_01.xml</file>
    </artifact>
    <artifact name="ConfigurationManagementAPI_01_GetClientAdminApplicationGroupListFaultSequence_01" groupId="nl.weintegrate.wealert.api.configurationmanagement.wso2.sequence" version="1.0.0" type="synapse/sequence" serverRole="EnterpriseServiceBus">
        <file>src/main/synapse-config/sequences/ConfigurationManagementAPI_01_GetClientAdminApplicationGroupListFaultSequence_01.xml</file>
    </artifact>
    <artifact name="ConfigurationManagementAPI_01_ValidateGetClientAdminApplicationGroupListCDMResponse_01" groupId="nl.weintegrate.wealert.api.configurationmanagement.wso2.sequence" version="1.0.0" type="synapse/sequence" serverRole="EnterpriseServiceBus">
        <file>src/main/synapse-config/sequences/ConfigurationManagementAPI_01_ValidateGetClientAdminApplicationGroupListCDMResponse_01.xml</file>
    </artifact>
    <artifact name="ConfigurationManagementAPI_01_ValidateGetClientAdminApplicationGroupListCDMRequest_01" groupId="nl.weintegrate.wealert.api.configurationmanagement.wso2.sequence" version="1.0.0" type="synapse/sequence" serverRole="EnterpriseServiceBus">
        <file>src/main/synapse-config/sequences/ConfigurationManagementAPI_01_ValidateGetClientAdminApplicationGroupListCDMRequest_01.xml</file>
    </artifact>
    <artifact name="ConfigurationManagementAPI_01_ConvertGetClientAdminApplicationGroupListCMAPIRequestToDSSRequest_01" groupId="nl.weintegrate.wealert.api.configurationmanagement.wso2.sequence" version="1.0.0" type="synapse/sequence" serverRole="EnterpriseServiceBus">
        <file>src/main/synapse-config/sequences/ConfigurationManagementAPI_01_ConvertGetClientAdminApplicationGroupListCMAPIRequestToDSSRequest_01.xml</file>
    </artifact>
    <artifact name="ConfigurationManagementAPI_01_ConvertGetClientAdminApplicationGroupListDSSResponseToCMAPIResponse_01" groupId="nl.weintegrate.wealert.api.configurationmanagement.wso2.sequence" version="1.0.0" type="synapse/sequence" serverRole="EnterpriseServiceBus">
        <file>src/main/synapse-config/sequences/ConfigurationManagementAPI_01_ConvertGetClientAdminApplicationGroupListDSSResponseToCMAPIResponse_01.xml</file>
    </artifact>
    <artifact name="ConfigurationManagementAPI_01_RegisterWeAgentInSequence_01" groupId="nl.weintegrate.wealert.api.configurationmanagement.wso2.sequence" version="1.0.0" type="synapse/sequence" serverRole="EnterpriseServiceBus">
        <file>src/main/synapse-config/sequences/ConfigurationManagementAPI_01_RegisterWeAgentInSequence_01.xml</file>
    </artifact>
    <artifact name="ConfigurationManagementAPI_01_RegisterWeAgentOutSequence_01" groupId="nl.weintegrate.wealert.api.configurationmanagement.wso2.sequence" version="1.0.0" type="synapse/sequence" serverRole="EnterpriseServiceBus">
        <file>src/main/synapse-config/sequences/ConfigurationManagementAPI_01_RegisterWeAgentOutSequence_01.xml</file>
    </artifact>
    <artifact name="ConfigurationManagementAPI_01_RegisterWeAgentFaultSequence_01" groupId="nl.weintegrate.wealert.api.configurationmanagement.wso2.sequence" version="1.0.0" type="synapse/sequence" serverRole="EnterpriseServiceBus">
        <file>src/main/synapse-config/sequences/ConfigurationManagementAPI_01_RegisterWeAgentFaultSequence_01.xml</file>
    </artifact>
    <artifact name="ConfigurationManagementAPI_01_ValidateDeleteApplicationCDMRequest_01" groupId="nl.weintegrate.wealert.api.configurationmanagement.wso2.sequence" version="1.0.0" type="synapse/sequence" serverRole="EnterpriseServiceBus">
        <file>src/main/synapse-config/sequences/ConfigurationManagementAPI_01_ValidateDeleteApplicationCDMRequest_01.xml</file>
    </artifact>
    <artifact name="ConfigurationManagementAPI_01_ConvertDeleteApplicationCMAPIToDSSRequest_01" groupId="nl.weintegrate.wealert.api.configurationmanagement.wso2.sequence" version="1.0.0" type="synapse/sequence" serverRole="EnterpriseServiceBus">
        <file>src/main/synapse-config/sequences/ConfigurationManagementAPI_01_ConvertDeleteApplicationCMAPIToDSSRequest_01.xml</file>
    </artifact>
    <artifact name="ConfigurationManagementAPI_01_DeleteApplicationFaultSequence_01" groupId="nl.weintegrate.wealert.api.configurationmanagement.wso2.sequence" version="1.0.0" type="synapse/sequence" serverRole="EnterpriseServiceBus">
        <file>src/main/synapse-config/sequences/ConfigurationManagementAPI_01_DeleteApplicationFaultSequence_01.xml</file>
    </artifact>
    <artifact name="ConfigurationManagementAPI_01_DeleteApplicationInSequence_01" groupId="nl.weintegrate.wealert.api.configurationmanagement.wso2.sequence" version="1.0.0" type="synapse/sequence" serverRole="EnterpriseServiceBus">
        <file>src/main/synapse-config/sequences/ConfigurationManagementAPI_01_DeleteApplicationInSequence_01.xml</file>
    </artifact>
    <artifact name="ConfigurationManagementAPI_01_DeleteApplicationOutSequence_01" groupId="nl.weintegrate.wealert.api.configurationmanagement.wso2.sequence" version="1.0.0" type="synapse/sequence" serverRole="EnterpriseServiceBus">
        <file>src/main/synapse-config/sequences/ConfigurationManagementAPI_01_DeleteApplicationOutSequence_01.xml</file>
    </artifact>
    <artifact name="ConfigurationManagementAPI_01_AssignApplicationToGroupFaultSequence_01" groupId="nl.weintegrate.wealert.api.configurationmanagement.wso2.sequence" version="1.0.0" type="synapse/sequence" serverRole="EnterpriseServiceBus">
        <file>src/main/synapse-config/sequences/ConfigurationManagementAPI_01_AssignApplicationToGroupFaultSequence_01.xml</file>
    </artifact>
    <artifact name="ConfigurationManagementAPI_01_AssignApplicationToGroupInSequence_01" groupId="nl.weintegrate.wealert.api.configurationmanagement.wso2.sequence" version="1.0.0" type="synapse/sequence" serverRole="EnterpriseServiceBus">
        <file>src/main/synapse-config/sequences/ConfigurationManagementAPI_01_AssignApplicationToGroupInSequence_01.xml</file>
    </artifact>
    <artifact name="ConfigurationManagementAPI_01_AssignApplicationToGroupOutSequence_01" groupId="nl.weintegrate.wealert.api.configurationmanagement.wso2.sequence" version="1.0.0" type="synapse/sequence" serverRole="EnterpriseServiceBus">
        <file>src/main/synapse-config/sequences/ConfigurationManagementAPI_01_AssignApplicationToGroupOutSequence_01.xml</file>
    </artifact>
    <artifact name="ConfigurationManagementAPI_01_ConvertAssignApplicationToGroupCMAPIRequestToDSSRequest_01" groupId="nl.weintegrate.wealert.api.configurationmanagement.wso2.sequence" version="1.0.0" type="synapse/sequence" serverRole="EnterpriseServiceBus">
        <file>src/main/synapse-config/sequences/ConfigurationManagementAPI_01_ConvertAssignApplicationToGroupCMAPIRequestToDSSRequest_01.xml</file>
    </artifact>
    <artifact name="ConfigurationManagementAPI_01_ValidateAssignApplicationToGroupCDMRequest_01" groupId="nl.weintegrate.wealert.api.configurationmanagement.wso2.sequence" version="1.0.0" type="synapse/sequence" serverRole="EnterpriseServiceBus">
        <file>src/main/synapse-config/sequences/ConfigurationManagementAPI_01_ValidateAssignApplicationToGroupCDMRequest_01.xml</file>
    </artifact>
    <artifact name="ConfigurationManagementAPI_01_DeleteClientAdminFaultSequence_01" groupId="nl.weintegrate.wealert.api.configurationmanagement.wso2.sequence" version="1.0.0" type="synapse/sequence" serverRole="EnterpriseServiceBus">
        <file>src/main/synapse-config/sequences/ConfigurationManagementAPI_01_DeleteClientAdminFaultSequence_01.xml</file>
    </artifact>
    <artifact name="ConfigurationManagementAPI_01_DeleteClientAdminInSequence_01" groupId="nl.weintegrate.wealert.api.configurationmanagement.wso2.sequence" version="1.0.0" type="synapse/sequence" serverRole="EnterpriseServiceBus">
        <file>src/main/synapse-config/sequences/ConfigurationManagementAPI_01_DeleteClientAdminInSequence_01.xml</file>
    </artifact>
    <artifact name="ConfigurationManagementAPI_01_DeleteClientAdminOutSequence_01" groupId="nl.weintegrate.wealert.api.configurationmanagement.wso2.sequence" version="1.0.0" type="synapse/sequence" serverRole="EnterpriseServiceBus">
        <file>src/main/synapse-config/sequences/ConfigurationManagementAPI_01_DeleteClientAdminOutSequence_01.xml</file>
    </artifact>
    <artifact name="ConfigurationManagementAPI_01_ConvertDeleteClientAdminCMAPIRequestToIMAPIRequest_01" groupId="nl.weintegrate.wealert.api.configurationmanagement.wso2.sequence" version="1.0.0" type="synapse/sequence" serverRole="EnterpriseServiceBus">
        <file>src/main/synapse-config/sequences/ConfigurationManagementAPI_01_ConvertDeleteClientAdminCMAPIRequestToIMAPIRequest_01.xml</file>
    </artifact>
    <artifact name="ConfigurationManagementAPI_01_ConvertDeleteClientAdminIMAPIResponseToCMAPIResponse_01" groupId="nl.weintegrate.wealert.api.configurationmanagement.wso2.sequence" version="1.0.0" type="synapse/sequence" serverRole="EnterpriseServiceBus">
        <file>src/main/synapse-config/sequences/ConfigurationManagementAPI_01_ConvertDeleteClientAdminIMAPIResponseToCMAPIResponse_01.xml</file>
    </artifact>
    <artifact name="ConfigurationManagementAPI_01_GetTopicNameFaultSequence_01" groupId="nl.weintegrate.wealert.api.configurationmanagement.wso2.sequence" version="1.0.0" type="synapse/sequence" serverRole="EnterpriseServiceBus">
        <file>src/main/synapse-config/sequences/ConfigurationManagementAPI_01_GetTopicNameFaultSequence_01.xml</file>
    </artifact>
    <artifact name="ConfigurationManagementAPI_01_GetTopicNameInSequence_01" groupId="nl.weintegrate.wealert.api.configurationmanagement.wso2.sequence" version="1.0.0" type="synapse/sequence" serverRole="EnterpriseServiceBus">
        <file>src/main/synapse-config/sequences/ConfigurationManagementAPI_01_GetTopicNameInSequence_01.xml</file>
    </artifact>
    <artifact name="ConfigurationManagementAPI_01_GetTopicNameOutSequence_01" groupId="nl.weintegrate.wealert.api.configurationmanagement.wso2.sequence" version="1.0.0" type="synapse/sequence" serverRole="EnterpriseServiceBus">
        <file>src/main/synapse-config/sequences/ConfigurationManagementAPI_01_GetTopicNameOutSequence_01.xml</file>
    </artifact>
    <artifact name="ConfigurationManagementAPI_01_ValidateGetTopicNameCDMRequest_01" groupId="nl.weintegrate.wealert.api.configurationmanagement.wso2.sequence" version="1.0.0" type="synapse/sequence" serverRole="EnterpriseServiceBus">
        <file>src/main/synapse-config/sequences/ConfigurationManagementAPI_01_ValidateGetTopicNameCDMRequest_01.xml</file>
    </artifact>
    <artifact name="ConfigurationManagementAPI_01_ConvertGetTopicNameCMAPIRequestToDSSRequest_01" groupId="nl.weintegrate.wealert.api.configurationmanagement.wso2.sequence" version="1.0.0" type="synapse/sequence" serverRole="EnterpriseServiceBus">
        <file>src/main/synapse-config/sequences/ConfigurationManagementAPI_01_ConvertGetTopicNameCMAPIRequestToDSSRequest_01.xml</file>
    </artifact>
    <artifact name="ConfigurationManagementAPI_01_AuthorizeMemberUserFaultSequence_01" groupId="nl.weintegrate.wealert.api.configurationmanagement.wso2.sequence" version="1.0.0" type="synapse/sequence" serverRole="EnterpriseServiceBus">
        <file>src/main/synapse-config/sequences/ConfigurationManagementAPI_01_AuthorizeMemberUserFaultSequence_01.xml</file>
    </artifact>
    <artifact name="ConfigurationManagementAPI_01_AuthorizeMemberUserInSequence_01" groupId="nl.weintegrate.wealert.api.configurationmanagement.wso2.sequence" version="1.0.0" type="synapse/sequence" serverRole="EnterpriseServiceBus">
        <file>src/main/synapse-config/sequences/ConfigurationManagementAPI_01_AuthorizeMemberUserInSequence_01.xml</file>
    </artifact>
    <artifact name="ConfigurationManagementAPI_01_AuthorizeMemberUserOutSequence_01" groupId="nl.weintegrate.wealert.api.configurationmanagement.wso2.sequence" version="1.0.0" type="synapse/sequence" serverRole="EnterpriseServiceBus">
        <file>src/main/synapse-config/sequences/ConfigurationManagementAPI_01_AuthorizeMemberUserOutSequence_01.xml</file>
    </artifact>
    <artifact name="ConfigurationManagementAPI_01_ValidateAuthorizeMemberUserCDMRequest_01" groupId="nl.weintegrate.wealert.api.configurationmanagement.wso2.sequence" version="1.0.0" type="synapse/sequence" serverRole="EnterpriseServiceBus">
        <file>src/main/synapse-config/sequences/ConfigurationManagementAPI_01_ValidateAuthorizeMemberUserCDMRequest_01.xml</file>
    </artifact>
    <artifact name="ConfigurationManagementAPI_01_ChangePasswordFaultSequence_01" groupId="nl.weintegrate.wealert.api.configurationmanagement.wso2.sequence" version="1.0.0" type="synapse/sequence" serverRole="EnterpriseServiceBus">
        <file>src/main/synapse-config/sequences/ConfigurationManagementAPI_01_ChangePasswordFaultSequence_01.xml</file>
    </artifact>
    <artifact name="ConfigurationManagementAPI_01_ChangePasswordInSequence_01" groupId="nl.weintegrate.wealert.api.configurationmanagement.wso2.sequence" version="1.0.0" type="synapse/sequence" serverRole="EnterpriseServiceBus">
        <file>src/main/synapse-config/sequences/ConfigurationManagementAPI_01_ChangePasswordInSequence_01.xml</file>
    </artifact>
    <artifact name="ConfigurationManagementAPI_01_ChangePasswordOutSequence_01" groupId="nl.weintegrate.wealert.api.configurationmanagement.wso2.sequence" version="1.0.0" type="synapse/sequence" serverRole="EnterpriseServiceBus">
        <file>src/main/synapse-config/sequences/ConfigurationManagementAPI_01_ChangePasswordOutSequence_01.xml</file>
    </artifact>
    <artifact name="ConfigurationManagementAPI_01_ConvertChangePasswordCMAPIRequestToIMAPIRequest_01" groupId="nl.weintegrate.wealert.api.configurationmanagement.wso2.sequence" version="1.0.0" type="synapse/sequence" serverRole="EnterpriseServiceBus">
        <file>src/main/synapse-config/sequences/ConfigurationManagementAPI_01_ConvertChangePasswordCMAPIRequestToIMAPIRequest_01.xml</file>
    </artifact>
    <artifact name="ConfigurationManagementAPI_01_ConvertChangePasswordIMAPIResponseToCMAPIResponse_01" groupId="nl.weintegrate.wealert.api.configurationmanagement.wso2.sequence" version="1.0.0" type="synapse/sequence" serverRole="EnterpriseServiceBus">
        <file>src/main/synapse-config/sequences/ConfigurationManagementAPI_01_ConvertChangePasswordIMAPIResponseToCMAPIResponse_01.xml</file>
    </artifact>
    <artifact name="ConfigurationManagementAPI_01_ConvertGetTopicNameDSSResponseToCMAPIResponse_01" groupId="nl.weintegrate.wealert.api.configurationmanagement.wso2.sequence" version="1.0.0" type="synapse/sequence" serverRole="EnterpriseServiceBus">
        <file>src/main/synapse-config/sequences/ConfigurationManagementAPI_01_ConvertGetTopicNameDSSResponseToCMAPIResponse_01.xml</file>
    </artifact>
    <artifact name="ConfigurationManagementAPI_01_ValidateGetTopicNameCDMResponse_01" groupId="nl.weintegrate.wealert.api.configurationmanagement.wso2.sequence" version="1.0.0" type="synapse/sequence" serverRole="EnterpriseServiceBus">
        <file>src/main/synapse-config/sequences/ConfigurationManagementAPI_01_ValidateGetTopicNameCDMResponse_01.xml</file>
    </artifact>
    <artifact name="ConfigurationManagementAPI_01_ValidateGetClientAdminListCDMRequest_01" groupId="nl.weintegrate.wealert.api.configurationmanagement.wso2.sequence" version="1.0.0" type="synapse/sequence" serverRole="EnterpriseServiceBus">
        <file>src/main/synapse-config/sequences/ConfigurationManagementAPI_01_ValidateGetClientAdminListCDMRequest_01.xml</file>
    </artifact>
    <artifact name="ConfigurationManagementAPI_01_ConvertGetClientAdminListDSSResponseToCMAPIResponse_01" groupId="nl.weintegrate.wealert.api.configurationmanagement.wso2.sequence" version="1.0.0" type="synapse/sequence" serverRole="EnterpriseServiceBus">
        <file>src/main/synapse-config/sequences/ConfigurationManagementAPI_01_ConvertGetClientAdminListDSSResponseToCMAPIResponse_01.xml</file>
    </artifact>
    <artifact name="ConfigurationManagementAPI_01_ValidateGetClientAdminListCDMReponse_01" groupId="nl.weintegrate.wealert.api.configurationmanagement.wso2.sequence" version="1.0.0" type="synapse/sequence" serverRole="EnterpriseServiceBus">
        <file>src/main/synapse-config/sequences/ConfigurationManagementAPI_01_ValidateGetClientAdminListCDMReponse_01.xml</file>
    </artifact>
    <artifact name="ConfigurationManagementAPI_01_ModifyApplicationGroupWithUsersInSequence_01" groupId="nl.weintegrate.wealert.api.configurationmanagement.wso2.sequence" version="1.0.0" type="synapse/sequence" serverRole="EnterpriseServiceBus">
        <file>src/main/synapse-config/sequences/ConfigurationManagementAPI_01_ModifyApplicationGroupWithUsersInSequence_01.xml</file>
    </artifact>
    <artifact name="ConfigurationManagementAPI_01_ModifyApplicationGroupWithUsersOutSequence_01" groupId="nl.weintegrate.wealert.api.configurationmanagement.wso2.sequence" version="1.0.0" type="synapse/sequence" serverRole="EnterpriseServiceBus">
        <file>src/main/synapse-config/sequences/ConfigurationManagementAPI_01_ModifyApplicationGroupWithUsersOutSequence_01.xml</file>
    </artifact>
    <artifact name="ConfigurationManagementAPI_01_ModifyApplicationGroupWithUsersFaultSequence_01" groupId="nl.weintegrate.wealert.api.configurationmanagement.wso2.sequence" version="1.0.0" type="synapse/sequence" serverRole="EnterpriseServiceBus">
        <file>src/main/synapse-config/sequences/ConfigurationManagementAPI_01_ModifyApplicationGroupWithUsersFaultSequence_01.xml</file>
    </artifact>
    <artifact name="ConfigurationManagementAPI_01_ConvertModifyGroupWithUsersCMAPIToAPAPIRequest_01" groupId="nl.weintegrate.wealert.api.configurationmanagement.wso2.sequence" version="1.0.0" type="synapse/sequence" serverRole="EnterpriseServiceBus">
        <file>src/main/synapse-config/sequences/ConfigurationManagementAPI_01_ConvertModifyGroupWithUsersCMAPIToAPAPIRequest_01.xml</file>
    </artifact>
    <artifact name="ConfigurationManagementAPI_01_ConvertModifyGroupWithUsersAPAPIToCMAPIResponse_01" groupId="nl.weintegrate.wealert.api.configurationmanagement.wso2.sequence" version="1.0.0" type="synapse/sequence" serverRole="EnterpriseServiceBus">
        <file>src/main/synapse-config/sequences/ConfigurationManagementAPI_01_ConvertModifyGroupWithUsersAPAPIToCMAPIResponse_01.xml</file>
    </artifact>
    <artifact name="ConfigurationManagementAPI_01_ConvertAuthorizeMemberUserAPAPIToCMAPIResponse_01" groupId="nl.weintegrate.wealert.api.configurationmanagement.wso2.sequence" version="1.0.0" type="synapse/sequence" serverRole="EnterpriseServiceBus">
        <file>src/main/synapse-config/sequences/ConfigurationManagementAPI_01_ConvertAuthorizeMemberUserAPAPIToCMAPIResponse_01.xml</file>
    </artifact>
    <artifact name="ConfigurationManagementAPI_01_RegisterMobileFaultSequence_01" groupId="nl.weintegrate.wealert.api.configurationmanagement.wso2.sequence" version="1.0.0" type="synapse/sequence" serverRole="EnterpriseServiceBus">
        <file>src/main/synapse-config/sequences/ConfigurationManagementAPI_01_RegisterMobileFaultSequence_01.xml</file>
    </artifact>
    <artifact name="ConfigurationManagementAPI_01_RegisterMobileInSequence_01" groupId="nl.weintegrate.wealert.api.configurationmanagement.wso2.sequence" version="1.0.0" type="synapse/sequence" serverRole="EnterpriseServiceBus">
        <file>src/main/synapse-config/sequences/ConfigurationManagementAPI_01_RegisterMobileInSequence_01.xml</file>
    </artifact>
    <artifact name="ConfigurationManagementAPI_01_RegisterMobileOutSequence_01" groupId="nl.weintegrate.wealert.api.configurationmanagement.wso2.sequence" version="1.0.0" type="synapse/sequence" serverRole="EnterpriseServiceBus">
        <file>src/main/synapse-config/sequences/ConfigurationManagementAPI_01_RegisterMobileOutSequence_01.xml</file>
    </artifact>
    <artifact name="ConfigurationManagementAPI_01_ModifyApplicationGroupWithApplicationsFaultSequence_01" groupId="nl.weintegrate.wealert.api.configurationmanagement.wso2.sequence" version="1.0.0" type="synapse/sequence" serverRole="EnterpriseServiceBus">
        <file>src/main/synapse-config/sequences/ConfigurationManagementAPI_01_ModifyApplicationGroupWithApplicationsFaultSequence_01.xml</file>
    </artifact>
    <artifact name="ConfigurationManagementAPI_01_ModifyApplicationGroupWithApplicationsInSequence_01" groupId="nl.weintegrate.wealert.api.configurationmanagement.wso2.sequence" version="1.0.0" type="synapse/sequence" serverRole="EnterpriseServiceBus">
        <file>src/main/synapse-config/sequences/ConfigurationManagementAPI_01_ModifyApplicationGroupWithApplicationsInSequence_01.xml</file>
    </artifact>
    <artifact name="ConfigurationManagementAPI_01_ModifyApplicationGroupWithApplicationsOutSequence_01" groupId="nl.weintegrate.wealert.api.configurationmanagement.wso2.sequence" version="1.0.0" type="synapse/sequence" serverRole="EnterpriseServiceBus">
        <file>src/main/synapse-config/sequences/ConfigurationManagementAPI_01_ModifyApplicationGroupWithApplicationsOutSequence_01.xml</file>
    </artifact>
    <artifact name="ConfigurationManagementAPI_01_ValidateModifyApplicationGroupWithApplicationsCDMRequest_01" groupId="nl.weintegrate.wealert.api.configurationmanagement.wso2.sequence" version="1.0.0" type="synapse/sequence" serverRole="EnterpriseServiceBus">
        <file>src/main/synapse-config/sequences/ConfigurationManagementAPI_01_ValidateModifyApplicationGroupWithApplicationsCDMRequest_01.xml</file>
    </artifact>
    <artifact name="ConfigurationManagementAPI_01_ConvertModifyApplicationGroupWithApplicationsCMAPIRequestToDSSRequest_01" groupId="nl.weintegrate.wealert.api.configurationmanagement.wso2.sequence" version="1.0.0" type="synapse/sequence" serverRole="EnterpriseServiceBus">
        <file>src/main/synapse-config/sequences/ConfigurationManagementAPI_01_ConvertModifyApplicationGroupWithApplicationsCMAPIRequestToDSSRequest_01.xml</file>
    </artifact>
    <artifact name="ConfigurationManagementAPI_01_RegisterMobileGetAdminInfo_01" groupId="nl.weintegrate.wealert.api.configurationmanagement.wso2.sequence" version="1.0.0" type="synapse/sequence" serverRole="EnterpriseServiceBus">
        <file>src/main/synapse-config/sequences/ConfigurationManagementAPI_01_RegisterMobileGetAdminInfo_01.xml</file>
    </artifact>
    <artifact name="ConfigurationManagementAPI_01_RegisterMobileAuthenticateUser_01" groupId="nl.weintegrate.wealert.api.configurationmanagement.wso2.sequence" version="1.0.0" type="synapse/sequence" serverRole="EnterpriseServiceBus">
        <file>src/main/synapse-config/sequences/ConfigurationManagementAPI_01_RegisterMobileAuthenticateUser_01.xml</file>
    </artifact>
    <artifact name="ConfigurationManagementAPI_01_RegisterMobileGetGroup_01" groupId="nl.weintegrate.wealert.api.configurationmanagement.wso2.sequence" version="1.0.0" type="synapse/sequence" serverRole="EnterpriseServiceBus">
        <file>src/main/synapse-config/sequences/ConfigurationManagementAPI_01_RegisterMobileGetGroup_01.xml</file>
    </artifact>
    <artifact name="ConfigurationManagementAPI_01_RegisterMobileUpdateDeviceId_01" groupId="nl.weintegrate.wealert.api.configurationmanagement.wso2.sequence" version="1.0.0" type="synapse/sequence" serverRole="EnterpriseServiceBus">
        <file>src/main/synapse-config/sequences/ConfigurationManagementAPI_01_RegisterMobileUpdateDeviceId_01.xml</file>
    </artifact>
    <artifact name="ConfigurationManagementAPI_01_RegisterMobileCheckDeviceId_01" groupId="nl.weintegrate.wealert.api.configurationmanagement.wso2.sequence" version="1.0.0" type="synapse/sequence" serverRole="EnterpriseServiceBus">
        <file>src/main/synapse-config/sequences/ConfigurationManagementAPI_01_RegisterMobileCheckDeviceId_01.xml</file>
    </artifact>
    <artifact name="ConfigurationManagementAPI_01_RegisterMobileSendErrorResponse_01" groupId="nl.weintegrate.wealert.api.configurationmanagement.wso2.sequence" version="1.0.0" type="synapse/sequence" serverRole="EnterpriseServiceBus">
        <file>src/main/synapse-config/sequences/ConfigurationManagementAPI_01_RegisterMobileSendErrorResponse_01.xml</file>
    </artifact>
    <artifact name="ConfigurationManagementAPI_01_UpdateApplicationFaultSequence_01" groupId="nl.weintegrate.wealert.api.configurationmanagement.wso2.sequence" version="1.0.0" type="synapse/sequence" serverRole="EnterpriseServiceBus">
        <file>src/main/synapse-config/sequences/ConfigurationManagementAPI_01_UpdateApplicationFaultSequence_01.xml</file>
    </artifact>
    <artifact name="ConfigurationManagementAPI_01_UpdateApplicationInSequence_01" groupId="nl.weintegrate.wealert.api.configurationmanagement.wso2.sequence" version="1.0.0" type="synapse/sequence" serverRole="EnterpriseServiceBus">
        <file>src/main/synapse-config/sequences/ConfigurationManagementAPI_01_UpdateApplicationInSequence_01.xml</file>
    </artifact>
    <artifact name="ConfigurationManagementAPI_01_UpdateApplicationOutSequence_01" groupId="nl.weintegrate.wealert.api.configurationmanagement.wso2.sequence" version="1.0.0" type="synapse/sequence" serverRole="EnterpriseServiceBus">
        <file>src/main/synapse-config/sequences/ConfigurationManagementAPI_01_UpdateApplicationOutSequence_01.xml</file>
    </artifact>
    <artifact name="ConfigurationManagementAPI_01_ConvertUpdateApplicationCMAPIRequestToDSSRequest_01" groupId="nl.weintegrate.wealert.api.configurationmanagement.wso2.sequence" version="1.0.0" type="synapse/sequence" serverRole="EnterpriseServiceBus">
        <file>src/main/synapse-config/sequences/ConfigurationManagementAPI_01_ConvertUpdateApplicationCMAPIRequestToDSSRequest_01.xml</file>
    </artifact>
    <artifact name="ConfigurationManagementAPI_01_ValidateUpdateApplicationCDMRequest_01" groupId="nl.weintegrate.wealert.api.configurationmanagement.wso2.sequence" version="1.0.0" type="synapse/sequence" serverRole="EnterpriseServiceBus">
        <file>src/main/synapse-config/sequences/ConfigurationManagementAPI_01_ValidateUpdateApplicationCDMRequest_01.xml</file>
    </artifact>
    <artifact name="ConfigurationManagementAPI_01_ConvertUpdateApplicationDSSResponseToCMAPIResponse_01" groupId="nl.weintegrate.wealert.api.configurationmanagement.wso2.sequence" version="1.0.0" type="synapse/sequence" serverRole="EnterpriseServiceBus">
        <file>src/main/synapse-config/sequences/ConfigurationManagementAPI_01_ConvertUpdateApplicationDSSResponseToCMAPIResponse_01.xml</file>
    </artifact>
    <artifact name="ConfigurationManagementAPI_01_ValidateUpdateApplicationCDMResponse_01" groupId="nl.weintegrate.wealert.api.configurationmanagement.wso2.sequence" version="1.0.0" type="synapse/sequence" serverRole="EnterpriseServiceBus">
        <file>src/main/synapse-config/sequences/ConfigurationManagementAPI_01_ValidateUpdateApplicationCDMResponse_01.xml</file>
    </artifact>
    <artifact name="ConfigurationManagementAPI_01_GetGroupForUserInSequence_01" groupId="nl.weintegrate.wealert.api.configurationmanagement.wso2.sequence" version="1.0.0" type="synapse/sequence" serverRole="EnterpriseServiceBus">
        <file>src/main/synapse-config/sequences/ConfigurationManagementAPI_01_GetGroupForUserInSequence_01.xml</file>
    </artifact>
    <artifact name="ConfigurationManagementAPI_01_GetGroupForUserOutSequence_01" groupId="nl.weintegrate.wealert.api.configurationmanagement.wso2.sequence" version="1.0.0" type="synapse/sequence" serverRole="EnterpriseServiceBus">
        <file>src/main/synapse-config/sequences/ConfigurationManagementAPI_01_GetGroupForUserOutSequence_01.xml</file>
    </artifact>
    <artifact name="ConfigurationManagementAPI_01_GetGroupForUserFaultSequence_01" groupId="nl.weintegrate.wealert.api.configurationmanagement.wso2.sequence" version="1.0.0" type="synapse/sequence" serverRole="EnterpriseServiceBus">
        <file>src/main/synapse-config/sequences/ConfigurationManagementAPI_01_GetGroupForUserFaultSequence_01.xml</file>
    </artifact>
    <artifact name="ConfigurationManagementAPI_01_ConvertGetGroupForUserDSSToCMAPIResponse_01" groupId="nl.weintegrate.wealert.api.configurationmanagement.wso2.sequence" version="1.0.0" type="synapse/sequence" serverRole="EnterpriseServiceBus">
        <file>src/main/synapse-config/sequences/ConfigurationManagementAPI_01_ConvertGetGroupForUserDSSToCMAPIResponse_01.xml</file>
    </artifact>
    <artifact name="ConfigurationManagementAPI_01_ValidateGetGroupForUserCDMResponse_01" groupId="nl.weintegrate.wealert.api.configurationmanagement.wso2.sequence" version="1.0.0" type="synapse/sequence" serverRole="EnterpriseServiceBus">
        <file>src/main/synapse-config/sequences/ConfigurationManagementAPI_01_ValidateGetGroupForUserCDMResponse_01.xml</file>
    </artifact>
    <artifact name="ConfigurationManagementAPI_01_ValidateGetGroupForUserCDMRequest_01" groupId="nl.weintegrate.wealert.api.configurationmanagement.wso2.sequence" version="1.0.0" type="synapse/sequence" serverRole="EnterpriseServiceBus">
        <file>src/main/synapse-config/sequences/ConfigurationManagementAPI_01_ValidateGetGroupForUserCDMRequest_01.xml</file>
    </artifact>
    <artifact name="ConfigurationManagementAPI_01_ConvertGetGroupForUserCMAPIRequestToDSSRequest_01" groupId="nl.weintegrate.wealert.api.configurationmanagement.wso2.sequence" version="1.0.0" type="synapse/sequence" serverRole="EnterpriseServiceBus">
        <file>src/main/synapse-config/sequences/ConfigurationManagementAPI_01_ConvertGetGroupForUserCMAPIRequestToDSSRequest_01.xml</file>
    </artifact>
    <artifact name="ConfigurationManagementAPI_01_DeleteUserGetGroupForUser_01" groupId="nl.weintegrate.wealert.api.configurationmanagement.wso2.sequence" version="1.0.0" type="synapse/sequence" serverRole="EnterpriseServiceBus">
        <file>src/main/synapse-config/sequences/ConfigurationManagementAPI_01_DeleteUserGetGroupForUser_01.xml</file>
    </artifact>
    <artifact name="ConfigurationManagementAPI_01_DeleteUserRemoveUserFromPolicy_01" groupId="nl.weintegrate.wealert.api.configurationmanagement.wso2.sequence" version="1.0.0" type="synapse/sequence" serverRole="EnterpriseServiceBus">
        <file>src/main/synapse-config/sequences/ConfigurationManagementAPI_01_DeleteUserRemoveUserFromPolicy_01.xml</file>
    </artifact>
</artifacts>
