<?xml version="1.0" encoding="UTF-8"?><artifacts>
    <artifact name="CMMHeader_01" groupId="nl.ggmd.wso2.commons.resource" version="1.0.0" type="registry/resource" serverRole="GovernanceRegistry">
        <item>
            <file>CMMHeader_01.xsd</file>
            <path>/_system/governance/nl/ggmd/commons/cdm/xsd</path>
            <mediaType>application/x-xsd+xml</mediaType>
        </item>
    </artifact>
    <artifact name="IdentityAndAccessManagement_01_RequestResponse" groupId="nl.ggmd.wso2.commons.resource" version="1.0.0" type="registry/resource" serverRole="GovernanceRegistry">
        <item>
            <file>IdentityAndAccessManagement_01_RequestResponse.xsd</file>
            <path>/_system/governance/nl/ggmd/commons/cdm/xsd</path>
            <mediaType>application/x-xsd+xml</mediaType>
        </item>
    </artifact>
    <artifact name="User_01_xsd" groupId="nl.ggmd.wso2.commons.resource" version="1.0.0" type="registry/resource" serverRole="GovernanceRegistry">
        <item>
            <file>User_01.xsd</file>
            <path>/_system/governance/nl/ggmd/commons/cdm/xsd</path>
            <mediaType>application/x-xsd+xml</mediaType>
        </item>
    </artifact>
    <artifact name="Deliveries_01" groupId="nl.ggmd.wso2.commons.resource" version="1.0.0" type="registry/resource" serverRole="GovernanceRegistry">
        <item>
            <file>Deliveries_01.xsd</file>
            <path>/_system/governance/nl/ggmd/commons/cdm/xsd</path>
            <mediaType>application/x-xsd+xml</mediaType>
        </item>
    </artifact>
    <artifact name="Deliveries_01_RequestResponse_001" groupId="nl.ggmd.wso2.commons.resource" version="1.0.0" type="registry/resource" serverRole="GovernanceRegistry">
        <item>
            <file>Deliveries_01_RequestResponse_001.xsd</file>
            <path>/_system/governance/nl/ggmd/commons/cdm/xsd</path>
            <mediaType>application/x-xsd+xml</mediaType>
        </item>
    </artifact>
</artifacts>
