<?xml version="1.0" encoding="UTF-8"?>
<project xsi:schemaLocation="http://maven.apache.org/POM/4.0.0 http://maven.apache.org/xsd/maven-4.0.0.xsd" xmlns="http://maven.apache.org/POM/4.0.0"
    xmlns:xsi="http://www.w3.org/2001/XMLSchema-instance">
  <modelVersion>4.0.0</modelVersion>
  <groupId>REPLACEGROUPID</groupId>
  <artifactId>REPLACEARTIFACTID</artifactId>
  <version>1.0.0</version>
  <packaging>pom</packaging>
  <name>REPLACEARTIFACTID</name>
  <description>REPLACEARTIFACTID</description>
  <properties>
    <CApp.type>bpel/workflow=zip,lib/registry/filter=jar,webapp/jaxws=war,lib/library/bundle=jar,service/dataservice=dbs,synapse/local-entry=xml,synapse/proxy-service=xml,carbon/application=car,registry/resource=zip,lib/dataservice/validator=jar,synapse/endpoint=xml,web/application=war,lib/carbon/ui=jar,service/axis2=aar,synapse/sequence=xml,synapse/configuration=xml,wso2/gadget=dar,lib/registry/handlers=jar,lib/synapse/mediator=jar,synapse/task=xml,synapse/api=xml,synapse/template=xml,synapse/message-store=xml,synapse/message-processors=xml</CApp.type>
    <maven.test.skip>false</maven.test.skip>
  </properties>
  <repositories>
    <repository>
      <releases>
        <enabled>true</enabled>
        <updatePolicy>daily</updatePolicy>
        <checksumPolicy>ignore</checksumPolicy>
      </releases>
      <id>wso2-nexus</id>
      <url>http://maven.wso2.org/nexus/content/groups/wso2-public/</url>
    </repository>
  </repositories>
  <pluginRepositories>
    <pluginRepository>
      <releases>
        <enabled>true</enabled>
        <updatePolicy>daily</updatePolicy>
        <checksumPolicy>ignore</checksumPolicy>
      </releases>
      <id>wso2-nexus</id>
      <url>http://maven.wso2.org/nexus/content/groups/wso2-public/</url>
    </pluginRepository>
  </pluginRepositories>
  <build>
    <directory>target/capp</directory>
    <plugins>
      <plugin>
        <groupId>org.codehaus.mojo</groupId>
        <artifactId>exec-maven-plugin</artifactId>
        <version>1.2</version>
        <extensions>true</extensions>
        <executions>
          <execution>
            <id>install</id>
            <phase>install</phase>
            <goals>
              <goal>exec</goal>
            </goals>
            <configuration>
              <executable>mvn</executable>
              <workingDirectory>${project.build.directory}</workingDirectory>
              <arguments>
                <argument>clean</argument>
                <argument>install</argument>
                <argument>-Dmaven.test.skip=${maven.test.skip}</argument>
              </arguments>
            </configuration>
          </execution>
          <execution>
            <id>deploy</id>
            <phase>deploy</phase>
            <goals>
              <goal>exec</goal>
            </goals>
            <configuration>
              <executable>mvn</executable>
              <workingDirectory>${project.build.directory}</workingDirectory>
              <arguments>
                <argument>deploy</argument>
                <argument>-Dmaven.test.skip=${maven.test.skip}</argument>
              </arguments>
            </configuration>
          </execution>
        </executions>
        <configuration />
      </plugin>
      <plugin>
        <artifactId>maven-eclipse-plugin</artifactId>
        <version>2.9</version>
        <configuration>
          <buildcommands />
          <projectnatures>
            <projectnature>org.wso2.developerstudio.eclipse.esb.project.nature</projectnature>
          </projectnatures>
        </configuration>
      </plugin>
    </plugins>
  </build>
</project>
