<?xml version="1.0" encoding="UTF-8"?><artifacts>
    <artifact name="RegisterDeviceInSequence" groupId="com.example" version="1.0.0" type="synapse/sequence" serverRole="EnterpriseServiceBus">
        <file>src/main/synapse-config/sequences/RegisterDeviceInSequence.xml</file>
    </artifact>
    <artifact name="RegisterDeviceInSequence" groupId="nl.weintegrate.wealert.api.devicemanagement.wso2.sequence" version="1.0.0" type="synapse/sequence" serverRole="EnterpriseServiceBus">
        <file>src/main/synapse-config/sequences/RegisterDeviceInSequence.xml</file>
    </artifact>
    <artifact name="RegisterDeviceOutSequence" groupId="nl.weintegrate.wealert.api.devicemanagement.wso2.sequence" version="1.0.0" type="synapse/sequence" serverRole="EnterpriseServiceBus">
        <file>src/main/synapse-config/sequences/RegisterDeviceOutSequence.xml</file>
    </artifact>
</artifacts>
