<?xml version="1.0" encoding="UTF-8"?><artifacts>
    <artifact name="KPIContractsFileReader" groupId="nl.ggmd.wso2.kpi.contracts.fileadapter.proxy-service" version="1.0.0" type="synapse/proxy-service" serverRole="EnterpriseServiceBus">
        <file>src/main/synapse-config/proxy-services/KPIContractsFileReader.xml</file>
    </artifact>
    <artifact name="CallDataServiceToSaveDiscardedKPIContractInCSV" groupId="nl.ggmd.wso2.kpi.contracts.fileadapter.sequence" version="1.0.0" type="synapse/sequence" serverRole="EnterpriseServiceBus">
        <file>src/main/synapse-config/sequences/CallDataServiceToSaveDiscardedKPIContractInCSV.xml</file>
    </artifact>
    <artifact name="ConvertKPIContractPlainXMLToCDMXML" groupId="nl.ggmd.wso2.kpi.contracts.fileadapter.sequence" version="1.0.0" type="synapse/sequence" serverRole="EnterpriseServiceBus">
        <file>src/main/synapse-config/sequences/ConvertKPIContractPlainXMLToCDMXML.xml</file>
    </artifact>
    <artifact name="FilterKPIContractsXMLMessage" groupId="nl.ggmd.wso2.kpi.contracts.fileadapter.sequence" version="1.0.0" type="synapse/sequence" serverRole="EnterpriseServiceBus">
        <file>src/main/synapse-config/sequences/FilterKPIContractsXMLMessage.xml</file>
    </artifact>
    <artifact name="KPIContractsFileProcessingFaultSequence" groupId="nl.ggmd.wso2.kpi.contracts.fileadapter.sequence" version="1.0.0" type="synapse/sequence" serverRole="EnterpriseServiceBus">
        <file>src/main/synapse-config/sequences/KPIContractsFileProcessingFaultSequence.xml</file>
    </artifact>
    <artifact name="SendKPIContractsMessageToDataService" groupId="nl.ggmd.wso2.kpi.contracts.fileadapter.sequence" version="1.0.0" type="synapse/sequence" serverRole="EnterpriseServiceBus">
        <file>src/main/synapse-config/sequences/SendKPIContractsMessageToDataService.xml</file>
    </artifact>
    <artifact name="TransformKPIContractsCSVRecordIntoXML" groupId="nl.ggmd.wso2.kpi.contracts.fileadapter.sequence" version="1.0.0" type="synapse/sequence" serverRole="EnterpriseServiceBus">
        <file>src/main/synapse-config/sequences/TransformKPIContractsCSVRecordIntoXML.xml</file>
    </artifact>
    <artifact name="GGMDKPIMonitorCopyContractFileToInDirectories" groupId="nl.ggmd.wso2.kpi.contracts.fileadapter.sequence" version="1.0.0" type="synapse/sequence" serverRole="EnterpriseServiceBus">
        <file>src/main/synapse-config/sequences/GGMDKPIMonitorCopyContractFileToInDirectories.xml</file>
    </artifact>
    <artifact name="GGMDKPIMonitorCopyDeliveryFileToInDirectories" groupId="nl.ggmd.wso2.kpi.contracts.fileadapter.sequence" version="1.0.0" type="synapse/sequence" serverRole="EnterpriseServiceBus">
        <file>src/main/synapse-config/sequences/GGMDKPIMonitorCopyDeliveryFileToInDirectories.xml</file>
    </artifact>
    <artifact name="SetContractDeliveryPeriod" groupId="nl.ggmd.wso2.kpi.contracts.fileadapter.sequence" version="1.0.0" type="synapse/sequence" serverRole="EnterpriseServiceBus">
        <file>src/main/synapse-config/sequences/SetContractDeliveryPeriod.xml</file>
    </artifact>
    <artifact name="SetKPIContractDeliveryPeriodToCDMRequest" groupId="nl.ggmd.wso2.kpi.contracts.fileadapter.sequence" version="1.0.0" type="synapse/sequence" serverRole="EnterpriseServiceBus">
        <file>src/main/synapse-config/sequences/SetKPIContractDeliveryPeriodToCDMRequest.xml</file>
    </artifact>
    <artifact name="GGMDKPIMonitorReplaceMsgBodyWithContractPayload" groupId="nl.ggmd.wso2.kpi.contracts.fileadapter.sequence" version="1.0.0" type="synapse/sequence" serverRole="EnterpriseServiceBus">
        <file>src/main/synapse-config/sequences/GGMDKPIMonitorReplaceMsgBodyWithContractPayload.xml</file>
    </artifact>
    <artifact name="GGMDKPIMonitorPreserveContractPayload" groupId="nl.ggmd.wso2.kpi.contracts.fileadapter.sequence" version="1.0.0" type="synapse/sequence" serverRole="EnterpriseServiceBus">
        <file>src/main/synapse-config/sequences/GGMDKPIMonitorPreserveContractPayload.xml</file>
    </artifact>
    <artifact name="GGMDKPIMonitorSetMultiplyVolume" groupId="nl.ggmd.wso2.kpi.contracts.fileadapter.sequence" version="1.0.0" type="synapse/sequence" serverRole="EnterpriseServiceBus">
        <file>src/main/synapse-config/sequences/GGMDKPIMonitorSetMultiplyVolume.xml</file>
    </artifact>
    <artifact name="CheckCustomerCity" groupId="nl.ggmd.wso2.kpi.contracts.fileadapter.sequence" version="1.0.0" type="synapse/sequence" serverRole="EnterpriseServiceBus">
        <file>src/main/synapse-config/sequences/CheckCustomerCity.xml</file>
    </artifact>
    <artifact name="SetVolumePerDeliveryPeriodForUnitOfProduct2015" groupId="nl.ggmd.wso2.kpi.contracts.fileadapter.sequence" version="1.0.0" type="synapse/sequence" serverRole="EnterpriseServiceBus">
        <file>src/main/synapse-config/sequences/SetVolumePerDeliveryPeriodForUnitOfProduct2015.xml</file>
    </artifact>
    <artifact name="SetKPIVolumePerDeliveryPeriodToCDMRequest" groupId="nl.ggmd.wso2.kpi.contracts.fileadapter.sequence" version="1.0.0" type="synapse/sequence" serverRole="EnterpriseServiceBus">
        <file>src/main/synapse-config/sequences/SetKPIVolumePerDeliveryPeriodToCDMRequest.xml</file>
    </artifact>
    <artifact name="SetVolumePerDeliveryPeriodForEuro" groupId="nl.ggmd.wso2.kpi.contracts.fileadapter.sequence" version="1.0.0" type="synapse/sequence" serverRole="EnterpriseServiceBus">
        <file>src/main/synapse-config/sequences/SetVolumePerDeliveryPeriodForEuro.xml</file>
    </artifact>
    <artifact name="SetKPIVolumeAndDeliveryToCDMRequest" groupId="nl.ggmd.wso2.kpi.contracts.fileadapter.sequence" version="1.0.0" type="synapse/sequence" serverRole="EnterpriseServiceBus">
        <file>src/main/synapse-config/sequences/SetKPIVolumeAndDeliveryToCDMRequest.xml</file>
    </artifact>
    <artifact name="SetVolumePerDeliveryPeriodForStuks" groupId="nl.ggmd.wso2.kpi.contracts.fileadapter.sequence" version="1.0.0" type="synapse/sequence" serverRole="EnterpriseServiceBus">
        <file>src/main/synapse-config/sequences/SetVolumePerDeliveryPeriodForStuks.xml</file>
    </artifact>
    <artifact name="SetVolumePerDeliveryPeriodForOtherUnitOfProduct" groupId="nl.ggmd.wso2.kpi.contracts.fileadapter.sequence" version="1.0.0" type="synapse/sequence" serverRole="EnterpriseServiceBus">
        <file>src/main/synapse-config/sequences/SetVolumePerDeliveryPeriodForOtherUnitOfProduct.xml</file>
    </artifact>
    <artifact name="SetKPIContractDiscardedInCDM" groupId="nl.ggmd.wso2.kpi.contracts.fileadapter.sequence" version="1.0.0" type="synapse/sequence" serverRole="EnterpriseServiceBus">
        <file>src/main/synapse-config/sequences/SetKPIContractDiscardedInCDM.xml</file>
    </artifact>
    <artifact name="GGMDFileProcessor" groupId="nl.ggmd.wso2.kpi.contracts.fileadapter.proxy-service" version="1.0.0" type="synapse/proxy-service" serverRole="EnterpriseServiceBus">
        <file>src/main/synapse-config/proxy-services/GGMDFileProcessor.xml</file>
    </artifact>
    <artifact name="CheckthePresenceOfJWTContractsSEQ" groupId="nl.ggmd.wso2.kpi.contracts.fileadapter.sequence" version="1.0.0" type="synapse/sequence" serverRole="EnterpriseServiceBus">
        <file>src/main/synapse-config/sequences/CheckthePresenceOfJWTContractsSEQ.xml</file>
    </artifact>
    <artifact name="CheckthePresenceOfDeliveriesSEQ" groupId="nl.ggmd.wso2.kpi.contracts.fileadapter.sequence" version="1.0.0" type="synapse/sequence" serverRole="EnterpriseServiceBus">
        <file>src/main/synapse-config/sequences/CheckthePresenceOfDeliveriesSEQ.xml</file>
    </artifact>
    <artifact name="CheckthePresenceOfWMOContractsSEQ" groupId="nl.ggmd.wso2.kpi.contracts.fileadapter.sequence" version="1.0.0" type="synapse/sequence" serverRole="EnterpriseServiceBus">
        <file>src/main/synapse-config/sequences/CheckthePresenceOfWMOContractsSEQ.xml</file>
    </artifact>
    <artifact name="CopyJWTContractFileToInDirectoryAndPurgeDBSEQ" groupId="nl.ggmd.wso2.kpi.contracts.fileadapter.sequence" version="1.0.0" type="synapse/sequence" serverRole="EnterpriseServiceBus">
        <file>src/main/synapse-config/sequences/CopyJWTContractFileToInDirectoryAndPurgeDBSEQ.xml</file>
    </artifact>
    <artifact name="CopyWMOContractFileToInDirectorySEQ" groupId="nl.ggmd.wso2.kpi.contracts.fileadapter.sequence" version="1.0.0" type="synapse/sequence" serverRole="EnterpriseServiceBus">
        <file>src/main/synapse-config/sequences/CopyWMOContractFileToInDirectorySEQ.xml</file>
    </artifact>
    <artifact name="CopyDeliveryFileToInDirectorySEQ" groupId="nl.ggmd.wso2.kpi.contracts.fileadapter.sequence" version="1.0.0" type="synapse/sequence" serverRole="EnterpriseServiceBus">
        <file>src/main/synapse-config/sequences/CopyDeliveryFileToInDirectorySEQ.xml</file>
    </artifact>
    <artifact name="CopyJWTContractFileToInDirectorySEQ" groupId="nl.ggmd.wso2.kpi.contracts.fileadapter.sequence" version="1.0.0" type="synapse/sequence" serverRole="EnterpriseServiceBus">
        <file>src/main/synapse-config/sequences/CopyJWTContractFileToInDirectorySEQ.xml</file>
    </artifact>
    <artifact name="GGMDFileProcessorScheduler" groupId="nl.ggmd.wso2.kpi.contracts.fileadapter.task" version="1.0.0" type="synapse/task" serverRole="EnterpriseServiceBus">
        <file>src/main/synapse-config/tasks/GGMDFileProcessorScheduler.xml</file>
    </artifact>
    <artifact name="JWTContractsFileReader" groupId="nl.ggmd.wso2.kpi.contracts.fileadapter.proxy-service" version="1.0.0" type="synapse/proxy-service" serverRole="EnterpriseServiceBus">
        <file>src/main/synapse-config/proxy-services/JWTContractsFileReader.xml</file>
    </artifact>
    <artifact name="TransformJWTContractsCSVRecordIntoXMLSEQ" groupId="nl.ggmd.wso2.kpi.contracts.fileadapter.sequence" version="1.0.0" type="synapse/sequence" serverRole="EnterpriseServiceBus">
        <file>src/main/synapse-config/sequences/TransformJWTContractsCSVRecordIntoXMLSEQ.xml</file>
    </artifact>
    <artifact name="PurgeTheDataBaseSEQ" groupId="nl.ggmd.wso2.kpi.contracts.fileadapter.sequence" version="1.0.0" type="synapse/sequence" serverRole="EnterpriseServiceBus">
        <file>src/main/synapse-config/sequences/PurgeTheDataBaseSEQ.xml</file>
    </artifact>
    <artifact name="SetUploadDateSEQ" groupId="nl.ggmd.wso2.kpi.contracts.fileadapter.sequence" version="1.0.0" type="synapse/sequence" serverRole="EnterpriseServiceBus">
        <file>src/main/synapse-config/sequences/SetUploadDateSEQ.xml</file>
    </artifact>
    <artifact name="CreateUploadDateSEQ" groupId="nl.ggmd.wso2.kpi.contracts.fileadapter.sequence" version="1.0.0" type="synapse/sequence" serverRole="EnterpriseServiceBus">
        <file>src/main/synapse-config/sequences/CreateUploadDateSEQ.xml</file>
    </artifact>
    <artifact name="CheckKPIContractCountandTriggerDeliveriesComponent" groupId="nl.ggmd.wso2.kpi.contracts.fileadapter.sequence" version="1.0.0" type="synapse/sequence" serverRole="EnterpriseServiceBus">
        <file>src/main/synapse-config/sequences/CheckKPIContractCountandTriggerDeliveriesComponent.xml</file>
    </artifact>
</artifacts>
