<?xml version="1.0" encoding="UTF-8"?><artifacts>
    <artifact name="ContractsAccountingDataServiceEndpoint" groupId="nl.ggmd.accounting.wso2.contracts.fileadapter.resource" version="1.0.0" type="registry/resource" serverRole="GovernanceRegistry">
        <item>
            <file>ContractsAccountingDataServiceEndpoint.xml</file>
            <path>/_system/governance/nl/ggmd/accounting/service/contracts/v1/endpoints</path>
            <mediaType>application/vnd.wso2.esb.endpoint</mediaType>
        </item>
    </artifact>
    <artifact name="ContractsAccountingErrorQueueEndpoint" groupId="nl.ggmd.accounting.wso2.contracts.fileadapter.resource" version="1.0.0" type="registry/resource" serverRole="GovernanceRegistry">
        <item>
            <file>ContractsAccountingErrorQueueEndpoint.xml</file>
            <path>/_system/governance/nl/ggmd/accounting/service/contracts/v1/endpoints</path>
            <mediaType>application/vnd.wso2.esb.endpoint</mediaType>
        </item>
    </artifact>
    <artifact name="ConvertContractAccountingXMLToPOXXml" groupId="nl.ggmd.accounting.wso2.contracts.fileadapter.resource" version="1.0.0" type="registry/resource" serverRole="GovernanceRegistry">
        <item>
            <file>ConvertContractAccountingXMLToPOXXml.xslt</file>
            <path>/_system/governance/nl/ggmd/accounting/service/contracts/v1/xslt</path>
            <mediaType>application/xslt+xml</mediaType>
        </item>
    </artifact>
    <artifact name="DisgardedContractAccountingRowsFileEndpoint" groupId="nl.ggmd.accounting.wso2.contracts.fileadapter.resource" version="1.0.0" type="registry/resource" serverRole="GovernanceRegistry">
        <item>
            <file>DisgardedContractAccountingRowsFileEndpoint.xml</file>
            <path>/_system/governance/nl/ggmd/accounting/service/contracts/v1/endpoints</path>
            <mediaType>application/vnd.wso2.esb.endpoint</mediaType>
        </item>
    </artifact>
    <artifact name="smooks-ContractsAccountingConfiguration" groupId="nl.ggmd.accounting.wso2.contracts.fileadapter.resource" version="1.0.0" type="registry/resource" serverRole="GovernanceRegistry">
        <item>
            <file>smooks-ContractsAccountingConfiguration.xml</file>
            <path>/_system/governance/nl/ggmd/accounting/service/contracts/v1/smooks</path>
            <mediaType>application/vnd+wso2.smooks</mediaType>
        </item>
    </artifact>
</artifacts>
