<?xml version="1.0" encoding="UTF-8"?>
<smooks-resource-list xmlns="http://www.milyn.org/xsd/smooks-1.1.xsd" xmlns:csv="http://www.milyn.org/xsd/smooks/csv-1.2.xsd">
  <params>
    <param name="stream.filter.type">SAX</param>
    <param name="inputType">input.csv</param>
    <param name="strict" type="boolean">false</param>
  </params>
  <csv:reader fields="ID?trim,PID?trim,Naam?trim,Titel?trim,Achternaam?trim,Voorletters?trim,Voornaam?trim,Tussenvoegsels?trim,Geboortedatum?trim,Geboortenaam?trim,Geboorteachternaam?trim,Geboortetussenvoegsels?trim,Geboorteland?trim,Geslacht?trim,Ident?trim,Straat?trim,Huisnummer?trim,Toevoeging?trim,Postcode?trim,Woonplaats?trim,Land?trim,BSN?trim,Mobieltelefoonnummer?trim,Emailadres?trim,OrganisatieID?trim,Startdatum?trim,Einddatum?trim,Onderwerp?trim,Beschikkingsnummer?trim,Kiesproductcategorieofzzp?trim,nbddExtragegevensproductcategorie?trim,Productcode?trim,Volume?trim,Eenheid2015?trim,Eenheid?trim,Frequentie?trim,zzpcode?trim,zzpklasse?trim,zzpleveringsvorm?trim,Extragegevensbeschikkingtoewijzing?trim,Gemeentecode?trim,Indicatieorgaancode?trim,Clientnummer?trim,Geheimeclient?trim,Geboortedatumgebruik?trim,Aanvraagnummerbeschikking?trim,AanbiederAGBcode?trim,Toewijzingsdatumtijd?trim,Redenwijziging?trim,Opmerkingen?trim,Aanvangsdatumzorg?trim,Einddatumzorg?trim,Redenbeeindiging?trim,Uitzonderenvanautomatischeaanleveringberichten?trim,Uitzonderenanberichtenverkeer?trim" indent="true"  rootElementName="contractsData" skipLines="1" separator=";"/>
</smooks-resource-list>