<?xml version="1.0" encoding="UTF-8"?><artifacts>
    <artifact name="smooks-DeliveriesConfiguration" groupId="nl.ggmd.wso2.Deliveries.fileadapter.resource" version="1.0.0" type="registry/resource" serverRole="GovernanceRegistry">
        <item>
            <file>smooks-DeliveriesConfiguration.xml</file>
            <path>/_system/governance/nl/ggmd/service/delivery/v1/smooks</path>
            <mediaType>application/vnd+wso2.smooks</mediaType>
        </item>
    </artifact>
    <artifact name="GGMD_deliveries_heel_sample_csv" groupId="nl.ggmd.wso2.Deliveries.fileadapter.resource" version="1.0.0" type="registry/resource" serverRole="GovernanceRegistry">
        <item>
            <file>GGMD_deliveries_heel_sample.csv</file>
            <path>/_system/governance/nl/ggmd/service/delivery/v1/smooks</path>
            <mediaType>text/csv</mediaType>
        </item>
    </artifact>
    <artifact name="ConvertPlainXMLToDataServiceRequest" groupId="nl.ggmd.wso2.Deliveries.fileadapter.resource" version="1.0.0" type="registry/resource" serverRole="GovernanceRegistry">
        <item>
            <file>ConvertPlainXMLToDataServiceRequest.xslt</file>
            <path>/_system/governance/nl/ggmd/service/delivery/v1/xslt</path>
            <mediaType>application/xslt+xml</mediaType>
        </item>
    </artifact>
    <artifact name="DiscardedDeliveryRowsFileEndpoint" groupId="nl.ggmd.wso2.Deliveries.fileadapter.resource" version="1.0.0" type="registry/resource" serverRole="GovernanceRegistry">
        <item>
            <file>DiscardedDeliveryRowsFileEndpoint.xml</file>
            <path>/_system/governance/nl/ggmd/service/delivery/v1/endpoint</path>
            <mediaType>application/vnd.wso2.esb.endpoint</mediaType>
        </item>
    </artifact>
    <artifact name="ErrorQueueEndpoint" groupId="nl.ggmd.wso2.Deliveries.fileadapter.resource" version="1.0.0" type="registry/resource" serverRole="GovernanceRegistry">
        <item>
            <file>ErrorQueueEndpoint.xml</file>
            <path>/_system/governance/nl/ggmd/service/delivery/v1/endpoint</path>
            <mediaType>application/vnd.wso2.esb.endpoint</mediaType>
        </item>
    </artifact>
    <artifact name="DeliveryDataServiceEnpoint" groupId="nl.ggmd.wso2.Deliveries.fileadapter.resource" version="1.0.0" type="registry/resource" serverRole="GovernanceRegistry">
        <item>
            <file>DeliveryDataServiceEnpoint.xml</file>
            <path>/_system/governance/nl/ggmd/service/delivery/v1/endpoint</path>
            <mediaType>application/vnd.wso2.esb.endpoint</mediaType>
        </item>
    </artifact>
    <artifact name="smooks-DiscardedDeliverymessages" groupId="nl.ggmd.wso2.Deliveries.fileadapter.resource" version="1.0.0" type="registry/resource" serverRole="GovernanceRegistry">
        <item>
            <file>smooks-DiscardedDeliveryMessages.xml</file>
            <path>/_system/governance/nl/ggmd/service/delivery/v1/smooks</path>
            <mediaType>application/vnd+wso2.smooks</mediaType>
        </item>
    </artifact>
    <artifact name="DisgardedDeliveriesRows-041217_xml" groupId="nl.ggmd.wso2.Deliveries.fileadapter.resource" version="1.0.0" type="registry/resource" serverRole="GovernanceRegistry">
        <item>
            <file>DisgardedDeliveriesRows-041217.xml</file>
            <path>/_system/governance/custom</path>
            <mediaType>application/xml</mediaType>
        </item>
    </artifact>
    <artifact name="ConvertDeliveryXMLToDisgardedDeliveryDataService" groupId="nl.ggmd.wso2.Deliveries.fileadapter.resource" version="1.0.0" type="registry/resource" serverRole="GovernanceRegistry">
        <item>
            <file>ConvertDeliveryXMLToDisgardedDeliveryDataService.xslt</file>
            <path>/_system/governance/nl/ggmd/service/delivery/v1/xslt</path>
            <mediaType>application/xslt+xml</mediaType>
        </item>
    </artifact>
</artifacts>
