<Delivery number="13">
		<production_id>15173841</production_id>
		<production_creation_date>2015-07-29 11:21:56</production_creation_date>
		<production_creation_name>A Posthuma</production_creation_name>
		<production_change_date>2017-01-04 10:13:30</production_change_date>
		<production_change_name>A Posthuma</production_change_name>
		<production_start_date>2017-01-03 14:15:00</production_start_date>
		<production_end_date>2017-01-03 14:30:00</production_end_date>
		<production_remarks/>
		<production_medium>0</production_medium>
		<production_organisation_id>15275</production_organisation_id>
		<production_organisation_name>Regio West</production_organisation_name>
		<activity_id>4877</activity_id>
		<activity_creation_date>2011-01-14 15:36:54</activity_creation_date>
		<activity_creation_name>J. Eykelestam</activity_creation_name>
		<activity_change_date>2016-02-12 07:26:04</activity_change_date>
		<activity_change_name>M Broekhoff</activity_change_name>
		<activity_name>4 Extern overleg met derden (VOLWASSENEN)</activity_name>
		<activity_short_name/>
		<activity_description>Deze activiteit is alleen te gebruiken voor volwassenen-GGZ</activity_description>
		<activity_start_date>2011-01-14</activity_start_date>
		<activity_end_date/>
		<activity_default_declaration_code/>
		<activity_default_reporting_code>act_7.4</activity_default_reporting_code>
		<activity_invoice_code/>
		<activity_salary_code/>
		<activity_service_code/>
		<product_id>1046</product_id>
		<product_name>7 SGGZ ICGT (DBC)</product_name>
		<product_description>Indirect client gebonden tijd SGGZ</product_description>
		<product_organisation_id>15242</product_organisation_id>
		<product_organisation_name>GGMD</product_organisation_name>
		<caretaker_id>92222</caretaker_id>
		<caretaker_last_name>Posthuma</caretaker_last_name>
		<caretaker_initials>A</caretaker_initials>
		<caretaker_infix/>
		<caretaker_employee_codes>401535</caretaker_employee_codes>
		<client_id>282031</client_id>
		<client_last_name>WIERINGEN</client_last_name>
		<client_initials>F.</client_initials>
		<client_infix>VAN</client_infix>
		<client_year_of_birth>1946</client_year_of_birth>
		<client_month_of_birth>12</client_month_of_birth>
		<client_zip_code>2723</client_zip_code>
		<client_absent>false</client_absent>
		<client_absence_planned>true</client_absence_planned>
		<client_report_code>act_3.1.2.1</client_report_code>
		<client_report_set>true</client_report_set>
		<client_report_date/>
		<client_report_run/>
		<client_declaration_code/>
		<client_declaration_set>true</client_declaration_set>
		<client_declaration_date/>
		<client_declaration_run/>
		<total_involved_caretakers>1</total_involved_caretakers>
		<total_present_caretakers>1</total_present_caretakers>
		<total_involved_clients>1</total_involved_clients>
		<total_present_clients>0</total_present_clients>
		<total_involved_contacts>0</total_involved_contacts>
		<total_present_contacts>0</total_present_contacts>
		<total_involved_others>0</total_involved_others>
		<total_present_others>0</total_present_others>
		<appointment_time>900</appointment_time>
		<direct_time>0</direct_time>
		<indirect_time>900</indirect_time>
		<overhead_time>0</overhead_time>
		<multi_disp_time>0</multi_disp_time>
		<cb_face_to_face_time>0</cb_face_to_face_time>
		<cg_face_to_face_time>0</cg_face_to_face_time>
		<cb_presence_time>0</cb_presence_time>
		<cg_presence_time>0</cg_presence_time>
		<coupled_regime>DBC_GGZ, DBC GGZ / FZ</coupled_regime>
		<coupled_form_id>2260524</coupled_form_id>
	</Delivery>