<?xml version="1.0" encoding="UTF-8"?><smooks-resource-list xmlns="http://www.milyn.org/xsd/smooks-1.1.xsd" xmlns:ftl="http://www.milyn.org/xsd/smooks/freemarker-1.1.xsd">
  <params>
    <param name="stream.filter.type">SAX</param>
    <param name="inputType">input.xml</param>
    <param name="input.xml" type="input.type.actived">Workspace://DeliveriesFileAdapterREG/DisgardedDeliveriesRows-041217.xml</param>
  </params>
  <resource-config selector="Delivery">
    <resource>org.milyn.delivery.DomModelCreator</resource>
  </resource-config>
  <ftl:freemarker applyOnElement="Delivery">
    <ftl:template>   
 <![CDATA["production_id";"production_creation_date";"production_creation_name";"production_change_date";"production_change_name";"production_start_date";"production_end_date";"production_remarks";"production_medium";"production_organisation_id";"production_organisation_name";"activity_id";"activity_creation_date";"activity_creation_name";"activity_change_date";"activity_change_name";"activity_name";"activity_short_name";"activity_description";"activity_start_date";"activity_end_date";"activity_default_declaration_code";"activity_default_reporting_code";"activity_invoice_code";"activity_salary_code";"activity_service_code";"product_id";"product_name";"product_description";"product_organisation_id";"product_organisation_name";"caretaker_id";"caretaker_last_name";"caretaker_initials";"caretaker_infix";"caretaker_employee_codes";"client_id";"client_last_name";"client_initials";"client_infix";"client_year_of_birth";"client_month_of_birth";"client_zip_code";"client_absent";"client_absence_planned";"client_report_code";"client_report_set";"client_report_date";"client_report_run";"client_declaration_code";"client_declaration_set";"client_declaration_date";"client_declaration_run";"total_involved_caretakers";"total_present_caretakers";"total_involved_clients";"total_present_clients";"total_involved_contacts";"total_present_contacts";"total_involved_others";"total_present_others";"appointment_time";"direct_time";"indirect_time";"overhead_time";"multi_disp_time";"cb_face_to_face_time";"cg_face_to_face_time";"cb_presence_time";"cg_presence_time";"coupled_regime";"coupled_form_id"
<#list .vars["Delivery"] as Delivery>
"${.vars["Delivery"]["production_id"]}";"${.vars["Delivery"]["production_creation_date"]}";"${.vars["Delivery"]["production_creation_name"]}";"${.vars["Delivery"]["production_change_date"]}";"${.vars["Delivery"]["production_change_name"]}";"${.vars["Delivery"]["production_start_date"]}";"${.vars["Delivery"]["production_end_date"]}";"${.vars["Delivery"]["production_remarks"]}";"${.vars["Delivery"]["production_medium"]}";"${.vars["Delivery"]["production_organisation_id"]}";"${.vars["Delivery"]["production_organisation_name"]}";"${.vars["Delivery"]["activity_id"]}";"${.vars["Delivery"]["activity_creation_date"]}";"${.vars["Delivery"]["activity_creation_name"]}";"${.vars["Delivery"]["activity_change_date"]}";"${.vars["Delivery"]["activity_change_name"]}";"${.vars["Delivery"]["activity_name"]}";"${.vars["Delivery"]["activity_short_name"]}";"${.vars["Delivery"]["activity_description"]}";"${.vars["Delivery"]["activity_start_date"]}";"${.vars["Delivery"]["activity_end_date"]}";"${.vars["Delivery"]["activity_default_declaration_code"]}";"${.vars["Delivery"]["activity_default_reporting_code"]}";"${.vars["Delivery"]["activity_invoice_code"]}";"${.vars["Delivery"]["activity_salary_code"]}";"${.vars["Delivery"]["activity_service_code"]}";"${.vars["Delivery"]["product_id"]}";"${.vars["Delivery"]["product_name"]}";"${.vars["Delivery"]["product_description"]}";"${.vars["Delivery"]["product_organisation_id"]}";"${.vars["Delivery"]["product_organisation_name"]}";"${.vars["Delivery"]["caretaker_id"]}";"${.vars["Delivery"]["caretaker_last_name"]}";"${.vars["Delivery"]["caretaker_initials"]}";"${.vars["Delivery"]["caretaker_infix"]}";"${.vars["Delivery"]["caretaker_employee_codes"]}";"${.vars["Delivery"]["client_id"]}";"${.vars["Delivery"]["client_last_name"]}";"${.vars["Delivery"]["client_initials"]}";"${.vars["Delivery"]["client_infix"]}";"${.vars["Delivery"]["client_year_of_birth"]}";"${.vars["Delivery"]["client_month_of_birth"]}";"${.vars["Delivery"]["client_zip_code"]}";"${.vars["Delivery"]["client_absent"]}";"${.vars["Delivery"]["client_absence_planned"]}";"${.vars["Delivery"]["client_report_code"]}";"${.vars["Delivery"]["client_report_set"]}";"${.vars["Delivery"]["client_report_date"]}";"${.vars["Delivery"]["client_report_run"]}";"${.vars["Delivery"]["client_declaration_code"]}";"${.vars["Delivery"]["client_declaration_set"]}";"${.vars["Delivery"]["client_declaration_date"]}";"${.vars["Delivery"]["client_declaration_run"]}";"${.vars["Delivery"]["total_involved_caretakers"]}";"${.vars["Delivery"]["total_present_caretakers"]}";"${.vars["Delivery"]["total_involved_clients"]}";"${.vars["Delivery"]["total_present_clients"]}";"${.vars["Delivery"]["total_involved_contacts"]}";"${.vars["Delivery"]["total_present_contacts"]}";"${.vars["Delivery"]["total_involved_others"]}";"${.vars["Delivery"]["total_present_others"]}";"${.vars["Delivery"]["appointment_time"]}";"${.vars["Delivery"]["direct_time"]}";"${.vars["Delivery"]["indirect_time"]}";"${.vars["Delivery"]["overhead_time"]}";"${.vars["Delivery"]["multi_disp_time"]}";"${.vars["Delivery"]["cb_face_to_face_time"]}";"${.vars["Delivery"]["cg_face_to_face_time"]}";"${.vars["Delivery"]["cb_presence_time"]}";"${.vars["Delivery"]["cg_presence_time"]}";"${.vars["Delivery"]["coupled_regime"]}";"${.vars["Delivery"]["coupled_form_id"]}"
</#list>]]></ftl:template>
    <param name="quote">"</param>
    <param name="includeFieldNames">true</param>
    <param name="csvFields">production_id,production_creation_date,production_creation_name,production_change_date,production_change_name,production_start_date,production_end_date,production_remarks,production_medium,production_organisation_id,production_organisation_name,activity_id,activity_creation_date,activity_creation_name,activity_change_date,activity_change_name,activity_name,activity_short_name,activity_description,activity_start_date,activity_end_date,activity_default_declaration_code,activity_default_reporting_code,activity_invoice_code,activity_salary_code,activity_service_code,product_id,product_name,product_description,product_organisation_id,product_organisation_name,caretaker_id,caretaker_last_name,caretaker_initials,caretaker_infix,caretaker_employee_codes,client_id,client_last_name,client_initials,client_infix,client_year_of_birth,client_month_of_birth,client_zip_code,client_absent,client_absence_planned,client_report_code,client_report_set,client_report_date,client_report_run,client_declaration_code,client_declaration_set,client_declaration_date,client_declaration_run,total_involved_caretakers,total_present_caretakers,total_involved_clients,total_present_clients,total_involved_contacts,total_present_contacts,total_involved_others,total_present_others,appointment_time,direct_time,indirect_time,overhead_time,multi_disp_time,cb_face_to_face_time,cg_face_to_face_time,cb_presence_time,cg_presence_time,coupled_regime,coupled_form_id</param>
    <param name="seperator">;</param>
    <param name="messageType">CSV</param>
    <param name="templateDataProvider">input</param>
  </ftl:freemarker>
</smooks-resource-list>
