<?xml version="1.0" encoding="UTF-8"?><artifacts>
    <artifact name="GGMDKPIMonitorRemoteDBProcessor" groupId="nl.weintegrate.ggmdkpi.wso2.remotedbtrigger.proxy-service" version="1.0.0" type="synapse/proxy-service" serverRole="EnterpriseServiceBus">
        <file>src/main/synapse-config/proxy-services/GGMDKPIMonitorRemoteDBProcessor.xml</file>
    </artifact>
    <artifact name="GGMDKPIMonitorRemoteDBTriggerScheduler" groupId="nl.weintegrate.ggmdkpi.wso2.remotedbtrigger.task" version="1.0.0" type="synapse/task" serverRole="EnterpriseServiceBus">
        <file>src/main/synapse-config/tasks/GGMDKPIMonitorRemoteDBTriggerScheduler.xml</file>
    </artifact>
</artifacts>
