<?xml version="1.0" encoding="UTF-8"?>
<inboundEndpoint name="DeliveriesFileProcessor" onError="DeliveriesFileProcessingFaultSequence" protocol="file" sequence="DeliveriesInSequence" suspend="false" xmlns="http://ws.apache.org/ns/synapse">
    <parameters>
        <parameter name="interval">60</parameter>
        <parameter name="sequential">true</parameter>
        <parameter name="coordination">true</parameter>
        <parameter name="transport.vfs.ContentType">text/plain</parameter>
        <parameter name="transport.vfs.LockReleaseSameNode">false</parameter>
        <parameter name="transport.vfs.AutoLockRelease">false</parameter>
        <parameter name="transport.vfs.ActionAfterFailure">MOVE</parameter>
        <parameter name="transport.vfs.ActionAfterProcess">MOVE</parameter>
        <parameter name="transport.vfs.FileURI">DELIVERY_FILEADAPTER_INBOUND_FILE_URI</parameter>
        <parameter name="transport.vfs.MoveAfterFailure">DELIVERY_FILEADAPTER_INBOUND_MOVEAFTERFAILURE_URI</parameter>
        <parameter name="transport.vfs.DistributedLock">false</parameter>
        <parameter name="transport.vfs.FileNamePattern">.*.csv</parameter>
        <parameter name="transport.vfs.MoveAfterProcess">DELIVERY_FILEADAPTER_INBOUND_MOVEAFTERPROCESS_URI</parameter>
        <parameter name="transport.vfs.Locking">disable</parameter>
        <parameter name="transport.vfs.FileSortAttribute">lastmodifiedtimestamp</parameter>
        <parameter name="transport.vfs.FileSortAscending">true</parameter>
        <parameter name="transport.vfs.CreateFolder">true</parameter>
        <parameter name="transport.vfs.Streaming">true</parameter>
        <parameter name="transport.vfs.Build">false</parameter>
    </parameters>
</inboundEndpoint>
