<?xml version="1.0" encoding="UTF-8"?>
<sequence name="AuthenticateInSequence" trace="disable" xmlns="http://ws.apache.org/ns/synapse">
    <log separator="---=== AuthenticateInSequence ===---"/>
    <property description="OperationName" name="RequestOperationName" scope="default" type="STRING" value="Authenticate"/>
    <property description="MessageFrom" name="MessageFrom" scope="default" type="STRING" value="Client"/>
    <property description="MessageDestination" name="MessageDestination" scope="default" type="STRING" value="IS"/>
    <property description="ResponseType" expression="get-property('transport', 'Accept')" name="ResponseType" scope="default" type="STRING" xmlns:ns="http://org.apache.synapse/xsd"/>
    <property description="ContentType" name="ContentType" scope="axis2" type="STRING" value="application/xml"/>
    <property description="messageType" name="messageType" scope="axis2" type="STRING" value="application/xml"/>
    <filter description="CheckAcceptType" regex="application/json" source="get-property('ResponseType')">
        <then>
            <xslt description="AuthenticateJsonToCDMRequest" key="gov:nl/weintegrate/wealert/service/identityandaccessmanagement/v1/xslt/AuthenticateJsonToCDMRequest.xslt">
                <resource key="gov:nl/weintegrate/wealert/service/identityandaccessmanagement/v1/xslt/AuthenticateJsonToCDMRequest.xslt" location="AuthenticateJsonToCDMRequest.xslt"/>
            </xslt>
            <log separator="json converted to XML request."/>
        </then>
        <else/>
    </filter>
    <property description="CorrelationId" expression="//*[local-name()='CorrelationId']" name="CorrelationId" scope="default" type="STRING" xmlns:ns="http://org.apache.synapse/xsd"/>
    <property description="ClientContext" expression="//this:AuthenticateRequest/this:ClientContext/user:UserName" name="ClientContext" scope="default" type="STRING" xmlns:this="http://www.w-integrate.nl/xsd/identityandaccessmanagement_01/requestresponse" xmlns:user="http://www.w-integrate.nl/cdm/xsd/user_01"/>
    <sequence key="ValidateAuthenticateCDMRequest"/>
    <sequence key="ConvertAuthenticateCDMRequestToISRequest"/>
    <sequence key="SendRequestToIS"/>
</sequence>
