<?xml version="1.0" encoding="UTF-8"?>
<sequence name="ConvertRegisterDeviceCDMRequestToISRequest" trace="disable" xmlns="http://ws.apache.org/ns/synapse">
    <call-template description="Log-INFO" target="gov:com/commons/util/v1/templates/LoggerTemplate.xml">
        <with-param name="SequenceName" value="ConvertRegisterDeviceCDMRequestToISRequest"/>
        <with-param name="Message" value="Going to convert RegisterDevice CDM request to IS request."/>
        <with-param name="LogLevel" value="INFO"/>
    </call-template>
    <!--  <xslt description="CDMToISRequest" key="gov:nl/weintegrate/wealert/service//v1/xslt/RegisterDeviceCDMRequestToISRequest.xslt">
    <resource
      key="gov:nl/weintegrate/wealert/service//v1/xslt/RegisterDeviceCDMRequestToISRequest.xslt" location="RegisterDeviceCDMRequestToISRequest.xslt"/>
  </xslt>
  -->
    <log level="custom">
        <property expression="get-property('DomainName')" name="DomainName1"/>
    </log>
    <log level="custom">
        <property expression="get-property('UserName')" name="UN"/>
    </log>
    <payloadFactory media-type="xml">
        <format>
            <soapenv:Envelope xmlns:soapenv="http://schemas.xmlsoap.org/soap/envelope/" xmlns:xsd="http://org.apache.axis2/xsd">
                <soapenv:Header/>
                <soapenv:Body>
                    <xsd:getDecision>
                        <!--Optional:-->
                        <xsd:request><![CDATA[       <Request xmlns="urn:oasis:names:tc:xacml:3.0:core:schema:wd-17" CombinedDecision="false" ReturnPolicyIdList="false">
<Attributes Category="urn:oasis:names:tc:xacml:3.0:attribute-category:action">
<Attribute AttributeId="urn:oasis:names:tc:xacml:1.0:action:action-id" IncludeInResult="false">
<AttributeValue DataType="http://www.w3.org/2001/XMLSchema#string">Register</AttributeValue>
</Attribute>
</Attributes>
<Attributes Category="urn:oasis:names:tc:xacml:1.0:subject-category:access-subject">
<Attribute AttributeId="urn:oasis:names:tc:xacml:1.0:subject:subject-id" IncludeInResult="false">
<AttributeValue DataType="http://www.w3.org/2001/XMLSchema#string">$1</AttributeValue>
</Attribute>
</Attributes>
<Attributes Category="urn:oasis:names:tc:xacml:3.0:attribute-category:resource">
<Attribute AttributeId="urn:oasis:names:tc:xacml:1.0:resource:resource-id" IncludeInResult="false">
<AttributeValue DataType="http://www.w3.org/2001/XMLSchema#string">$2</AttributeValue>
</Attribute>
</Attributes>
</Request>]]></xsd:request>
                    </xsd:getDecision>
                </soapenv:Body>
            </soapenv:Envelope>
        </format>
        <args>
            <arg evaluator="xml" expression="get-property('UserName')" xmlns:ns="http://org.apache.synapse/xsd"/>
            <arg evaluator="xml" expression="get-property('DomainName')" xmlns:ns="http://org.apache.synapse/xsd"/>
        </args>
    </payloadFactory>
    <log level="full"/>
    <call-template description="Log-INFO" target="gov:com/commons/util/v1/templates/LoggerTemplate.xml">
        <with-param name="SequenceName" value="ConvertRegisterDeviceCDMRequestToISRequest"/>
        <with-param name="Message" value="Converted RegisterDevice CDM request to IS request successfully."/>
        <with-param name="LogLevel" value="INFO"/>
    </call-template>
</sequence>
