<?xml version="1.0" encoding="UTF-8"?>
<sequence
  name="ConvertRemoveUserFromApplicationGroupCDMRequestToISRequest"
  trace="disable" xmlns="http://ws.apache.org/ns/synapse">
  <call-template description="Log-INFO" target="gov:com/commons/util/v1/templates/LoggerTemplate.xml">
    <with-param name="SequenceName" value="ConvertRemoveUserFromApplicationGroupCDMRequestToISRequest"/>
    <with-param name="Message" value="Going to convert RemoveUserFromApplicationGroup CDM request to IS request."/>
    <with-param name="LogLevel" value="INFO"/>
  </call-template>
  <xslt description="CDMToISRequest" key="gov:nl/weintegrate/wealert/service/identityandaccessmanagement/v1/xslt/RemoveUserFromApplicationGroupCDMRequestToISRequest.xslt">
    <resource
      key="gov:nl/weintegrate/wealert/service/identityandaccessmanagement/v1/xslt/RemoveUserFromApplicationGroupCDMRequestToISRequest.xslt" location="RemoveUserFromApplicationGroupCDMRequestToISRequest.xslt"/>
  </xslt>
  <call-template description="Log-INFO" target="gov:com/commons/util/v1/templates/LoggerTemplate.xml">
    <with-param name="SequenceName" value="ConvertRemoveUserFromApplicationGroupCDMRequestToISRequest"/>
    <with-param name="Message" value="Converted RemoveUserFromApplicationGroup CDM request to IS request successfully."/>
    <with-param name="LogLevel" value="INFO"/>
  </call-template>
</sequence>
