<?xml version="1.0" encoding="UTF-8"?>
<sequence name="ConvertUpdatePasswordCDMToISRequest" trace="disable" xmlns="http://ws.apache.org/ns/synapse">
    <call-template description="Log-INFO" target="gov:com/commons/util/v1/templates/LoggerTemplate.xml">
        <with-param name="SequenceName" value="ConvertUpdatePasswordCDMToISRequest"/>
        <with-param name="Message" value="Going to Convert UpdatePassword CDM Request To IS Request"/>
        <with-param name="LogLevel" value="INFO"/>
    </call-template>
    <payloadFactory description="UpdatePasswordRequest" media-type="xml">
        <format>
            <soapenv:Envelope xmlns:ser="http://services.mgt.identity.carbon.wso2.org" xmlns:soapenv="http://schemas.xmlsoap.org/soap/envelope/">
                <soapenv:Header/>
                <soapenv:Body>
                    <ser:updatePassword>
                        <ser:username>$1</ser:username>
                        <ser:confirmationCode>$2</ser:confirmationCode>
                        <ser:newPassword>$3</ser:newPassword>
                    </ser:updatePassword>
                </soapenv:Body>
            </soapenv:Envelope>
        </format>
        <args>
            <arg evaluator="xml" expression="get-property('UserName')"/>
            <arg evaluator="xml" expression="get-property('SecretKey')"/>
            <arg evaluator="xml" expression="get-property('UserPassword')"/>
        </args>
    </payloadFactory>
    <call-template description="Log-INFO" target="gov:com/commons/util/v1/templates/LoggerTemplate.xml">
        <with-param name="SequenceName" value="ConvertUpdatePasswordCDMToISRequest"/>
        <with-param name="Message" value="UpdatePassword CDM Request is converted To IS Request Successfully"/>
        <with-param name="LogLevel" value="INFO"/>
    </call-template>
</sequence>
