<?xml version="1.0" encoding="UTF-8"?>
<sequence name="ConvertUpdateUserCDMRequestToISRequest" trace="disable" xmlns="http://ws.apache.org/ns/synapse">
  <call-template description="Log-INFO" target="gov:com/commons/util/v1/templates/LoggerTemplate.xml">
    <with-param name="SequenceName" value="ConvertUpdateUserCDMRequestToISRequest"/>
    <with-param name="Message" value="Going to convert UpdateUser CDM request to IS request."/>
    <with-param name="LogLevel" value="INFO"/>
  </call-template>
  <xslt description="CDMToISRequest" key="gov:nl/weintegrate/wealert/service//v1/xslt/UpdateUserCDMRequestToISRequest.xslt">
    <resource
      key="gov:nl/weintegrate/wealert/service//v1/xslt/UpdateUserCDMRequestToISRequest.xslt" location="UpdateUserCDMRequestToISRequest.xslt"/>
  </xslt>
  <call-template description="Log-INFO" target="gov:com/commons/util/v1/templates/LoggerTemplate.xml">
    <with-param name="SequenceName" value="ConvertUpdateUserCDMRequestToISRequest"/>
    <with-param name="Message" value="Converted UpdateUser CDM request to IS request successfully."/>
    <with-param name="LogLevel" value="INFO"/>
  </call-template>
</sequence>
