<?xml version="1.0" encoding="UTF-8"?>
<sequence name="ConvertAuthenticateISResponseToCDMResponse"
  trace="disable" xmlns="http://ws.apache.org/ns/synapse">
  <call-template description="Log-INFO" target="gov:com/commons/util/v1/templates/LoggerTemplate.xml">
    <with-param name="SequenceName" value="ConvertAuthenticateISResponseToCDMResponse"/>
    <with-param name="Message" value="Going to convert Authenticate IS response to CDM response."/>
    <with-param name="LogLevel" value="INFO"/>
  </call-template>
  <xslt description="ISResponseToCDMResponse" key="gov:nl/weintegrate/wealert/service/identityandaccessmanagement/v1/xslt/AuthenticateISResponseToCDMResponse.xslt">
    <property expression="get-property('CorrelationId')" name="CorrelationId"/>
    <resource
      key="gov:nl/weintegrate/wealert/service/identityandaccessmanagement/v1/xslt/AuthenticateISResponseToCDMResponse.xslt" location="AuthenticateISResponseToCDMResponse.xslt"/>
  </xslt>
  <call-template description="Log-INFO" target="gov:com/commons/util/v1/templates/LoggerTemplate.xml">
    <with-param name="SequenceName" value="ConvertAuthenticateISResponseToCDMResponse"/>
    <with-param name="Message" value="Converted IS response to Authenticate CDM response successfully."/>
    <with-param name="LogLevel" value="INFO"/>
  </call-template>
</sequence>
