<?xml version="1.0" encoding="UTF-8"?>
<sequence name="ConvertProvisionUserCDMRequestToISRequest" trace="disable" xmlns="http://ws.apache.org/ns/synapse">
    <call-template description="Log-INFO" target="gov:com/commons/util/v1/templates/LoggerTemplate.xml">
        <with-param name="SequenceName" value="ConvertProvisionUserCDMRequestToISRequest"/>
        <with-param name="Message" value="Going to convert ProvisionUser CDM request to IS request."/>
        <with-param name="LogLevel" value="INFO"/>
    </call-template>
    <xslt description="CDMToISRequest" key="gov:nl/weintegrate/wealert/service/identityandaccessmanagement/v1/xslt/ProvisionUserCDMRequestToISRequest.xslt">
        <resource key="gov:nl/weintegrate/wealert/service/identityandaccessmanagement/v1/xslt/ProvisionUserCDMRequestToISRequest.xslt" location="ProvisionUserCDMRequestToISRequest.xslt"/>
    </xslt>
    <call-template description="Log-INFO" target="gov:com/commons/util/v1/templates/LoggerTemplate.xml">
        <with-param name="SequenceName" value="ConvertProvisionUserCDMRequestToISRequest"/>
        <with-param name="Message" value="Converted ProvisionUser CDM request to IS request successfully."/>
        <with-param name="LogLevel" value="INFO"/>
    </call-template>
</sequence>
