<?xml version="1.0" encoding="UTF-8"?>
<sequence name="ConvertRemoveApplicationGroupCDMRequestToISRequest"
  trace="disable" xmlns="http://ws.apache.org/ns/synapse">
  <call-template description="Log-INFO" target="gov:com/commons/util/v1/templates/LoggerTemplate.xml">
    <with-param name="SequenceName" value="ConvertRemoveApplicationGroupCDMRequestToISRequest"/>
    <with-param name="Message" value="Going to convert RemoveApplicationGroup CDM request to IS request."/>
    <with-param name="LogLevel" value="INFO"/>
  </call-template>
  <payloadFactory description="CDMToISRequest" media-type="xml">
    <format>
      <soapenv:Envelope
        xmlns:soapenv="http://schemas.xmlsoap.org/soap/envelope/" xmlns:xsd="http://org.apache.axis2/xsd">
        <soapenv:Body>
          <xsd:deleteRole>
            <xsd:roleName>$1</xsd:roleName>
          </xsd:deleteRole>
        </soapenv:Body>
      </soapenv:Envelope>
    </format>
    <args>
      <arg evaluator="xml" expression="//*[local-name()='ApplicationGroupId']"/>
    </args>
  </payloadFactory>
  <call-template description="Log-INFO" target="gov:com/commons/util/v1/templates/LoggerTemplate.xml">
    <with-param name="SequenceName" value="ConvertRemoveApplicationGroupCDMRequestToISRequest"/>
    <with-param name="Message" value="Converted RemoveApplicationGroup CDM request to IS request successfully."/>
    <with-param name="LogLevel" value="INFO"/>
  </call-template>
</sequence>
