<?xml version="1.0" encoding="UTF-8"?>
<sequence name="ConvertVerifyUsernameCDMRequestToISRequest" trace="disable" xmlns="http://ws.apache.org/ns/synapse">
    <call-template description="Log-INFO" target="gov:com/commons/util/v1/templates/LoggerTemplate.xml">
        <with-param name="SequenceName" value="ConvertVerifyUsernameCDMRequestToISRequest"/>
        <with-param name="Message" value="Going to Convert VerifyUsername CDM Request to IS Request"/>
        <with-param name="LogLevel" value="INFO"/>
    </call-template>
    <payloadFactory description="VerifyUsername" media-type="xml">
        <format>
            <soapenv:Envelope xmlns:ser="http://services.mgt.identity.carbon.wso2.org" xmlns:soapenv="http://schemas.xmlsoap.org/soap/envelope/" xmlns:xsd="http://beans.mgt.captcha.carbon.wso2.org/xsd">
                <soapenv:Header/>
                <soapenv:Body>
                    <ser:verifyUser>
                        <!--Optional:-->
                        <ser:username>$1</ser:username>
                    </ser:verifyUser>
                </soapenv:Body>
            </soapenv:Envelope>
        </format>
        <args>
            <arg evaluator="xml" expression="get-property('UserName')"/>
        </args>
    </payloadFactory>
    <call-template description="Log-INFO" target="gov:com/commons/util/v1/templates/LoggerTemplate.xml">
        <with-param name="SequenceName" value="ConvertVerifyUsernameCDMRequestToISRequest"/>
        <with-param name="Message" value="VerifyUsername CDM Request is Converted to IS Request Successfully"/>
        <with-param name="LogLevel" value="INFO"/>
    </call-template>
</sequence>
