<?xml version="1.0" encoding="UTF-8"?>
<sequence xmlns="http://ws.apache.org/ns/synapse" name="ConvertProvisionApplicationGroupISResponseToCDMResponse">
	<call-template target="gov:com/commons/util/v1/templates/LoggerTemplate.xml" description="Log-INFO">
		<with-param name="SequenceName" value="ConvertProvisionApplicationGroupISResponseToCDMResponse"/>
		<with-param name="Message" value="Going to convert ProvisionApplicationGroup IS response to CDM response."/>
		<with-param name="LogLevel" value="INFO"/>
	</call-template>
	<xslt key="gov:nl/weintegrate/wealert/service//v1/xslt/ProvisionApplicationGroupISResponseToCDMResponse.xslt" description="ISResponseToCDMResponse">
		<resource location="ProvisionApplicationGroupISResponseToCDMResponse.xslt" key="gov:nl/weintegrate/wealert/service//v1/xslt/ProvisionApplicationGroupISResponseToCDMResponse.xslt"/>
	</xslt>
	<call-template target="gov:com/commons/util/v1/templates/LoggerTemplate.xml" description="Log-INFO">
		<with-param name="SequenceName" value="ConvertProvisionApplicationGroupISResponseToCDMResponse"/>
		<with-param name="Message" value="Converted IS response to ProvisionApplicationGroup CDM response successfully."/>
		<with-param name="LogLevel" value="INFO"/>
		</call-template>
</sequence>
