<?xml version="1.0" encoding="UTF-8"?>
<sequence name="ConvertProvisionApplicationGroupCDMRequestToISRequest"
  trace="disable" xmlns="http://ws.apache.org/ns/synapse">
  <call-template description="Log-INFO" target="gov:com/commons/util/v1/templates/LoggerTemplate.xml">
    <with-param name="SequenceName" value="ConvertProvisionApplicationGroupCDMRequestToISRequest"/>
    <with-param name="Message" value="Going to convert ProvisionApplicationGroup CDM request to IS request."/>
    <with-param name="LogLevel" value="INFO"/>
  </call-template>
  <payloadFactory description="ProvisionAppGroup" media-type="xml">
    <format>
      <soapenv:Envelope
        xmlns:soapenv="http://schemas.xmlsoap.org/soap/envelope/" xmlns:xsd="http://org.apache.axis2/xsd">
        <soapenv:Body>
          <xsd:addRole>
            <xsd:roleName>$1</xsd:roleName>
            <xsd:permissions>/permission/admin/login</xsd:permissions>
            <xsd:permissions>/permission/admin/configure/entitlement/policy/manage/test</xsd:permissions>
            <xsd:permissions>/permission/admin/manage/identity/pep</xsd:permissions>
            <xsd:permissions>/permission/admin/configure/security</xsd:permissions>
            <xsd:permissions>/permission/admin/configure/entitlement/policy/view</xsd:permissions>
            <xsd:isSharedRole>false</xsd:isSharedRole>
          </xsd:addRole>
        </soapenv:Body>
      </soapenv:Envelope>
    </format>
    <args>
      <arg evaluator="xml" expression="//*[local-name()='ApplicationGroupId']"/>
    </args>
  </payloadFactory>
  <call-template description="Log-INFO" target="gov:com/commons/util/v1/templates/LoggerTemplate.xml">
    <with-param name="SequenceName" value="ConvertProvisionApplicationGroupCDMRequestToISRequest"/>
    <with-param name="Message" value="Converted ProvisionApplicationGroup CDM request to IS request successfully."/>
    <with-param name="LogLevel" value="INFO"/>
  </call-template>
</sequence>
