<?xml version="1.0" encoding="UTF-8"?>
<sequence name="ConvertProvisionUserISResponseToCDMResponse"
  trace="disable" xmlns="http://ws.apache.org/ns/synapse">
  <call-template description="Log-INFO" target="gov:com/commons/util/v1/templates/LoggerTemplate.xml">
    <with-param name="SequenceName" value="ConvertProvisionUserISResponseToCDMResponse"/>
    <with-param name="Message" value="Going to convert ProvisionUser IS response to CDM response."/>
    <with-param name="LogLevel" value="INFO"/>
  </call-template>
  <xslt description="ISResponseToCDMResponse" key="gov:nl/weintegrate/wealert/service//v1/xslt/ProvisionUserISResponseToCDMResponse.xslt">
    <resource
      key="gov:nl/weintegrate/wealert/service//v1/xslt/ProvisionUserISResponseToCDMResponse.xslt" location="ProvisionUserISResponseToCDMResponse.xslt"/>
  </xslt>
  <call-template description="Log-INFO" target="gov:com/commons/util/v1/templates/LoggerTemplate.xml">
    <with-param name="SequenceName" value="ConvertProvisionUserISResponseToCDMResponse"/>
    <with-param name="Message" value="Converted IS response to ProvisionUser CDM response successfully."/>
    <with-param name="LogLevel" value="INFO"/>
  </call-template>
</sequence>
