<?xml version="1.0" encoding="UTF-8"?>
<sequence name="ConvertRegisterDeviceISResponseToCDMResponse"
  trace="disable" xmlns="http://ws.apache.org/ns/synapse">
  <call-template description="Log-INFO" target="gov:com/commons/util/v1/templates/LoggerTemplate.xml">
    <with-param name="SequenceName" value="ConvertRegisterDeviceISResponseToCDMResponse"/>
    <with-param name="Message" value="Going to convert RegisterDevice IS response to CDM response."/>
    <with-param name="LogLevel" value="INFO"/>
  </call-template>
  <xslt description="ISResponseToCDMResponse" key="gov:nl/weintegrate/wealert/service/identityandaccessmanagement/v1/xslt/RegisterDeviceISResponseToCDMResponse.xslt">
    <resource
      key="gov:nl/weintegrate/wealert/service/identityandaccessmanagement/v1/xslt/RegisterDeviceISResponseToCDMResponse.xslt" location="RegisterDeviceISResponseToCDMResponse.xslt"/>
  </xslt>
  <call-template description="Log-INFO" target="gov:com/commons/util/v1/templates/LoggerTemplate.xml">
    <with-param name="SequenceName" value="ConvertRegisterDeviceISResponseToCDMResponse"/>
    <with-param name="Message" value="Converted IS response to RegisterDevice CDM response successfully."/>
    <with-param name="LogLevel" value="INFO"/>
  </call-template>
</sequence>
