<?xml version="1.0" encoding="UTF-8"?>
<sequence name="ConvertProvisionClientISResponseToCDMResponse"
  trace="disable" xmlns="http://ws.apache.org/ns/synapse">
  <call-template description="Log-INFO" target="gov:com/commons/util/v1/templates/LoggerTemplate.xml">
    <with-param name="SequenceName" value="ConvertProvisionClientISResponseToCDMResponse"/>
    <with-param name="Message" value="Going to convert ProvisionClient IS response to CDM response."/>
    <with-param name="LogLevel" value="INFO"/>
  </call-template>
  <xslt description="ProvisionClientISResponseToCDMResponse" key="gov:nl/weintegrate/wealert/service/identityandaccessmanagement/v1/xslt/ProvisionClientISResponseToCDMResponse.xslt">
    <property expression="get-property('CorrelationId')" name="CorrelationId"/>
    <resource
      key="gov:nl/weintegrate/wealert/service/identityandaccessmanagement/v1/xslt/ProvisionClientISResponseToCDMResponse.xslt" location="ProvisionClientISResponseToCDMResponse.xslt"/>
  </xslt>
  <call-template description="Log-INFO" target="gov:com/commons/util/v1/templates/LoggerTemplate.xml">
    <with-param name="SequenceName" value="ConvertProvisionClientISResponseToCDMResponse"/>
    <with-param name="Message" value="Converted IS response to ProvisionClient CDM response successfully."/>
    <with-param name="LogLevel" value="INFO"/>
  </call-template>
</sequence>
