<?xml version="1.0" encoding="UTF-8"?>
<sequence name="ConvertAuthenticateCDMRequestToISRequest"
  trace="disable" xmlns="http://ws.apache.org/ns/synapse">
  <call-template description="Log-INFO" target="gov:com/commons/util/v1/templates/LoggerTemplate.xml">
    <with-param name="SequenceName" value="ConvertAuthenticateCDMRequestToISRequest"/>
    <with-param name="Message" value="Going to convert Authenticate CDM request to IS request."/>
    <with-param name="LogLevel" value="INFO"/>
  </call-template>
  <xslt description="CDMToISRequest" key="gov:nl/weintegrate/wealert/service/identityandaccessmanagement/v1/xslt/AuthenticateCDMRequestToISRequest.xslt">
    <resource
      key="gov:nl/weintegrate/wealert/service/identityandaccessmanagement/v1/xslt/AuthenticateCDMRequestToISRequest.xslt" location="AuthenticateCDMRequestToISRequest.xslt"/>
  </xslt>
  <call-template description="Log-INFO" target="gov:com/commons/util/v1/templates/LoggerTemplate.xml">
    <with-param name="SequenceName" value="ConvertAuthenticateCDMRequestToISRequest"/>
    <with-param name="Message" value="Converted Authenticate CDM request to IS request successfully."/>
    <with-param name="LogLevel" value="INFO"/>
  </call-template>
</sequence>
