<?xml version="1.0" encoding="UTF-8"?>
<sequence name="ConvertProvisionClientCDMRequestToISRequest"
  trace="disable" xmlns="http://ws.apache.org/ns/synapse">
  <call-template description="Log-INFO" target="gov:com/commons/util/v1/templates/LoggerTemplate.xml">
    <with-param name="SequenceName" value="ConvertProvisionClientCDMRequestToISRequest"/>
    <with-param name="Message" value="Going to convert ProvisionClient CDM request to IS request."/>
    <with-param name="LogLevel" value="INFO"/>
  </call-template>
  <xslt description="ProvisionClientCDMToISRequest" key="gov:nl/weintegrate/wealert/service/identityandaccessmanagement/v1/xslt/ProvisionClientCDMRequestToISRequest.xslt">
    <resource
      key="gov:nl/weintegrate/wealert/service/identityandaccessmanagement/v1/xslt/ProvisionClientCDMRequestToISRequest.xslt" location="ProvisionClientCDMRequestToISRequest.xslt"/>
  </xslt>
  <call-template description="Log-INFO" target="gov:com/commons/util/v1/templates/LoggerTemplate.xml">
    <with-param name="SequenceName" value="ConvertProvisionClientCDMRequestToISRequest"/>
    <with-param name="Message" value="Converted ProvisionClient CDM request to IS request successfully."/>
    <with-param name="LogLevel" value="INFO"/>
  </call-template>
</sequence>
