<?xml version="1.0" encoding="UTF-8"?>
<sequence name="ConvertVerifyConfirmationCodeCDMRequestToISRequest" trace="disable" xmlns="http://ws.apache.org/ns/synapse">
    <call-template description="Log-INFO" target="gov:com/commons/util/v1/templates/LoggerTemplate.xml">
        <with-param name="SequenceName" value="ConvertVerifyConfirmationCodeCDMRequestToISRequest"/>
        <with-param name="Message" value="Going to Convert VerifyConfirmationCode CDM Request to IS Request"/>
        <with-param name="LogLevel" value="INFO"/>
    </call-template>
    <payloadFactory description="VerifyConfirmationCode" media-type="xml">
        <format>
            <soapenv:Envelope xmlns:ser="http://services.mgt.identity.carbon.wso2.org" xmlns:soapenv="http://schemas.xmlsoap.org/soap/envelope/" xmlns:xsd="http://beans.mgt.captcha.carbon.wso2.org/xsd">
                <soapenv:Header/>
                <soapenv:Body>
                    <ser:verifyConfirmationCode>
                        <ser:username>$1</ser:username>
                        <ser:code>$2</ser:code>
                    </ser:verifyConfirmationCode>
                </soapenv:Body>
            </soapenv:Envelope>
        </format>
        <args>
            <arg evaluator="xml" expression="get-property('UserName')"/>
            <arg evaluator="xml" expression="get-property('ConfirmationCode')"/>
        </args>
    </payloadFactory>
    <call-template description="Log-INFO" target="gov:com/commons/util/v1/templates/LoggerTemplate.xml">
        <with-param name="SequenceName" value="ConvertVerifyConfirmationCodeCDMRequestToISRequest"/>
        <with-param name="Message" value="VerifyConfirmationCode CDM Request is converted to IS Request successfully"/>
        <with-param name="LogLevel" value="INFO"/>
    </call-template>
</sequence>
