<?xml version="1.0" encoding="UTF-8"?>
<sequence name="CreateAdminUserForClient" onError="ProvisionClientFaultSequence" trace="disable" xmlns="http://ws.apache.org/ns/synapse">
    <log description="LOG-INFO" separator="---=== Going to Create Admin User for the Client ===---"/>
    <payloadFactory description="ProvisionClientRequest" media-type="xml">
        <format>
            <soapenv:Envelope xmlns:soapenv="http://schemas.xmlsoap.org/soap/envelope/" xmlns:xsd="http://org.apache.axis2/xsd">
                <soapenv:Body>$1</soapenv:Body>
            </soapenv:Envelope>
        </format>
        <args>
            <arg evaluator="xml" expression="get-property('RequestMessage')"/>
        </args>
    </payloadFactory>
    <xslt description="CreateAdminUser" key="gov:nl/weintegrate/wealert/service/identityandaccessmanagement/v1/xslt/CreateAdminUserForClientCDMToISRequest.xslt">
        <property expression="//*[local-name()='RoleId']" name="RoleId"/>
        <resource key="gov:nl/weintegrate/wealert/service/identityandaccessmanagement/v1/xslt/CreateAdminUserForClientCDMToISRequest.xslt" location="CreateAdminUserForClientCDMToISRequest.xslt"/>
    </xslt>
    <property description="Authorization" expression="fn:concat('Basic ',base64Encode(fn:concat('admin@',get-property('DomainName'),':','admin987654321_we1ntegr@te')))" name="Authorization" scope="transport" type="STRING" xmlns:ns="http://org.apache.synapse/xsd"/>
    <property description="OUT_ONLY" name="OUT_ONLY" scope="default" type="STRING" value="false"/>
    <header name="Action" scope="default" value="https://localhost:9443/services/RemoteUserStoreManagerService.RemoteUserStoreManagerServiceHttpsSoap12Endpoint/"/>
    <call>
        <endpoint key="gov:nl/weintegrate/wealert/service/identityandaccessmanagement/v1/endpoint/ProvisionUserISEndpoint.xml"/>
    </call>
    <filter description="CheckResponse" xpath="fn:contains(get-property('axis2', 'HTTP_SC'),'202')">
        <then>
            <log description="LOG-INFO" separator="---=== Admin User is created for the Client ===---"/>
        </then>
        <else>
            <payloadFactory media-type="xml">
                <format>
                    <this:ProvisionClientResponse xmlns:address="http://www.w-integrate.nl/cdm/xsd/address_01" xmlns:applicationgroup="http://www.w-integrate.nl/cdm/xsd/applicationgroup_01" xmlns:channel="http://www.w-integrate.nl/cdm/xsd/communicationchannel_01" xmlns:cmm="http://www.w-integrate.nl/cmm/xsd/cmm_01" xmlns:organization="http://www.w-integrate.nl/cdm/xsd/organization_01" xmlns:person="http://www.w-integrate.nl/cdm/xsd/person_01" xmlns:role="http://www.w-integrate.nl/cdm/xsd/role_01" xmlns:this="http://www.w-integrate.nl/xsd/identityandaccessmanagement_01/requestresponse" xmlns:user="http://www.w-integrate.nl/cdm/xsd/user_01" xmlns:xsi="http://www.w3.org/2001/XMLSchema-instance">
                        <this:Header>
                            <cmm:CMMHeader>
                                <cmm:CorrelationId>$1</cmm:CorrelationId>
                            </cmm:CMMHeader>
                        </this:Header>
                        <this:Result>
                            <cmm:ResponseCode>IAM-E-2000</cmm:ResponseCode>
                            <cmm:ResponseMessage>Error while creating Admin user for the Client.</cmm:ResponseMessage>
                        </this:Result>
                    </this:ProvisionClientResponse>
                </format>
                <args>
                    <arg evaluator="xml" expression="get-property('CorrelationId')" xmlns:ns="http://org.apache.synapse/xsd"/>
                </args>
            </payloadFactory>
            <sequence key="ProvisionClientResponseSender"/>
        </else>
    </filter>
</sequence>
