<?xml version="1.0" encoding="UTF-8"?>
<sequence name="CreateResetPasswordRequest" trace="disable" xmlns="http://ws.apache.org/ns/synapse">
    <call-template description="Log-INFO" target="gov:com/commons/util/v1/templates/LoggerTemplate.xml">
        <with-param name="SequenceName" value="CreateResetPasswordRequest"/>
        <with-param name="Message" value="Going to Create ResetPasswordRequest"/>
        <with-param name="LogLevel" value="INFO"/>
    </call-template>
    <payloadFactory description="RequestMessage" media-type="xml">
        <format>
            <soapenv:Envelope xmlns:soapenv="http://schemas.xmlsoap.org/soap/envelope/">
                <soapenv:Body>$1</soapenv:Body>
            </soapenv:Envelope>
        </format>
        <args>
            <arg evaluator="xml" expression="get-property('RequestMessage')"/>
        </args>
    </payloadFactory>
    <call-template description="Log-INFO" target="gov:com/commons/util/v1/templates/LoggerTemplate.xml">
        <with-param name="SequenceName" value="CreateResetPasswordRequest"/>
        <with-param name="Message" value="ResetPasswordRequest is created successfully"/>
        <with-param name="LogLevel" value="INFO"/>
    </call-template>
</sequence>
