<?xml version="1.0" encoding="UTF-8"?>
<sequence name="CreatePolicyForClient" onError="ProvisionClientFaultSequence" trace="disable" xmlns="http://ws.apache.org/ns/synapse">
    <payloadFactory description="CreatePolicy" media-type="xml">
        <format>
            <soapenv:Envelope xmlns:soapenv="http://schemas.xmlsoap.org/soap/envelope/" xmlns:xsd="http://org.apache.axis2/xsd" xmlns:xsd1="http://dto.entitlement.identity.carbon.wso2.org/xsd">
                <soapenv:Body>
                    <xsd:addPolicy>
                        <xsd:policyDTO>
                            <xsd1:active>true</xsd1:active>
                            <xsd1:policy>&lt;Policy xmlns="urn:oasis:names:tc:xacml:3.0:core:schema:wd-17"  PolicyId="$2-$1" RuleCombiningAlgId="urn:oasis:names:tc:xacml:3.0:rule-combining-algorithm:permit-overrides" Version="1.0"&gt;
   &lt;Target&gt;&lt;/Target&gt;
   &lt;Rule Effect="Permit" RuleId="Rule"&gt;
      &lt;Target&gt;
         &lt;AnyOf&gt;
            &lt;AllOf&gt;
               &lt;Match MatchId="urn:oasis:names:tc:xacml:1.0:function:string-equal"&gt;
                  &lt;AttributeValue DataType="http://www.w3.org/2001/XMLSchema#string"&gt;$2&lt;/AttributeValue&gt;
                  &lt;AttributeDesignator AttributeId="urn:oasis:names:tc:xacml:1.0:resource:resource-id" Category="urn:oasis:names:tc:xacml:3.0:attribute-category:resource" DataType="http://www.w3.org/2001/XMLSchema#string" MustBePresent="true"&gt;&lt;/AttributeDesignator&gt;
               &lt;/Match&gt;
            &lt;/AllOf&gt;
         &lt;/AnyOf&gt;
         &lt;AnyOf&gt;
            &lt;AllOf&gt;
               &lt;Match MatchId="urn:oasis:names:tc:xacml:1.0:function:string-equal"&gt;
                  &lt;AttributeValue DataType="http://www.w3.org/2001/XMLSchema#string"&gt;Register&lt;/AttributeValue&gt;
                  &lt;AttributeDesignator AttributeId="urn:oasis:names:tc:xacml:1.0:action:action-id" Category="urn:oasis:names:tc:xacml:3.0:attribute-category:action" DataType="http://www.w3.org/2001/XMLSchema#string" MustBePresent="true"&gt;&lt;/AttributeDesignator&gt;
               &lt;/Match&gt;
            &lt;/AllOf&gt;
         &lt;/AnyOf&gt;
      &lt;/Target&gt;
      &lt;Condition&gt;
         &lt;Apply FunctionId="urn:oasis:names:tc:xacml:1.0:function:string-at-least-one-member-of"&gt;
            &lt;Apply FunctionId="urn:oasis:names:tc:xacml:1.0:function:string-bag"&gt;
               
            &lt;/Apply&gt;
            &lt;AttributeDesignator AttributeId="http://wso2.org/claims/role" Category="urn:oasis:names:tc:xacml:1.0:subject-category:access-subject" DataType="http://www.w3.org/2001/XMLSchema#string" MustBePresent="true"&gt;&lt;/AttributeDesignator&gt;
         &lt;/Apply&gt;
      &lt;/Condition&gt;
   &lt;/Rule&gt;
&lt;/Policy&gt;</xsd1:policy>
                            <xsd1:policyId>$2-$1</xsd1:policyId>
                            <xsd1:promote>true</xsd1:promote>
                            <xsd1:version>1.0</xsd1:version>
                        </xsd:policyDTO>
                    </xsd:addPolicy>
                </soapenv:Body>
            </soapenv:Envelope>
        </format>
        <args>
            <arg evaluator="xml" expression="get-property('OrganizationId')"/>
            <arg evaluator="xml" expression="get-property('DomainName')"/>
        </args>
    </payloadFactory>
    <property description="Authorization" expression="fn:concat('Basic ',base64Encode(fn:concat('admin@',get-property('DomainName'),':','admin987654321_we1ntegr@te')))" name="Authorization" scope="transport" type="STRING" xmlns:ns="http://org.apache.synapse/xsd"/>
    <header name="Action" scope="default" value="urn:addPolicy"/>
    <property description="OUT_ONLY" name="OUT_ONLY" scope="default" type="STRING" value="false"/>
    <call>
        <endpoint key="gov:nl/weintegrate/wealert/service/identityandaccessmanagement/v1/endpoint/CreatePolicyISEndpoint.xml"/>
    </call>
    <filter description="CheckResponse" xpath="fn:contains(get-property('axis2', 'HTTP_SC'),'200')">
        <then>
            <log description="Log-INFO" separator="---=== Policy Created for the Client ===---"/>
        </then>
        <else>
            <payloadFactory description="ErrorResponse" media-type="xml">
                <format>
                    <this:ProvisionClientResponse xmlns:address="http://www.w-integrate.nl/cdm/xsd/address_01" xmlns:applicationgroup="http://www.w-integrate.nl/cdm/xsd/applicationgroup_01" xmlns:channel="http://www.w-integrate.nl/cdm/xsd/communicationchannel_01" xmlns:cmm="http://www.w-integrate.nl/cmm/xsd/cmm_01" xmlns:organization="http://www.w-integrate.nl/cdm/xsd/organization_01" xmlns:person="http://www.w-integrate.nl/cdm/xsd/person_01" xmlns:role="http://www.w-integrate.nl/cdm/xsd/role_01" xmlns:this="http://www.w-integrate.nl/xsd/identityandaccessmanagement_01/requestresponse" xmlns:user="http://www.w-integrate.nl/cdm/xsd/user_01" xmlns:xsi="http://www.w3.org/2001/XMLSchema-instance">
                        <this:Header>
                            <cmm:CMMHeader>
                                <cmm:CorrelationId>$1</cmm:CorrelationId>
                            </cmm:CMMHeader>
                        </this:Header>
                        <this:Result>
                            <cmm:ResponseCode>IAM-E-2002</cmm:ResponseCode>
                            <cmm:ResponseMessage>Internal server error. Default policy is not created.</cmm:ResponseMessage>
                        </this:Result>
                    </this:ProvisionClientResponse>
                </format>
                <args/>
            </payloadFactory>
            <sequence key="ProvisionClientResponseSender"/>
        </else>
    </filter>
</sequence>
