<?xml version="1.0" encoding="UTF-8"?>
<sequence name="CreateRoleForClient" onError="ProvisionClientFaultSequence" trace="disable" xmlns="http://ws.apache.org/ns/synapse">
    <log description="LOG-INFO" separator="---=== Going to create default roles for the Client ===---"/>
    <payloadFactory description="CreateAdminRole" media-type="xml">
        <format>
            <soapenv:Envelope xmlns:soapenv="http://schemas.xmlsoap.org/soap/envelope/" xmlns:xsd="http://org.apache.axis2/xsd">
                <soapenv:Body>
                    <xsd:addRole>
                        <xsd:roleName>AdminRole</xsd:roleName>
                        <xsd:permissions>/permission/admin/login</xsd:permissions>
                        <xsd:permissions>/permission/admin/configure/entitlement/policy/manage/add</xsd:permissions>
                        <xsd:permissions>/permission/admin/configure/entitlement/policy/manage/delete</xsd:permissions>
                        <xsd:permissions>/permission/admin/configure/entitlement/policy/manage/demote</xsd:permissions>
                        <xsd:permissions>/permission/admin/configure/entitlement/policy/manage/edit</xsd:permissions>
                        <xsd:permissions>/permission/admin/configure/entitlement/policy/manage/enable</xsd:permissions>
                        <xsd:permissions>/permission/admin/configure/entitlement/policy/manage/order</xsd:permissions>
                        <xsd:permissions>/permission/admin/configure/entitlement/policy/manage/rollback</xsd:permissions>
                        <xsd:permissions>/permission/admin/configure/entitlement/policy/manage/test</xsd:permissions>
                        <xsd:permissions>/permission/admin/manage/identity/pep</xsd:permissions>
                        <xsd:permissions>/permission/admin/manage/identity/user</xsd:permissions>
                        <xsd:permissions>/permission/admin/manage/identity/user/association</xsd:permissions>
                        <xsd:permissions>/permission/admin/configure/entitlement</xsd:permissions>
                        <xsd:permissions>/permission/admin/configure/security</xsd:permissions>
                        <xsd:permissions>/permission/admin/manage/add</xsd:permissions>
                        <xsd:isSharedRole>false</xsd:isSharedRole>
                    </xsd:addRole>
                </soapenv:Body>
            </soapenv:Envelope>
        </format>
        <args/>
    </payloadFactory>
    <property description="Authorization" expression="fn:concat('Basic ',base64Encode(fn:concat('admin@',get-property('DomainName'),':','admin987654321_we1ntegr@te')))" name="Authorization" scope="transport" type="STRING" xmlns:ns="http://org.apache.synapse/xsd"/>
    <header name="Action" scope="default" value="urn:addRole"/>
    <property description="OUT_ONLY" name="OUT_ONLY" scope="default" type="STRING" value="false"/>
    <call>
        <endpoint key="gov:nl/weintegrate/wealert/service/identityandaccessmanagement/v1/endpoint/RoleISEndpoint.xml"/>
    </call>
    <log description="Log-INFO" separator="---=== Admin Role Created ===---"/>
    <payloadFactory description="CreateManagerRole" media-type="xml">
        <format>
            <soapenv:Envelope xmlns:soapenv="http://schemas.xmlsoap.org/soap/envelope/" xmlns:xsd="http://org.apache.axis2/xsd">
                <soapenv:Body>
                    <xsd:addRole>
                        <xsd:roleName>ManagerRole</xsd:roleName>
                        <xsd:permissions>/permission/admin/login</xsd:permissions>
                        <xsd:permissions>/permission/admin/configure/entitlement/policy/manage/add</xsd:permissions>
                        <xsd:permissions>/permission/admin/configure/entitlement/policy/manage/delete</xsd:permissions>
                        <xsd:permissions>/permission/admin/configure/entitlement/policy/manage/demote</xsd:permissions>
                        <xsd:permissions>/permission/admin/configure/entitlement/policy/manage/edit</xsd:permissions>
                        <xsd:permissions>/permission/admin/configure/entitlement/policy/manage/enable</xsd:permissions>
                        <xsd:permissions>/permission/admin/configure/entitlement/policy/manage/order</xsd:permissions>
                        <xsd:permissions>/permission/admin/configure/entitlement/policy/manage/rollback</xsd:permissions>
                        <xsd:permissions>/permission/admin/configure/entitlement/policy/manage/test</xsd:permissions>
                        <xsd:permissions>/permission/admin/manage/identity/pep</xsd:permissions>
                        <xsd:permissions>/permission/admin/manage/identity/user</xsd:permissions>
                        <xsd:permissions>/permission/admin/manage/identity/user/association</xsd:permissions>
                        <xsd:permissions>/permission/admin/configure/entitlement</xsd:permissions>
                        <xsd:permissions>/permission/admin/configure/security</xsd:permissions>
                        <xsd:permissions>/permission/admin/manage/add</xsd:permissions>
                        <xsd:isSharedRole>false</xsd:isSharedRole>
                    </xsd:addRole>
                </soapenv:Body>
            </soapenv:Envelope>
        </format>
        <args/>
    </payloadFactory>
    <property description="Authorization" expression="fn:concat('Basic ',base64Encode(fn:concat('admin@',get-property('DomainName'),':','admin987654321_we1ntegr@te')))" name="Authorization" scope="transport" type="STRING" xmlns:ns="http://org.apache.synapse/xsd"/>
    <header name="Action" scope="default" value="urn:addRole"/>
    <property description="OUT_ONLY" name="OUT_ONLY" scope="default" type="STRING" value="false"/>
    <call>
        <endpoint key="gov:nl/weintegrate/wealert/service/identityandaccessmanagement/v1/endpoint/RoleISEndpoint.xml"/>
    </call>
    <log description="Log-INFO" separator="---=== Manager Role Created ===---"/>
    <payloadFactory description="CreateMemberRole" media-type="xml">
        <format>
            <soapenv:Envelope xmlns:soapenv="http://schemas.xmlsoap.org/soap/envelope/" xmlns:xsd="http://org.apache.axis2/xsd">
                <soapenv:Body>
                    <xsd:addRole>
                        <xsd:roleName>MemberRole</xsd:roleName>
                        <xsd:permissions>/permission/admin/login</xsd:permissions>
                        <xsd:permissions>/permission/admin/configure/entitlement/policy/manage/test</xsd:permissions>
                        <xsd:permissions>/permission/admin/manage/identity/pep</xsd:permissions>
                        <xsd:permissions>/permission/admin/configure/security</xsd:permissions>
                        <xsd:permissions>/permission/admin/configure/entitlement/policy/view</xsd:permissions>
                        <xsd:isSharedRole>false</xsd:isSharedRole>
                    </xsd:addRole>
                </soapenv:Body>
            </soapenv:Envelope>
        </format>
        <args/>
    </payloadFactory>
    <property description="Authorization" expression="fn:concat('Basic ',base64Encode(fn:concat('admin@',get-property('DomainName'),':','admin987654321_we1ntegr@te')))" name="Authorization" scope="transport" type="STRING" xmlns:ns="http://org.apache.synapse/xsd"/>
    <header name="Action" scope="default" value="urn:addRole"/>
    <property description="OUT_ONLY" name="OUT_ONLY" scope="default" type="STRING" value="false"/>
    <call>
        <endpoint key="gov:nl/weintegrate/wealert/service/identityandaccessmanagement/v1/endpoint/RoleISEndpoint.xml"/>
    </call>
    <log description="Log-INFO" separator="---=== Member Role Created ===---"/>
</sequence>
