<?xml version="1.0" encoding="UTF-8"?>
<sequence name="GetUserRole" trace="disable" xmlns="http://ws.apache.org/ns/synapse">
    <call-template description="Log-INFO" target="gov:com/commons/util/v1/templates/LoggerTemplate.xml">
        <with-param name="SequenceName" value="GetUserRole"/>
        <with-param name="Message" value="Going to Get User Role"/>
        <with-param name="LogLevel" value="INFO"/>
    </call-template>
    <payloadFactory description="GetUserRequest" media-type="xml">
        <format>
            <soapenv:Envelope xmlns:mgt="http://mgt.profile.user.identity.carbon.wso2.org" xmlns:soapenv="http://schemas.xmlsoap.org/soap/envelope/">
                <soapenv:Body>
                    <mgt:getUserProfile>
                        <!--Optional:-->
                        <mgt:username>$1</mgt:username>
                        <!--Optional:-->
                        <mgt:profileName>default</mgt:profileName>
                    </mgt:getUserProfile>
                </soapenv:Body>
            </soapenv:Envelope>
        </format>
        <args>
            <arg evaluator="xml" expression="get-property('HostName')"/>
        </args>
    </payloadFactory>
    <header name="Accept" scope="transport" value="application/xml"/>
    <property description="ContentType" name="ContentType" scope="axis2" type="STRING" value="application/xml"/>
    <property description="messageType" name="messageType" scope="axis2" type="STRING" value="application/xml"/>
    <property description="Authorization" expression="fn:concat('Basic ',base64Encode(fn:concat('admin@',get-property('DomainName'),':',get-property('WeAlertSystemUserPassword'))))" name="Authorization" scope="transport" type="STRING" xmlns:ns="http://org.apache.synapse/xsd"/>
    <header name="Action" scope="default" value="urn:getUserProfile"/>
    <property description="OUT_ONLY" name="OUT_ONLY" scope="default" type="STRING" value="false"/>
    <call>
        <endpoint>
            <address uri="IDENTITY_SERVER_URL/services/UserProfileMgtService.UserProfileMgtServiceHttpsSoap11Endpoint/"/>
        </endpoint>
    </call>
    <property description="GetUserProfileResponse" expression="//*[local-name()='getUserProfileResponse']" name="GetUserProfileResponse" scope="default" type="STRING" xmlns:ns="http://org.apache.synapse/xsd"/>
    <filter description="CheckGetUserProfileResponse" xpath="get-property('GetUserProfileResponse')!=''">
        <then>
            <xslt description="GetUserProfileISResponseToUserRoleResponse" key="gov:nl/weintegrate/wealert/service/identityandaccessmanagement/v1/xslt/GetUserProfileISResponseToUserRoleResponse.xslt">
                <resource key="gov:nl/weintegrate/wealert/service/identityandaccessmanagement/v1/xslt/GetUserProfileISResponseToUserRoleResponse.xslt" location="GetUserProfileISResponseToUserRoleResponse.xslt"/>
            </xslt>
            <property description="UserRoleReturnedByIS" expression="//*[local-name()='UserRole']" name="UserRoleReturnedByIS" scope="default" type="STRING" xmlns:ns="http://org.apache.synapse/xsd"/>
            <header name="Accept" scope="transport" value="application/xml"/>
            <property description="ContentType" name="ContentType" scope="axis2" type="STRING" value="application/xml"/>
            <property description="messageType" name="messageType" scope="axis2" type="STRING" value="application/xml"/>
            <call-template description="Log-INFO" target="gov:com/commons/util/v1/templates/LoggerTemplate.xml">
                <with-param name="SequenceName" value="GetUserRole"/>
                <with-param name="Message" value="User Role has Gotten Successfully"/>
                <with-param name="LogLevel" value="INFO"/>
            </call-template>
        </then>
        <else>
            <payloadFactory media-type="xml">
                <format>
                    <this:ResetPasswordResponse xmlns:address="http://www.w-integrate.nl/cdm/xsd/address_01" xmlns:applicationgroup="http://www.w-integrate.nl/cdm/xsd/applicationgroup_01" xmlns:channel="http://www.w-integrate.nl/cdm/xsd/communicationchannel_01" xmlns:cmm="http://www.w-integrate.nl/cmm/xsd/cmm_01" xmlns:organization="http://www.w-integrate.nl/cdm/xsd/organization_01" xmlns:person="http://www.w-integrate.nl/cdm/xsd/person_01" xmlns:role="http://www.w-integrate.nl/cdm/xsd/role_01" xmlns:this="http://www.w-integrate.nl/xsd/identityandaccessmanagement_01/requestresponse" xmlns:user="http://www.w-integrate.nl/cdm/xsd/user_01" xmlns:xsi="http://www.w3.org/2001/XMLSchema-instance">
                        <this:Header>
                            <cmm:CMMHeader>
                                <cmm:CorrelationId>$1</cmm:CorrelationId>
                            </cmm:CMMHeader>
                        </this:Header>
                        <this:Result>
                            <cmm:ResponseCode>IAM-W-0001</cmm:ResponseCode>
                            <cmm:ResponseMessage>Record does not exist. Please check input parameters.</cmm:ResponseMessage>
                        </this:Result>
                    </this:ResetPasswordResponse>
                </format>
                <args>
                    <arg evaluator="xml" expression="get-property('CorrelationId')" xmlns:ns="http://org.apache.synapse/xsd"/>
                </args>
            </payloadFactory>
            <switch source="get-property('ResponseType')" xmlns:ns="http://org.apache.synapse/xsd">
                <case regex="application/xml">
                    <header name="Accept" scope="transport" value="application/xml"/>
                    <property description="ContentType" name="ContentType" scope="axis2" type="STRING" value="application/xml"/>
                    <property description="messageType" name="messageType" scope="axis2" type="STRING" value="application/xml"/>
                </case>
                <case regex="application/json">
                    <header name="Accept" scope="transport" value="application/json"/>
                    <property description="ContentType" name="ContentType" scope="axis2" type="STRING" value="application/json"/>
                    <property description="messageType" name="messageType" scope="axis2" type="STRING" value="application/json"/>
                </case>
                <default>
                    <header name="Accept" scope="transport" value="application/xml"/>
                    <property description="ContentType" name="ContentType" scope="axis2" type="STRING" value="application/xml"/>
                    <property description="messageType" name="messageType" scope="axis2" type="STRING" value="application/xml"/>
                </default>
            </switch>
            <property action="remove" name="NO_ENTITY_BODY" scope="axis2"/>
            <property name="HTTP_SC" scope="axis2" type="STRING" value="200"/>
            <respond/>
        </else>
    </filter>
</sequence>
