<?xml version="1.0" encoding="UTF-8"?>
<sequence name="ProvisionClientResponseSender"
  onError="ProvisionClientFaultSequence" trace="disable" xmlns="http://ws.apache.org/ns/synapse">
  <switch source="get-property('ResponseType')" xmlns:ns="http://org.apache.synapse/xsd">
    <case regex="application/xml">
      <header name="Accept" scope="transport" value="application/xml"/>
      <property description="ContentType" name="ContentType"
        scope="axis2" type="STRING" value="application/xml"/>
      <property description="messageType" name="messageType"
        scope="axis2" type="STRING" value="application/xml"/>
    </case>
    <case regex="application/json">
      <header name="Accept" scope="transport" value="application/json"/>
      <property description="ContentType" name="ContentType"
        scope="axis2" type="STRING" value="application/json"/>
      <property description="messageType" name="messageType"
        scope="axis2" type="STRING" value="application/json"/>
    </case>
    <default>
      <header name="Accept" scope="transport" value="application/xml"/>
      <property description="ContentType" name="ContentType"
        scope="axis2" type="STRING" value="application/xml"/>
      <property description="messageType" name="messageType"
        scope="axis2" type="STRING" value="application/xml"/>
    </default>
  </switch>
  <property description="FAULT_AS_200" name="FAULTS_AS_HTTP_200"
    scope="axis2" type="STRING" value="true"/>
  <property description="SC_ACCEPTED" name="SC_ACCEPTED" scope="axis2"
    type="STRING" value="false"/>
  <property description="HTTP_SC" name="HTTP_SC" scope="axis2"
    type="STRING" value="200"/>
  <respond/>
</sequence>
