<?xml version="1.0" encoding="UTF-8"?>
<sequence name="ProvisionUserInSequence" trace="disable" xmlns="http://ws.apache.org/ns/synapse">
    <log separator="---=== ProvisionUserInSequence ===---"/>
    <property description="OperationName" name="RequestOperationName" scope="default" type="STRING" value="ProvisionUser"/>
    <property description="MessageFrom" name="MessageFrom" scope="default" type="STRING" value="Client"/>
    <property description="MessageDestination" name="MessageDestination" scope="default" type="STRING" value="IS"/>
    <property description="ResponseType" expression="get-property('transport', 'Accept')" name="ResponseType" scope="default" type="STRING" xmlns:ns="http://org.apache.synapse/xsd"/>
    <property description="ContentType" name="ContentType" scope="axis2" type="STRING" value="application/xml"/>
    <property description="messageType" name="messageType" scope="axis2" type="STRING" value="application/xml"/>
    <property description="CorrelationId" expression="//*[local-name()='CorrelationId']" name="CorrelationId" scope="default" type="STRING"/>
    <property description="ClientContext" expression="//this:ProvisionUserRequest/this:ClientContext/user:UserName" name="ClientContext" scope="default" type="STRING" xmlns:this="http://www.w-integrate.nl/xsd/identityandaccessmanagement_01/requestresponse" xmlns:user="http://www.w-integrate.nl/cdm/xsd/user_01"/>
    <sequence key="ValidateProvisionUserCDMRequest"/>
    <sequence key="ConvertProvisionUserCDMRequestToISRequest"/>
    <sequence key="SendRequestToIS"/>
</sequence>
