<?xml version="1.0" encoding="UTF-8"?>
<sequence name="ProvisionUserFaultSequence" trace="disable" xmlns="http://ws.apache.org/ns/synapse">
    <call-template description="Log-INFO" target="gov:com/commons/util/v1/templates/LoggerTemplate.xml">
        <with-param name="SequenceName" value="ConvertProvisionUserFaultSequence"/>
        <with-param name="Message" value="Error occurred in ProvisionUser."/>
        <with-param name="LogLevel" value="INFO"/>
    </call-template>
    <switch source="get-property('ERROR_MESSAGE')">
        <case regex="Unable to perform XSLT transformation using.*">
            <property description="UserMessage" name="UserMessage" scope="default" type="STRING" value="An internal error has occurred while transforming the message."/>
        </case>
        <case regex="Unexpected error during sending message out.*">
            <property description="UserMessage" name="UserMessage" scope="default" type="STRING" value="Service is unavailable at this time. Please try again later."/>
        </case>
        <case regex="Error connecting to the back end.*">
            <property description="UserMessage" name="UserMessage" scope="default" type="STRING" value="Service is unavailable at this time. Please try again later."/>
        </case>
        <default>
            <property description="UserMessage" name="UserMessage" scope="default" type="STRING" value="An unexpected error has occurred."/>
        </default>
    </switch>
    <clone>
        <target>
            <sequence>
                <payloadFactory media-type="xml">
                    <format>
                        <ns8:ProvisionUserResponse xmlns:ns4="http://www.weintegrate.nl/wealert/cdm/xsd/actionstatus" xmlns:ns8="TODO:">
                            <ns8:ActionStatus>
                                <ns4:Status>FAIL</ns4:Status>
                                <ns4:ErrorCode>$1</ns4:ErrorCode>
                                <ns4:Message>$2</ns4:Message>
                            </ns8:ActionStatus>
                        </ns8:ProvisionUserResponse>
                    </format>
                    <args>
                        <arg evaluator="xml" expression="get-property('ERROR_CODE')" xmlns:ns="http://org.apache.synapse/xsd"/>
                        <arg evaluator="xml" expression="get-property('UserMessage')" xmlns:ns="http://org.apache.synapse/xsd"/>
                    </args>
                </payloadFactory>
                <switch source="get-property('ResponseType')" xmlns:ns="http://org.apache.synapse/xsd">
                    <case regex="application/xml">
                        <header name="Accept" scope="transport" value="application/xml"/>
                        <property description="ContentType" name="ContentType" scope="axis2" type="STRING" value="application/xml"/>
                        <property description="messageType" name="messageType" scope="axis2" type="STRING" value="application/xml"/>
                    </case>
                    <case regex="application/json">
                        <header name="Accept" scope="transport" value="application/json"/>
                        <property description="ContentType" name="ContentType" scope="axis2" type="STRING" value="application/json"/>
                        <property description="messageType" name="messageType" scope="axis2" type="STRING" value="application/json"/>
                    </case>
                    <default>
                        <header name="Accept" scope="transport" value="application/xml"/>
                        <property description="ContentType" name="ContentType" scope="axis2" type="STRING" value="application/xml"/>
                        <property description="messageType" name="messageType" scope="axis2" type="STRING" value="application/xml"/>
                    </default>
                </switch>
                <property action="remove" name="NO_ENTITY_BODY" scope="axis2"/>
                <property name="HTTP_SC" scope="axis2" type="STRING" value="500"/>
                <respond/>
            </sequence>
        </target>
        <target>
            <sequence>
                <payloadFactory description="ErrorMessage" media-type="xml">
                    <format>
                        <err:Error xmlns:err="http://ws.apache.org/ns/synapse">
                            <Header>
                                <CMMHeader>
                                    <MessageTimeStamp>$5</MessageTimeStamp>
                                    <MessageId>$6</MessageId>
                                    <ComponentId>API</ComponentId>
                                    <From>$1</From>
                                    <To>$2</To>
                                    <Operation>ProvisionUser</Operation>
                                    <Domain>wealert</Domain>
                                </CMMHeader>
                            </Header>
                            <ErrorCode>$7</ErrorCode>
                            <ErrorMessage>$3</ErrorMessage>
                            <ErrorDetail>$6</ErrorDetail>
                            <ErrorException>$4</ErrorException>
                        </err:Error>
                    </format>
                    <args>
                        <arg evaluator="xml" expression="get-property('MessageFrom')"/>
                        <arg evaluator="xml" expression="get-property('MessageDestination')"/>
                        <arg evaluator="xml" expression="get-property('ERROR_MESSAGE')"/>
                        <arg evaluator="xml" expression="get-property('ERROR_EXCEPTION')"/>
                        <arg evaluator="xml" expression="current-dateTime()"/>
                        <arg evaluator="xml" expression="get-property('ERROR_DETAIL')"/>
                        <arg evaluator="xml" expression="get-property('ERROR_CODE')"/>
                        <arg evaluator="xml" expression="get-property('MessageId')"/>
                    </args>
                </payloadFactory>
                <log category="ERROR" level="full" separator="---=== Fault Sequence ProvisionUser ===---"/>
                <property name="OUT_ONLY" scope="default" type="STRING" value="true"/>
                <call>
                    <endpoint key="gov:nl/weintegrate/wealert/service/identityandaccessmanagement/v1/endpoint/ErrorQueueEndpoint.xml"/>
                </call>
            </sequence>
        </target>
    </clone>
</sequence>
