<?xml version="1.0" encoding="UTF-8"?>
<sequence name="ProvisionApplicationGroupInSequence" trace="disable" xmlns="http://ws.apache.org/ns/synapse">
    <log separator="---=== ProvisionApplicationGroupInSequence ===---"/>
    <property description="OperationName" name="RequestOperationName" scope="default" type="STRING" value="ProvisionApplicationGroup"/>
    <property description="MessageFrom" name="MessageFrom" scope="default" type="STRING" value="Client"/>
    <property description="MessageDestination" name="MessageDestination" scope="default" type="STRING" value="IS"/>
    <property description="ResponseType" expression="get-property('transport', 'Accept')" name="ResponseType" scope="default" type="STRING" xmlns:ns="http://org.apache.synapse/xsd"/>
    <property description="ContentType" name="ContentType" scope="axis2" type="STRING" value="application/xml"/>
    <property description="messageType" name="messageType" scope="axis2" type="STRING" value="application/xml"/>
    <property description="ClientContext" expression="//*[local-name()='UserName']" name="ClientContext" scope="default" type="STRING"/>
    <property description="CorrelationId" expression="//*[local-name()='CorrelationId']" name="CorrelationId" scope="default" type="STRING"/>
    <property description="OrganizationId" expression="//*[local-name()='OrganizationId']" name="OrganizationId" scope="default" type="STRING"/>
    <property description="ApplicationGroupId" expression="//*[local-name()='ApplicationGroupId']" name="ApplicationGroupId" scope="default" type="STRING"/>
    <sequence key="ValidateProvisionApplicationGroupCDMRequest"/>
    <sequence key="ConvertProvisionApplicationGroupCDMRequestToISRequest"/>
    <sequence key="SendRequestToIS"/>
    <sequence key="UpdateAuthorizationPolicy"/>
</sequence>
