<?xml version="1.0" encoding="UTF-8"?>
<sequence name="ProvisionClientOutSequence" trace="disable" xmlns="http://ws.apache.org/ns/synapse">
    <log description="Log-INFO"/>
    <property description="MessageFrom" name="MessageFrom" scope="default" type="STRING" value="IS"/>
    <property description="MessageTo" name="MessageDestination" scope="default" type="STRING" value="Client"/>
    <filter description="CheckResponse" xpath="//*[local-name()='return']!=''">
        <then>
            <sequence key="CreatePolicyForClient"/>
            <sequence key="CreateRoleForClient"/>
            <sequence key="CreateAdminUserForClient"/>
            <payloadFactory description="SuccessResponse" media-type="xml">
                <format>
                    <this:ProvisionClientResponse xmlns:address="http://www.w-integrate.nl/cdm/xsd/address_01" xmlns:applicationgroup="http://www.w-integrate.nl/cdm/xsd/applicationgroup_01" xmlns:channel="http://www.w-integrate.nl/cdm/xsd/communicationchannel_01" xmlns:cmm="http://www.w-integrate.nl/cmm/xsd/cmm_01" xmlns:organization="http://www.w-integrate.nl/cdm/xsd/organization_01" xmlns:person="http://www.w-integrate.nl/cdm/xsd/person_01" xmlns:role="http://www.w-integrate.nl/cdm/xsd/role_01" xmlns:this="http://www.w-integrate.nl/xsd/identityandaccessmanagement_01/requestresponse" xmlns:user="http://www.w-integrate.nl/cdm/xsd/user_01" xmlns:xsi="http://www.w3.org/2001/XMLSchema-instance">
                        <this:Header>
                            <cmm:CMMHeader>
                                <cmm:CorrelationId>$1</cmm:CorrelationId>
                            </cmm:CMMHeader>
                        </this:Header>
                        <this:Result>
                            <cmm:ResponseCode>IAM-N-0000</cmm:ResponseCode>
                            <cmm:ResponseMessage>No error or warnings.</cmm:ResponseMessage>
                        </this:Result>
                    </this:ProvisionClientResponse>
                </format>
                <args>
                    <arg evaluator="xml" expression="get-property('CorrelationId')" xmlns:ns="http://org.apache.synapse/xsd"/>
                </args>
            </payloadFactory>
            <sequence key="ProvisionClientResponseSender"/>
        </then>
        <else>
            <payloadFactory description="ErrorResponse" media-type="xml">
                <format>
                    <this:ProvisionClientResponse xmlns:address="http://www.w-integrate.nl/cdm/xsd/address_01" xmlns:applicationgroup="http://www.w-integrate.nl/cdm/xsd/applicationgroup_01" xmlns:channel="http://www.w-integrate.nl/cdm/xsd/communicationchannel_01" xmlns:cmm="http://www.w-integrate.nl/cmm/xsd/cmm_01" xmlns:organization="http://www.w-integrate.nl/cdm/xsd/organization_01" xmlns:person="http://www.w-integrate.nl/cdm/xsd/person_01" xmlns:role="http://www.w-integrate.nl/cdm/xsd/role_01" xmlns:this="http://www.w-integrate.nl/xsd/identityandaccessmanagement_01/requestresponse" xmlns:user="http://www.w-integrate.nl/cdm/xsd/user_01" xmlns:xsi="http://www.w3.org/2001/XMLSchema-instance">
                        <this:Header>
                            <cmm:CMMHeader>
                                <cmm:CorrelationId>$1</cmm:CorrelationId>
                            </cmm:CMMHeader>
                        </this:Header>
                        <this:Result>
                            <cmm:ResponseCode>IAM-E-2001</cmm:ResponseCode>
                            <cmm:ResponseMessage>Internal server error while creating client. Please check domain name.</cmm:ResponseMessage>
                        </this:Result>
                    </this:ProvisionClientResponse>
                </format>
                <args>
                    <arg evaluator="xml" expression="get-property('CorrelationId')" xmlns:ns="http://org.apache.synapse/xsd"/>
                </args>
            </payloadFactory>
            <sequence key="ProvisionClientResponseSender"/>
        </else>
    </filter>
</sequence>
