<?xml version="1.0" encoding="UTF-8"?>
<sequence name="ProvisionClientInSequence" trace="disable" xmlns="http://ws.apache.org/ns/synapse">
    <log separator="---=== ProvisionClientInSequence ===---"/>
    <property description="OperationName" name="RequestOperationName" scope="default" type="STRING" value="ProvisionClient"/>
    <property description="MessageFrom" name="MessageFrom" scope="default" type="STRING" value="Client"/>
    <property description="MessageDestination" name="MessageDestination" scope="default" type="STRING" value="IS"/>
    <property description="ResponseType" expression="get-property('transport', 'Accept')" name="ResponseType" scope="default" type="STRING" xmlns:ns="http://org.apache.synapse/xsd"/>
    <property description="RequestMessage" expression="//*[local-name()='ProvisionClientRequest']" name="RequestMessage" scope="default" type="OM" xmlns:ns="http://org.apache.synapse/xsd"/>
    <property description="CorrelationId" expression="//*[local-name()='CorrelationId']" name="CorrelationId" scope="default" type="STRING" xmlns:ns="http://org.apache.synapse/xsd"/>
    <property description="OrganizationId" expression="//*[local-name()='OrganizationId']" name="OrganizationId" scope="default" type="STRING" xmlns:ns="http://org.apache.synapse/xsd"/>
    <property description="DomainName" expression="//*[local-name()='OrganizationDomain']" name="DomainName" scope="default" type="STRING" xmlns:ns="http://org.apache.synapse/xsd"/>
    <property description="ContentType" name="ContentType" scope="axis2" type="STRING" value="application/xml"/>
    <property description="messageType" name="messageType" scope="axis2" type="STRING" value="application/xml"/>
    <filter description="CheckAcceptType" regex="application/json" source="get-property('ResponseType')">
        <then>
            <xslt description="ProvisionClientJsonToCDMRequest" key="gov:nl/weintegrate/wealert/service/identityandaccessmanagement/v1/xslt/ProvisionClientJsonToCDMRequest.xslt">
                <resource key="gov:nl/weintegrate/wealert/service/identityandaccessmanagement/v1/xslt/ProvisionClientJsonToCDMRequest.xslt" location="ProvisionClientJsonToCDMRequest.xslt"/>
            </xslt>
            <log separator="json converted to XML request."/>
        </then>
        <else/>
    </filter>
    <sequence key="ValidateProvisionClientCDMRequest"/>
    <sequence key="ConvertProvisionClientCDMRequestToISRequest"/>
    <sequence key="SendRequestToIS"/>
</sequence>
