<?xml version="1.0" encoding="UTF-8"?>
<sequence name="RegisterDeviceInSequence" trace="disable" xmlns="http://ws.apache.org/ns/synapse">
    <log separator="---=== RegisterDeviceInSequence ===---"/>
    <property description="OperationName" name="RequestOperationName" scope="default" type="STRING" value="RegisterDevice"/>
    <property description="MessageFrom" name="MessageFrom" scope="default" type="STRING" value="Client"/>
    <property description="MessageDestination" name="MessageDestination" scope="default" type="STRING" value="IS"/>
    <property description="ResponseType" expression="get-property('transport', 'Accept')" name="ResponseType" scope="default" type="STRING" xmlns:ns="http://org.apache.synapse/xsd"/>
    <property description="ContentType" name="ContentType" scope="axis2" type="STRING" value="application/xml"/>
    <property description="messageType" name="messageType" scope="axis2" type="STRING" value="application/xml"/>
    <filter description="CheckAcceptType" regex="application/json" source="get-property('ResponseType')">
        <then>
            <xslt description="RegisterDeviceJsonToCDMRequest" key="gov:nl/weintegrate/wealert/service/identityandaccessmanagement/v1/xslt/RegisterDeviceJsonToCDMRequest.xslt">
                <resource key="gov:nl/weintegrate/wealert/service/identityandaccessmanagement/v1/xslt/RegisterDeviceJsonToCDMRequest.xslt" location="RegisterDeviceJsonToCDMRequest.xslt"/>
            </xslt>
            <log separator="json converted to XML request."/>
        </then>
        <else/>
    </filter>
    <property description="ClientContext" expression="//this:RegisterDeviceRequest/this:ClientContext/user:UserName" name="ClientContext" scope="default" type="STRING" xmlns:this="http://www.w-integrate.nl/xsd/identityandaccessmanagement_01/requestresponse" xmlns:user="http://www.w-integrate.nl/cdm/xsd/user_01"/>
    <property description="CorrelationId" expression="//*[local-name()='CorrelationId']" name="CorrelationId" scope="default" type="STRING"/>
    <property description="DomainName" expression="fn:substring-after(get-property('ClientContext'),'@')" name="DomainName" scope="default" type="STRING"/>
    <property description="ClientContext" expression="//this:RegisterDeviceRequest/user:UserName" name="UserName" scope="default" type="STRING" xmlns:this="http://www.w-integrate.nl/xsd/identityandaccessmanagement_01/requestresponse" xmlns:user="http://www.w-integrate.nl/cdm/xsd/user_01"/>
    <sequence key="ValidateRegisterDeviceCDMRequest"/>
    <sequence key="ConvertRegisterDeviceCDMRequestToISRequest"/>
    <property name="Accept" scope="transport" type="STRING" value="application/xml"/>
    <sequence key="SendRequestToIS"/>
</sequence>
