<?xml version="1.0" encoding="UTF-8"?>
<sequence name="RegisterDeviceOutSequence" trace="disable" xmlns="http://ws.apache.org/ns/synapse">
    <log separator="---=== RegisterDeviceOutSequence ===---"/>
    <property description="SequenceType" name="MessageFrom" scope="default" type="STRING" value="IS"/>
    <property description="SequenceType" name="MessageDestination" scope="default" type="STRING" value="Client"/>
    <sequence key="ConvertRegisterDeviceISResponseToCDMResponse"/>
    <!--   <sequence key="ValidateRegisterDeviceCDMResponse"/> -->
    <property expression="//*[local-name()='Decision']" name="Return" scope="default" type="STRING"/>
    <filter xpath="fn:contains(get-property('Return'),'Permit')">
        <then>
            <payloadFactory media-type="xml">
                <format>
                    <this:RegisterDeviceResponse xmlns:address="http://www.w-integrate.nl/cdm/xsd/address_01" xmlns:applicationgroup="http://www.w-integrate.nl/cdm/xsd/applicationgroup_01" xmlns:channel="http://www.w-integrate.nl/cdm/xsd/communicationchannel_01" xmlns:cmm="http://www.w-integrate.nl/cmm/xsd/cmm_01" xmlns:organization="http://www.w-integrate.nl/cdm/xsd/organization_01" xmlns:person="http://www.w-integrate.nl/cdm/xsd/person_01" xmlns:role="http://www.w-integrate.nl/cdm/xsd/role_01" xmlns:this="http://www.w-integrate.nl/xsd/identityandaccessmanagement_01/requestresponse" xmlns:user="http://www.w-integrate.nl/cdm/xsd/user_01" xmlns:xsi="http://www.w3.org/2001/XMLSchema-instance">
                        <this:Header>
                            <cmm:CMMHeader>
                                <cmm:CorrelationId>$1</cmm:CorrelationId>
                            </cmm:CMMHeader>
                        </this:Header>
                        <this:Result>
                            <cmm:ResponseCode>IAM-N-0000</cmm:ResponseCode>
                            <cmm:ResponseMessage>No error or warnings.</cmm:ResponseMessage>
                        </this:Result>
                        <this:RegistrationStatus>true</this:RegistrationStatus>
                    </this:RegisterDeviceResponse>
                </format>
                <args>
                    <arg evaluator="xml" expression="get-property('CorrelationId')" xmlns:ns="http://org.apache.synapse/xsd"/>
                </args>
            </payloadFactory>
        </then>
        <else>
            <payloadFactory media-type="xml">
                <format>
                    <this:RegisterDeviceResponse xmlns:address="http://www.w-integrate.nl/cdm/xsd/address_01" xmlns:applicationgroup="http://www.w-integrate.nl/cdm/xsd/applicationgroup_01" xmlns:channel="http://www.w-integrate.nl/cdm/xsd/communicationchannel_01" xmlns:cmm="http://www.w-integrate.nl/cmm/xsd/cmm_01" xmlns:organization="http://www.w-integrate.nl/cdm/xsd/organization_01" xmlns:person="http://www.w-integrate.nl/cdm/xsd/person_01" xmlns:role="http://www.w-integrate.nl/cdm/xsd/role_01" xmlns:this="http://www.w-integrate.nl/xsd/identityandaccessmanagement_01/requestresponse" xmlns:user="http://www.w-integrate.nl/cdm/xsd/user_01" xmlns:xsi="http://www.w3.org/2001/XMLSchema-instance">
                        <this:Header>
                            <cmm:CMMHeader>
                                <cmm:CorrelationId>$1</cmm:CorrelationId>
                            </cmm:CMMHeader>
                        </this:Header>
                        <this:Result>
                            <cmm:ResponseCode>IAM-N-9999</cmm:ResponseCode>
                            <cmm:ResponseMessage>UnAuthorized</cmm:ResponseMessage>
                        </this:Result>
                        <this:RegistrationStatus>false</this:RegistrationStatus>
                    </this:RegisterDeviceResponse>
                </format>
                <args>
                    <arg evaluator="xml" expression="get-property('CorrelationId')" xmlns:ns="http://org.apache.synapse/xsd"/>
                </args>
            </payloadFactory>
        </else>
    </filter>
    <switch source="get-property('ResponseType')" xmlns:ns="http://org.apache.synapse/xsd">
        <case regex="application/xml">
            <header name="Accept" scope="transport" value="application/xml"/>
            <property description="ContentType" name="ContentType" scope="axis2" type="STRING" value="application/xml"/>
            <property description="messageType" name="messageType" scope="axis2" type="STRING" value="application/xml"/>
        </case>
        <case regex="application/json">
            <header name="Accept" scope="transport" value="application/json"/>
            <property description="ContentType" name="ContentType" scope="axis2" type="STRING" value="application/json"/>
            <property description="messageType" name="messageType" scope="axis2" type="STRING" value="application/json"/>
        </case>
        <default>
            <header name="Accept" scope="transport" value="application/xml"/>
            <property description="ContentType" name="ContentType" scope="axis2" type="STRING" value="application/xml"/>
            <property description="messageType" name="messageType" scope="axis2" type="STRING" value="application/xml"/>
        </default>
    </switch>
    <respond/>
</sequence>
