<?xml version="1.0" encoding="UTF-8"?>
<sequence name="RemoveUserInSequence" trace="disable" xmlns="http://ws.apache.org/ns/synapse">
    <log separator="---=== RemoveUserInSequence ===---"/>
    <property description="OperationName" name="RequestOperationName" scope="default" type="STRING" value="RemoveUser"/>
    <property description="MessageFrom" name="MessageFrom" scope="default" type="STRING" value="Client"/>
    <property description="MessageDestination" name="MessageDestination" scope="default" type="STRING" value="IS"/>
    <property description="ResponseType" expression="get-property('transport', 'Accept')" name="ResponseType" scope="default" type="STRING" xmlns:ns="http://org.apache.synapse/xsd"/>
    <property description="ContentType" name="ContentType" scope="axis2" type="STRING" value="application/xml"/>
    <property description="messageType" name="messageType" scope="axis2" type="STRING" value="application/xml"/>
    <payloadFactory description="CDMRequest" media-type="xml">
        <format>
            <this:RemoveUserRequest xmlns:address="http://www.w-integrate.nl/cdm/xsd/address_01" xmlns:applicationgroup="http://www.w-integrate.nl/cdm/xsd/applicationgroup_01" xmlns:channel="http://www.w-integrate.nl/cdm/xsd/communicationchannel_01" xmlns:cmm="http://www.w-integrate.nl/cmm/xsd/cmm_01" xmlns:organization="http://www.w-integrate.nl/cdm/xsd/organization_01" xmlns:person="http://www.w-integrate.nl/cdm/xsd/person_01" xmlns:role="http://www.w-integrate.nl/cdm/xsd/role_01" xmlns:this="http://www.w-integrate.nl/xsd/identityandaccessmanagement_01/requestresponse" xmlns:user="http://www.w-integrate.nl/cdm/xsd/user_01">
                <this:Header>
                    <cmm:CMMHeader>
                        <cmm:CorrelationId>$2</cmm:CorrelationId>
                    </cmm:CMMHeader>
                </this:Header>
                <this:ClientContext>
                    <user:UserName>$3</user:UserName>
                </this:ClientContext>
                <user:UserName>$1</user:UserName>
            </this:RemoveUserRequest>
        </format>
        <args>
            <arg evaluator="xml" expression="get-property('query.param.UserName')"/>
            <arg evaluator="xml" expression="get-property('query.param.CorrelationId')"/>
            <arg evaluator="xml" expression="get-property('query.param.ClientContextUserName')"/>
        </args>
    </payloadFactory>
    <sequence key="ValidateRemoveUserCDMRequest"/>
    <sequence key="ConvertRemoveUserCDMRequestToISRequest"/>
    <sequence key="SendRequestToIS"/>
</sequence>
