<?xml version="1.0" encoding="UTF-8"?>
<sequence name="RemoveUserFromApplicationGroupInSequence" trace="disable" xmlns="http://ws.apache.org/ns/synapse">
    <log separator="---=== RemoveUserFromApplicationGroupInSequence ===---"/>
    <property description="OperationName" name="RequestOperationName" scope="default" type="STRING" value="RemoveUserFromApplicationGroup"/>
    <property description="MessageFrom" name="MessageFrom" scope="default" type="STRING" value="Client"/>
    <property description="MessageDestination" name="MessageDestination" scope="default" type="STRING" value="IS"/>
    <property description="ResponseType" expression="get-property('transport', 'Accept')" name="ResponseType" scope="default" type="STRING" xmlns:ns="http://org.apache.synapse/xsd"/>
    <property description="ContentType" name="ContentType" scope="axis2" type="STRING" value="application/xml"/>
    <property description="messageType" name="messageType" scope="axis2" type="STRING" value="application/xml"/>
    <property description="CorrelationId" expression="//*[local-name()='CorrelationId']" name="CorrelationId" scope="default" type="STRING"/>
    <property description="ClientContext" expression="//this:RemoveUserFromApplicationGroupRequest/this:ClientContext/user:UserName" name="ClientContext" scope="default" type="STRING" xmlns:applicationgroup="http://www.w-integrate.nl/cdm/xsd/applicationgroup_01" xmlns:cmm="http://www.w-integrate.nl/cmm/xsd/cmm_01" xmlns:person="http://www.w-integrate.nl/cdm/xsd/person_01" xmlns:this="http://www.w-integrate.nl/xsd/identityandaccessmanagement_01/requestresponse" xmlns:user="http://www.w-integrate.nl/cdm/xsd/user_01"/>
    <sequence key="ValidateRemoveUserFromApplicationGroupCDMRequest"/>
    <sequence key="ConvertRemoveUserFromApplicationGroupCDMRequestToISRequest"/>
    <sequence key="SendRequestToIS"/>
</sequence>
