<?xml version="1.0" encoding="UTF-8"?>
<sequence name="ResetPasswordInSequence" trace="disable" xmlns="http://ws.apache.org/ns/synapse">
    <log separator="---=== ResetPasswordInSequence ===---"/>
    <property description="OperationName" name="RequestOperationName" scope="default" type="STRING" value="ResetPassword"/>
    <property description="MessageFrom" name="MessageFrom" scope="default" type="STRING" value="Client"/>
    <property description="MessageDestination" name="MessageDestination" scope="default" type="STRING" value="IS"/>
    <property description="ResponseType" expression="get-property('transport', 'Accept')" name="ResponseType" scope="default" type="STRING" xmlns:ns="http://org.apache.synapse/xsd"/>
    <property description="ContentType" name="ContentType" scope="axis2" type="STRING" value="application/xml"/>
    <property description="messageType" name="messageType" scope="axis2" type="STRING" value="application/xml"/>
    <filter description="CheckAcceptType" regex="application/json" source="get-property('ResponseType')">
        <then>
            <xslt description="ResetPasswordJsonToCDMRequest" key="gov:nl/weintegrate/wealert/service/identityandaccessmanagement/v1/xslt/ResetPasswordJsonToCDMRequest.xslt">
                <resource key="gov:nl/weintegrate/wealert/service/identityandaccessmanagement/v1/xslt/ResetPasswordJsonToCDMRequest.xslt" location="ResetPasswordJsonToCDMRequest.xslt"/>
            </xslt>
            <property description="ContentType" name="ContentType" scope="axis2" type="STRING" value="application/xml"/>
            <property description="messageType" name="messageType" scope="axis2" type="STRING" value="application/xml"/>
        </then>
        <else/>
    </filter>
    <property description="ClientContext" expression="//this:ResetPasswordRequest/this:ClientContext/user:UserName" name="ClientContext" scope="default" type="STRING" xmlns:this="http://www.w-integrate.nl/xsd/identityandaccessmanagement_01/requestresponse" xmlns:user="http://www.w-integrate.nl/cdm/xsd/user_01"/>
    <property description="CorrelationId" expression="//*[local-name()='CorrelationId']" name="CorrelationId" scope="default" type="STRING"/>
    <property description="UserRole" expression="//role:RoleId" name="UserRole" scope="default" type="STRING" xmlns:role="http://www.w-integrate.nl/cdm/xsd/role_01" xmlns:this="http://www.w-integrate.nl/xsd/identityandaccessmanagement_01/requestresponse"/>
    <property description="RequestMessage" expression="//*[local-name()='ResetPasswordRequest']" name="RequestMessage" scope="default" type="OM" xmlns:ns="http://org.apache.synapse/xsd"/>
    <property description="UserName" expression="//this:ResetPasswordRequest/user:UserName" name="UserName" scope="default" type="STRING" xmlns:this="http://www.w-integrate.nl/xsd/identityandaccessmanagement_01/requestresponse" xmlns:user="http://www.w-integrate.nl/cdm/xsd/user_01"/>
    <property description="DomainName" expression="fn:substring-after(get-property('UserName'), '@')" name="DomainName" scope="default" type="STRING"/>
    <property description="HostName" expression="fn:substring-before(get-property('UserName'), '@')" name="HostName" scope="default" type="STRING"/>
    <sequence key="ValidateUserRole"/>
    <sequence key="ValidateResetPasswordCDMRequest"/>
    <sequence key="GetUserRole"/>
    <sequence key="ValidateUserHierarchy"/>
</sequence>
