<?xml version="1.0" encoding="UTF-8"?>
<sequence name="ResetPasswordOutSequence" trace="disable" xmlns="http://ws.apache.org/ns/synapse">
    <log separator="---=== ResetPasswordOutSequence ===---"/>
    <property description="SequenceType" name="MessageFrom" scope="default" type="STRING" value="IS"/>
    <property description="SequenceType" name="MessageDestination" scope="default" type="STRING" value="Client"/>
    <property expression="get-property('axis2', 'HTTP_SC')" name="Status" scope="default" type="STRING"/>
    <property expression="//*[local-name()='message']" name="FaultString" scope="default" type="STRING"/>
    <property expression="//*[local-name()='return']" name="Return" scope="default" type="STRING"/>
    <filter xpath="fn:contains(get-property('Return'),'true')">
        <then>
            <payloadFactory media-type="xml">
                <format>
                    <this:ResetPasswordResponse xmlns:address="http://www.w-integrate.nl/cdm/xsd/address_01" xmlns:applicationgroup="http://www.w-integrate.nl/cdm/xsd/applicationgroup_01" xmlns:channel="http://www.w-integrate.nl/cdm/xsd/communicationchannel_01" xmlns:cmm="http://www.w-integrate.nl/cmm/xsd/cmm_01" xmlns:organization="http://www.w-integrate.nl/cdm/xsd/organization_01" xmlns:person="http://www.w-integrate.nl/cdm/xsd/person_01" xmlns:role="http://www.w-integrate.nl/cdm/xsd/role_01" xmlns:this="http://www.w-integrate.nl/xsd/identityandaccessmanagement_01/requestresponse" xmlns:user="http://www.w-integrate.nl/cdm/xsd/user_01" xmlns:xsi="http://www.w3.org/2001/XMLSchema-instance">
                        <this:Header>
                            <cmm:CMMHeader>
                                <cmm:CorrelationId>$1</cmm:CorrelationId>
                            </cmm:CMMHeader>
                        </this:Header>
                        <this:Result>
                            <cmm:ResponseCode>IAM-N-0000</cmm:ResponseCode>
                            <cmm:ResponseMessage>No error or warnings.</cmm:ResponseMessage>
                        </this:Result>
                    </this:ResetPasswordResponse>
                </format>
                <args>
                    <arg evaluator="xml" expression="get-property('CorrelationId')" xmlns:ns="http://org.apache.synapse/xsd"/>
                    <arg evaluator="xml" expression="get-property('axis2', 'HTTP_SC')" xmlns:ns="http://org.apache.synapse/xsd"/>
                </args>
            </payloadFactory>
        </then>
        <else>
            <filter xpath="fn:contains(get-property('FaultString'),'does not exisit in the user store')">
                <then>
                    <payloadFactory media-type="xml">
                        <format>
                            <this:ResetPasswordResponse xmlns:address="http://www.w-integrate.nl/cdm/xsd/address_01" xmlns:applicationgroup="http://www.w-integrate.nl/cdm/xsd/applicationgroup_01" xmlns:channel="http://www.w-integrate.nl/cdm/xsd/communicationchannel_01" xmlns:cmm="http://www.w-integrate.nl/cmm/xsd/cmm_01" xmlns:organization="http://www.w-integrate.nl/cdm/xsd/organization_01" xmlns:person="http://www.w-integrate.nl/cdm/xsd/person_01" xmlns:role="http://www.w-integrate.nl/cdm/xsd/role_01" xmlns:this="http://www.w-integrate.nl/xsd/identityandaccessmanagement_01/requestresponse" xmlns:user="http://www.w-integrate.nl/cdm/xsd/user_01" xmlns:xsi="http://www.w3.org/2001/XMLSchema-instance">
                                <this:Header>
                                    <cmm:CMMHeader>
                                        <cmm:CorrelationId>$1</cmm:CorrelationId>
                                    </cmm:CMMHeader>
                                </this:Header>
                                <this:Result>
                                    <cmm:ResponseCode>IAM-E-2001</cmm:ResponseCode>
                                    <cmm:ResponseMessage>$2.</cmm:ResponseMessage>
                                </this:Result>
                            </this:ResetPasswordResponse>
                        </format>
                        <args>
                            <arg evaluator="xml" expression="get-property('CorrelationId')" xmlns:ns="http://org.apache.synapse/xsd"/>
                            <arg evaluator="xml" expression="get-property('FaultString')" xmlns:ns="http://org.apache.synapse/xsd"/>
                        </args>
                    </payloadFactory>
                </then>
                <else>
                    <payloadFactory media-type="xml">
                        <format>
                            <this:ResetPasswordResponse xmlns:address="http://www.w-integrate.nl/cdm/xsd/address_01" xmlns:applicationgroup="http://www.w-integrate.nl/cdm/xsd/applicationgroup_01" xmlns:channel="http://www.w-integrate.nl/cdm/xsd/communicationchannel_01" xmlns:cmm="http://www.w-integrate.nl/cmm/xsd/cmm_01" xmlns:organization="http://www.w-integrate.nl/cdm/xsd/organization_01" xmlns:person="http://www.w-integrate.nl/cdm/xsd/person_01" xmlns:role="http://www.w-integrate.nl/cdm/xsd/role_01" xmlns:this="http://www.w-integrate.nl/xsd/identityandaccessmanagement_01/requestresponse" xmlns:user="http://www.w-integrate.nl/cdm/xsd/user_01" xmlns:xsi="http://www.w3.org/2001/XMLSchema-instance">
                                <this:Header>
                                    <cmm:CMMHeader>
                                        <cmm:CorrelationId>$1</cmm:CorrelationId>
                                    </cmm:CMMHeader>
                                </this:Header>
                                <this:Result>
                                    <cmm:ResponseCode>IAM-E-9999</cmm:ResponseCode>
                                    <cmm:ResponseMessage>Access Denied. Authentication failed</cmm:ResponseMessage>
                                </this:Result>
                            </this:ResetPasswordResponse>
                        </format>
                        <args>
                            <arg evaluator="xml" expression="get-property('CorrelationId')" xmlns:ns="http://org.apache.synapse/xsd"/>
                        </args>
                    </payloadFactory>
                </else>
            </filter>
        </else>
    </filter>
    <switch source="get-property('ResponseType')" xmlns:ns="http://org.apache.synapse/xsd">
        <case regex="application/xml">
            <header name="Accept" scope="transport" value="application/xml"/>
            <property description="ContentType" name="ContentType" scope="axis2" type="STRING" value="application/xml"/>
            <property description="messageType" name="messageType" scope="axis2" type="STRING" value="application/xml"/>
        </case>
        <case regex="application/json">
            <header name="Accept" scope="transport" value="application/json"/>
            <property description="ContentType" name="ContentType" scope="axis2" type="STRING" value="application/json"/>
            <property description="messageType" name="messageType" scope="axis2" type="STRING" value="application/json"/>
        </case>
        <default>
            <header name="Accept" scope="transport" value="application/xml"/>
            <property description="ContentType" name="ContentType" scope="axis2" type="STRING" value="application/xml"/>
            <property description="messageType" name="messageType" scope="axis2" type="STRING" value="application/xml"/>
        </default>
    </switch>
    <respond/>
</sequence>
