<?xml version="1.0" encoding="UTF-8"?>
<sequence name="SendRequestToIS" trace="disable" xmlns="http://ws.apache.org/ns/synapse">
    <call-template description="" target="gov:com/commons/util/v1/templates/LoggerTemplate.xml">
        <with-param name="SequenceName" value="SendRequestToIS"/>
        <with-param name="Message" value="Going to send Request to IS."/>
        <with-param name="LogLevel" value="INFO"/>
    </call-template>
    <switch source="get-property('RequestOperationName')">
        <case regex="ProvisionUser">
            <property description="Authorization" expression="fn:concat('Basic ',base64Encode(fn:concat(get-property('ClientContext'),':',get-property('WeAlertSystemUserPassword'))))" name="Authorization" scope="transport" type="STRING" xmlns:ns="http://org.apache.synapse/xsd"/>
            <header name="Action" scope="default" value="IDENTITY_SERVER_URL/services/RemoteUserStoreManagerService.RemoteUserStoreManagerServiceHttpsSoap12Endpoint/"/>
            <send>
                <endpoint key="gov:nl/weintegrate/wealert/service/identityandaccessmanagement/v1/endpoint/ProvisionUserISEndpoint.xml"/>
            </send>
        </case>
        <case regex="RemoveUser">
            <property description="Authorization" expression="fn:concat('Basic ',base64Encode(fn:concat(get-property('query.param.ClientContextUserName'),':',get-property('WeAlertSystemUserPassword'))))" name="Authorization" scope="transport" type="STRING" xmlns:ns="http://org.apache.synapse/xsd"/>
            <header name="Action" scope="default" value="IDENTITY_SERVER_URL/services/RemoteUserStoreManagerService.RemoteUserStoreManagerServiceHttpsSoap12Endpoint/"/>
            <send>
                <endpoint key="gov:nl/weintegrate/wealert/service/identityandaccessmanagement/v1/endpoint/RemoveUserISEndpoint.xml"/>
            </send>
        </case>
        <case regex="UpdateUser">
            <send/>
        </case>
        <case regex="ProvisionClient">
            <property description="Authorization" expression="fn:concat('Basic ',base64Encode(fn:concat(get-property('WeAlertSystemUser'),':',get-property('WeAlertSystemUserPassword'))))" name="Authorization" scope="transport" type="STRING" xmlns:ns="http://org.apache.synapse/xsd"/>
            <header name="Action" scope="default" value="IDENTITY_SERVER_URL/services/TenantMgtAdminService.TenantMgtAdminServiceHttpsSoap12Endpoint/"/>
            <send>
                <endpoint key="gov:nl/weintegrate/wealert/service/identityandaccessmanagement/v1/endpoint/ProvisionClientISEndpoint.xml"/>
            </send>
        </case>
        <case regex="ProvisionApplicationGroup">
            <property description="Authorization" expression="fn:concat('Basic ',base64Encode(fn:concat(get-property('ClientContext'),':',get-property('WeAlertSystemUserPassword'))))" name="Authorization" scope="transport" type="STRING" xmlns:ns="http://org.apache.synapse/xsd"/>
            <header name="Action" scope="default" value="IDENTITY_SERVER_URL/services/UserAdmin.UserAdminHttpsSoap11Endpoint/"/>
            <call>
                <endpoint key="gov:nl/weintegrate/wealert/service/identityandaccessmanagement/v1/endpoint/ProvisionApplicationGroupISEndpoint.xml"/>
            </call>
        </case>
        <case regex="GetAuhtorizationPolicy">
            <property description="Authorization" expression="fn:concat('Basic ',base64Encode(fn:concat(get-property('ClientContext'),':',get-property('WeAlertSystemUserPassword'))))" name="Authorization" scope="transport" type="STRING" xmlns:ns="http://org.apache.synapse/xsd"/>
            <header name="Action" scope="default" value="IDENTITY_SERVER_URL/services/EntitlementPolicyAdminService.EntitlementPolicyAdminServiceHttpsSoap12Endpoint/"/>
            <call>
                <endpoint key="gov:nl/weintegrate/wealert/service/identityandaccessmanagement/v1/endpoint/AuthorizationPolicyISEndpoint.xml"/>
            </call>
        </case>
        <case regex="UpdateAuhtorizationPolicy">
            <property description="Authorization" expression="fn:concat('Basic ',base64Encode(fn:concat(get-property('ClientContext'),':',get-property('WeAlertSystemUserPassword'))))" name="Authorization" scope="transport" type="STRING" xmlns:ns="http://org.apache.synapse/xsd"/>
            <header name="Action" scope="default" value="IDENTITY_SERVER_URL/services/EntitlementPolicyAdminService.EntitlementPolicyAdminServiceHttpsSoap12Endpoint/"/>
            <send>
                <endpoint key="gov:nl/weintegrate/wealert/service/identityandaccessmanagement/v1/endpoint/AuthorizationPolicyISEndpoint.xml"/>
            </send>
        </case>
        <case regex="AssignUserToApplicationGroup">
            <property description="Authorization" expression="fn:concat('Basic ',base64Encode(fn:concat(get-property('ClientContext'),':',get-property('WeAlertSystemUserPassword'))))" name="Authorization" scope="transport" type="STRING" xmlns:ns="http://org.apache.synapse/xsd"/>
            <header name="Action" scope="default" value="IDENTITY_SERVER_URL/services/UserAdmin.UserAdminHttpsSoap11Endpoint/"/>
            <send>
                <endpoint key="gov:nl/weintegrate/wealert/service/identityandaccessmanagement/v1/endpoint/AssignUserToApplicationGroupISEndpoint.xml"/>
            </send>
        </case>
        <case regex="RemoveUserFromApplicationGroup">
            <property description="Authorization" expression="fn:concat('Basic ',base64Encode(fn:concat(get-property('ClientContext'),':',get-property('WeAlertSystemUserPassword'))))" name="Authorization" scope="transport" type="STRING" xmlns:ns="http://org.apache.synapse/xsd"/>
            <header name="Action" scope="default" value="IDENTITY_SERVER_URL/services/UserAdmin.UserAdminHttpsSoap11Endpoint/"/>
            <send>
                <endpoint key="gov:nl/weintegrate/wealert/service/identityandaccessmanagement/v1/endpoint/RemoveUserFromApplicationGroupISEndpoint.xml"/>
            </send>
        </case>
        <case regex="RemoveApplicationGroup">
            <property description="Authorization" expression="fn:concat('Basic ',base64Encode(fn:concat(get-property('ClientContext'),':',get-property('WeAlertSystemUserPassword'))))" name="Authorization" scope="transport" type="STRING" xmlns:ns="http://org.apache.synapse/xsd"/>
            <header name="Action" scope="default" value="IDENTITY_SERVER_URL/services/UserAdmin.UserAdminHttpsSoap11Endpoint/"/>
            <send>
                <endpoint key="gov:nl/weintegrate/wealert/service/identityandaccessmanagement/v1/endpoint/RemoveApplicationGroupISEndpoint.xml"/>
            </send>
        </case>
        <case regex="Authenticate">
            <property description="Authorization" expression="fn:concat('Basic ',base64Encode(fn:concat(get-property('ClientContext'),':',//*[local-name()='credential'])))" name="Authorization" scope="transport" type="STRING" xmlns:ns="http://org.apache.synapse/xsd"/>
            <header name="Action" scope="default" value="IDENTITY_SERVER_URL/services/RemoteUserStoreManagerService.RemoteUserStoreManagerServiceHttpsSoap11Endpoint/"/>
            <send>
                <endpoint key="gov:nl/weintegrate/wealert/service/identityandaccessmanagement/v1/endpoint/AuthenticateISEndpoint.xml"/>
            </send>
        </case>
        <case regex="ChangePassword">
            <property description="Authorization" expression="fn:concat('Basic ',base64Encode(fn:concat(get-property('ClientContext'),':',get-property('WeAlertSystemUserPassword'))))" name="Authorization" scope="transport" type="STRING" xmlns:ns="http://org.apache.synapse/xsd"/>
            <header name="Action" scope="default" value="IDENTITY_SERVER_URL/services/UserAdmin.UserAdminHttpsSoap11Endpoint/"/>
            <send>
                <endpoint key="gov:nl/weintegrate/wealert/service/identityandaccessmanagement/v1/endpoint/ChangePasswordISEndpoint.xml"/>
            </send>
        </case>
        <case regex="ResetPassword">
            <property description="Authorization" expression="fn:concat('Basic ',base64Encode(fn:concat('admin@',get-property('DomainName'),':',get-property('WeAlertSystemUserPassword'))))" name="Authorization" scope="transport" type="STRING" xmlns:ns="http://org.apache.synapse/xsd"/>
            <header name="Action" scope="default" value="IDENTITY_SERVER_URL/services/UserAdmin.UserAdminHttpsSoap11Endpoint/"/>
            <send>
                <endpoint key="gov:nl/weintegrate/wealert/service/identityandaccessmanagement/v1/endpoint/ResetPasswordISEndpoint.xml"/>
            </send>
        </case>
        <case regex="RegisterDevice">
            <property description="Authorization" expression="fn:concat('Basic ',base64Encode(fn:concat(get-property('ClientContext'),':',get-property('WeAlertSystemUserPassword'))))" name="Authorization" scope="transport" type="STRING" xmlns:ns="http://org.apache.synapse/xsd"/>
            <header name="Action" scope="default" value="IDENTITY_SERVER_URL/services/EntitlementService.EntitlementServiceHttpsSoap11Endpoint/"/>
            <send>
                <endpoint key="gov:nl/weintegrate/wealert/service/identityandaccessmanagement/v1/endpoint/RegisterDeviceISEndpoint.xml"/>
            </send>
        </case>
        <case regex="VerifyUserName">
            <property description="Authorization" expression="fn:concat('Basic ',base64Encode(fn:concat('admin@',get-property('DomainName'),':',get-property('WeAlertSystemUserPassword'))))" name="Authorization" scope="transport" type="STRING" xmlns:ns="http://org.apache.synapse/xsd"/>
            <header name="Action" scope="default" value="IDENTITY_SERVER_URL/services/UserInformationRecoveryService.UserInformationRecoveryServiceHttpsSoap11Endpoint/"/>
            <send>
                <endpoint key="gov:nl/weintegrate/wealert/service/identityandaccessmanagement/v1/endpoint/VerifyUsernameISEndpoint.xml"/>
            </send>
        </case>
        <case regex="VerifyConfirmationCode">
            <property description="Authorization" expression="fn:concat('Basic ',base64Encode(fn:concat('admin@',get-property('DomainName'),':',get-property('WeAlertSystemUserPassword'))))" name="Authorization" scope="transport" type="STRING" xmlns:ns="http://org.apache.synapse/xsd"/>
            <header name="Action" scope="default" value="IDENTITY_SERVER_URL/services/UserInformationRecoveryService.UserInformationRecoveryServiceHttpsSoap11Endpoint/"/>
            <send>
                <endpoint key="gov:nl/weintegrate/wealert/service/identityandaccessmanagement/v1/endpoint/VerifyUsernameISEndpoint.xml"/>
            </send>
        </case>
        <case regex="UpdatePassword">
            <property description="Authorization" expression="fn:concat('Basic ',base64Encode(fn:concat('admin@',get-property('DomainName'),':',get-property('WeAlertSystemUserPassword'))))" name="Authorization" scope="transport" type="STRING" xmlns:ns="http://org.apache.synapse/xsd"/>
            <header name="Action" scope="default" value="IDENTITY_SERVER_URL/services/UserInformationRecoveryService.UserInformationRecoveryServiceHttpsSoap11Endpoint/"/>
            <send>
                <endpoint key="gov:nl/weintegrate/wealert/service/identityandaccessmanagement/v1/endpoint/VerifyUsernameISEndpoint.xml"/>
            </send>
        </case>
        <default>
            <log category="WARN" level="full" separator="---=== Invalid Request ===---"/>
            <drop/>
        </default>
    </switch>
</sequence>
