<?xml version="1.0" encoding="UTF-8"?>
<sequence name="SendEmailNotification" trace="disable" xmlns="http://ws.apache.org/ns/synapse">
    <call-template description="Log-INFO" target="gov:com/commons/util/v1/templates/LoggerTemplate.xml">
        <with-param name="SequenceName" value="SendEmailNotification"/>
        <with-param name="Message" value="Going to Send Email Notification"/>
        <with-param name="LogLevel" value="INFO"/>
    </call-template>
    <payloadFactory description="GetUserRequest" media-type="xml">
        <format>
            <soapenv:Envelope xmlns:ser="http://services.mgt.identity.carbon.wso2.org" xmlns:soapenv="http://schemas.xmlsoap.org/soap/envelope/">
                <soapenv:Header/>
                <soapenv:Body>
                    <ser:sendRecoveryNotification>
                        <ser:username>$1</ser:username>
                        <ser:key>$2</ser:key>
                    </ser:sendRecoveryNotification>
                </soapenv:Body>
            </soapenv:Envelope>
        </format>
        <args>
            <arg evaluator="xml" expression="get-property('UserName')"/>
            <arg evaluator="xml" expression="get-property('SecretKey')"/>
        </args>
    </payloadFactory>
    <header name="Accept" scope="transport" value="application/xml"/>
    <property description="ContentType" name="ContentType" scope="axis2" type="STRING" value="application/xml"/>
    <property description="messageType" name="messageType" scope="axis2" type="STRING" value="application/xml"/>
    <property description="Authorization" expression="fn:concat('Basic ',base64Encode(fn:concat('admin@',get-property('DomainName'),':',get-property('WeAlertSystemUserPassword'))))" name="Authorization" scope="transport" type="STRING" xmlns:ns="http://org.apache.synapse/xsd"/>
    <header name="Action" scope="default" value="urn:getUserProfile"/>
    <property description="OUT_ONLY" name="OUT_ONLY" scope="default" type="STRING" value="false"/>
    <call>
        <endpoint key="gov:nl/weintegrate/wealert/service/identityandaccessmanagement/v1/endpoint/VerifyUsernameISEndpoint.xml"/>
    </call>
    <property expression="//*[local-name()='verified']" name="Verified" scope="default" type="STRING"/>
    <filter xpath="fn:contains(get-property('Verified'),'true')">
        <then>
            <payloadFactory media-type="xml">
                <format>
                    <this:VerifyUsernameResponse xmlns:address="http://www.w-integrate.nl/cdm/xsd/address_01" xmlns:applicationgroup="http://www.w-integrate.nl/cdm/xsd/applicationgroup_01" xmlns:channel="http://www.w-integrate.nl/cdm/xsd/communicationchannel_01" xmlns:cmm="http://www.w-integrate.nl/cmm/xsd/cmm_01" xmlns:organization="http://www.w-integrate.nl/cdm/xsd/organization_01" xmlns:person="http://www.w-integrate.nl/cdm/xsd/person_01" xmlns:role="http://www.w-integrate.nl/cdm/xsd/role_01" xmlns:this="http://www.w-integrate.nl/xsd/identityandaccessmanagement_01/requestresponse" xmlns:user="http://www.w-integrate.nl/cdm/xsd/user_01" xmlns:xsi="http://www.w3.org/2001/XMLSchema-instance">
                        <this:Header>
                            <cmm:CMMHeader>
                                <cmm:CorrelationId>$1</cmm:CorrelationId>
                            </cmm:CMMHeader>
                        </this:Header>
                        <this:Result>
                            <cmm:ResponseCode>IAM-N-0000</cmm:ResponseCode>
                            <cmm:ResponseMessage>No error or warnings.</cmm:ResponseMessage>
                        </this:Result>
                    </this:VerifyUsernameResponse>
                </format>
                <args>
                    <arg evaluator="xml" expression="get-property('CorrelationId')" xmlns:ns="http://org.apache.synapse/xsd"/>
                    <arg evaluator="xml" expression="get-property('axis2', 'HTTP_SC')" xmlns:ns="http://org.apache.synapse/xsd"/>
                </args>
            </payloadFactory>
        </then>
        <else>
            <payloadFactory media-type="xml">
                <format>
                    <this:VerifyUsernameResponse xmlns:address="http://www.w-integrate.nl/cdm/xsd/address_01" xmlns:applicationgroup="http://www.w-integrate.nl/cdm/xsd/applicationgroup_01" xmlns:channel="http://www.w-integrate.nl/cdm/xsd/communicationchannel_01" xmlns:cmm="http://www.w-integrate.nl/cmm/xsd/cmm_01" xmlns:organization="http://www.w-integrate.nl/cdm/xsd/organization_01" xmlns:person="http://www.w-integrate.nl/cdm/xsd/person_01" xmlns:role="http://www.w-integrate.nl/cdm/xsd/role_01" xmlns:this="http://www.w-integrate.nl/xsd/identityandaccessmanagement_01/requestresponse" xmlns:user="http://www.w-integrate.nl/cdm/xsd/user_01" xmlns:xsi="http://www.w3.org/2001/XMLSchema-instance">
                        <this:Header>
                            <cmm:CMMHeader>
                                <cmm:CorrelationId>$1</cmm:CorrelationId>
                            </cmm:CMMHeader>
                        </this:Header>
                        <this:Result>
                            <cmm:ResponseCode>IAM-E-9999</cmm:ResponseCode>
                            <cmm:ResponseMessage>Internal Server Error</cmm:ResponseMessage>
                        </this:Result>
                    </this:VerifyUsernameResponse>
                </format>
                <args>
                    <arg evaluator="xml" expression="get-property('CorrelationId')" xmlns:ns="http://org.apache.synapse/xsd"/>
                </args>
            </payloadFactory>
        </else>
    </filter>
    <switch source="get-property('ResponseType')" xmlns:ns="http://org.apache.synapse/xsd">
        <case regex="application/xml">
            <header name="Accept" scope="transport" value="application/xml"/>
            <property description="ContentType" name="ContentType" scope="axis2" type="STRING" value="application/xml"/>
            <property description="messageType" name="messageType" scope="axis2" type="STRING" value="application/xml"/>
        </case>
        <case regex="application/json">
            <header name="Accept" scope="transport" value="application/json"/>
            <property description="ContentType" name="ContentType" scope="axis2" type="STRING" value="application/json"/>
            <property description="messageType" name="messageType" scope="axis2" type="STRING" value="application/json"/>
        </case>
        <default>
            <header name="Accept" scope="transport" value="application/xml"/>
            <property description="ContentType" name="ContentType" scope="axis2" type="STRING" value="application/xml"/>
            <property description="messageType" name="messageType" scope="axis2" type="STRING" value="application/xml"/>
        </default>
    </switch>
    <respond/>
    <call-template description="Log-INFO" target="gov:com/commons/util/v1/templates/LoggerTemplate.xml">
        <with-param name="SequenceName" value="SendEmailNotification"/>
        <with-param name="Message" value="Email Notification is sent successfully"/>
        <with-param name="LogLevel" value="INFO"/>
    </call-template>
</sequence>
