<?xml version="1.0" encoding="UTF-8"?>
<sequence name="UpdatePasswordInSequence" trace="disable" xmlns="http://ws.apache.org/ns/synapse">
    <log separator="---=== UpdatePasswordInSequence ===---"/>
    <property description="OperationName" name="RequestOperationName" scope="default" type="STRING" value="UpdatePassword"/>
    <property description="MessageFrom" name="MessageFrom" scope="default" type="STRING" value="Client"/>
    <property description="MessageDestination" name="MessageDestination" scope="default" type="STRING" value="IS"/>
    <property description="ResponseType" expression="get-property('transport', 'Accept')" name="ResponseType" scope="default" type="STRING" xmlns:ns="http://org.apache.synapse/xsd"/>
    <property description="ContentType" name="ContentType" scope="axis2" type="STRING" value="application/xml"/>
    <property description="messageType" name="messageType" scope="axis2" type="STRING" value="application/xml"/>
    <filter description="CheckAcceptType" regex="application/json" source="get-property('ResponseType')">
        <then>
            <xslt description="VerifyUsernameJsonToCDMRequest" key="gov:nl/weintegrate/wealert/service/identityandaccessmanagement/v1/xslt/UpdatePasswordJsonToCDMRequest.xslt">
                <resource key="gov:nl/weintegrate/wealert/service/identityandaccessmanagement/v1/xslt/UpdatePasswordJsonToCDMRequest.xslt" location="UpdatePasswordJsonToCDMRequest.xslt"/>
            </xslt>
        </then>
        <else/>
    </filter>
    <property description="ClientContext" expression="//this:UpdatePasswordRequest/this:ClientContext/user:UserName" name="ClientContext" scope="default" type="STRING" xmlns:this="http://www.w-integrate.nl/xsd/identityandaccessmanagement_01/requestresponse" xmlns:user="http://www.w-integrate.nl/cdm/xsd/user_01"/>
    <property description="CorrelationId" expression="//*[local-name()='CorrelationId']" name="CorrelationId" scope="default" type="STRING"/>
    <property description="RequestMessage" expression="//*[local-name()='UpdatePasswordRequest']" name="RequestMessage" scope="default" type="OM" xmlns:ns="http://org.apache.synapse/xsd"/>
    <property description="UserName" expression="//*[local-name()='UserName']" name="UserName" scope="default" type="STRING" xmlns:this="http://www.w-integrate.nl/xsd/identityandaccessmanagement_01/requestresponse" xmlns:user="http://www.w-integrate.nl/cdm/xsd/user_01"/>
    <property description="ConfirmationCode" expression="//*[local-name()='ConfirmationCode']" name="ConfirmationCode" scope="default" type="STRING"/>
    <property description="DomainName" expression="fn:substring-after(get-property('UserName'), '@')" name="DomainName" scope="default" type="STRING"/>
    <property description="HostName" expression="fn:substring-before(get-property('UserName'), '@')" name="HostName" scope="default" type="STRING"/>
    <property description="NewPassword" expression="//*[local-name()='UserPassword']" name="UserPassword" scope="default" type="STRING"/>
    <sequence key="ValidateUpdatePasswordCDMRequest"/>
    <sequence key="ConvertVerifyConfirmationCodeCDMRequestToISRequest"/>
    <property name="Accept" scope="transport" type="STRING" value="application/xml"/>
    <header name="Accept" scope="transport" value="application/xml"/>
    <property description="ContentType" name="ContentType" scope="axis2" type="STRING" value="application/xml"/>
    <property description="messageType" name="messageType" scope="axis2" type="STRING" value="application/xml"/>
    <property description="Authorization" expression="fn:concat('Basic ',base64Encode(fn:concat('admin@',get-property('DomainName'),':',get-property('WeAlertSystemUserPassword'))))" name="Authorization" scope="transport" type="STRING" xmlns:ns="http://org.apache.synapse/xsd"/>
    <header name="Action" scope="default" value="urn:verifyConfirmationCode"/>
    <property description="OUT_ONLY" name="OUT_ONLY" scope="default" type="STRING" value="false"/>
    <call>
        <endpoint key="gov:nl/weintegrate/wealert/service/identityandaccessmanagement/v1/endpoint/VerifyUsernameISEndpoint.xml"/>
    </call>
    <sequence key="VerifyConfirmationCode"/>
    <sequence key="ConvertUpdatePasswordCDMToISRequest"/>
    <sequence key="SendRequestToIS"/>
</sequence>
