<?xml version="1.0" encoding="UTF-8"?>
<sequence name="UpdateAuthorizationPolicy" trace="disable" xmlns="http://ws.apache.org/ns/synapse">
    <filter xmlns:ns="http://org.apache.synapse/xsd" xpath="fn:contains(get-property('axis2', 'HTTP_SC'),'202')">
        <then>
            <call-template target="gov:com/commons/util/v1/templates/LoggerTemplate.xml">
                <with-param name="SequenceName" value="UpdateAuthorizationPolicy"/>
                <with-param name="Message" value="Going to Get Policy for Update."/>
                <with-param name="LogLevel" value="INFO"/>
            </call-template>
            <payloadFactory description="GetAuthPolicyRequest" media-type="xml">
                <format>
                    <soapenv:Envelope xmlns:soapenv="http://schemas.xmlsoap.org/soap/envelope/" xmlns:xsd="http://org.apache.axis2/xsd">
                        <soapenv:Body>
                            <xsd:getPolicy>
                                <xsd:policyId>$1</xsd:policyId>
                                <xsd:isPDPPolicy>false</xsd:isPDPPolicy>
                            </xsd:getPolicy>
                        </soapenv:Body>
                    </soapenv:Envelope>
                </format>
                <args>
                    <arg evaluator="xml" expression="fn:concat(fn:substring-after(get-property('ClientContext'),'@'),'-',get-property('OrganizationId'))"/>
                </args>
            </payloadFactory>
            <property description="OperationName" name="RequestOperationName" scope="default" type="STRING" value="GetAuhtorizationPolicy"/>
            <sequence key="SendRequestToIS"/>
            <xslt description="CreateApplicationGroupDataRequest" key="gov:nl/weintegrate/wealert/service/identityandaccessmanagement/v1/xslt/AddApplicationGroupToAuthorizationPolicy.xslt">
                <property expression="get-property('ApplicationGroupId')" name="ApplicationGroupId"/>
                <resource key="gov:nl/weintegrate/wealert/service/identityandaccessmanagement/v1/xslt/AddApplicationGroupToAuthorizationPolicy.xslt" location="AddApplicationGroupToAuthorizationPolicy.xslt"/>
            </xslt>
            <log description="Log-INFO" separator="----=== Get Policy Response Received ===---"/>
            <xslt description="AddCDATAInUpdateAuthorizationPolicyRequest" key="gov:nl/weintegrate/wealert/service/identityandaccessmanagement/v1/xslt/AddCDATAInUpdateAuthorizationPolicyRequest.xslt">
                <resource key="gov:nl/weintegrate/wealert/service/identityandaccessmanagement/v1/xslt/AddCDATAInUpdateAuthorizationPolicyRequest.xslt" location="AddCDATAInUpdateAuthorizationPolicyRequest.xslt"/>
            </xslt>
            <log description="Log-INFO" level="full" separator="----=== UpdatePolicy Request ===---"/>
            <property description="OperationName" name="RequestOperationName" scope="default" type="STRING" value="UpdateAuhtorizationPolicy"/>
            <sequence key="SendRequestToIS"/>
        </then>
        <else>
            <payloadFactory description="ErrorResponse" media-type="xml">
                <format>
                    <this:ProvisionApplicationGroupResponse xmlns:address="http://www.w-integrate.nl/cdm/xsd/address_01" xmlns:applicationgroup="http://www.w-integrate.nl/cdm/xsd/applicationgroup_01" xmlns:channel="http://www.w-integrate.nl/cdm/xsd/communicationchannel_01" xmlns:cmm="http://www.w-integrate.nl/cmm/xsd/cmm_01" xmlns:organization="http://www.w-integrate.nl/cdm/xsd/organization_01" xmlns:person="http://www.w-integrate.nl/cdm/xsd/person_01" xmlns:role="http://www.w-integrate.nl/cdm/xsd/role_01" xmlns:this="http://www.w-integrate.nl/xsd/identityandaccessmanagement_01/requestresponse" xmlns:user="http://www.w-integrate.nl/cdm/xsd/user_01" xmlns:xsi="http://www.w3.org/2001/XMLSchema-instance">
                        <this:Header>
                            <cmm:CMMHeader>
                                <cmm:CorrelationId>$1</cmm:CorrelationId>
                            </cmm:CMMHeader>
                        </this:Header>
                        <this:Result>
                            <cmm:ResponseCode>IAM-E-0007</cmm:ResponseCode>
                            <cmm:ResponseMessage>ApplicationGroup already Exist in Identity system.</cmm:ResponseMessage>
                        </this:Result>
                    </this:ProvisionApplicationGroupResponse>
                </format>
                <args>
                    <arg evaluator="xml" expression="get-property('CorrelationId')"/>
                </args>
            </payloadFactory>
            <sequence key="IdentityAndAccessManagementResponseSender"/>
        </else>
    </filter>
</sequence>
