<?xml version="1.0" encoding="UTF-8"?>
<sequence xmlns="http://ws.apache.org/ns/synapse" name="ValidateRemoveUserFromApplicationGroupCDMResponse">
	<call-template target="gov:com/commons/util/v1/templates/LoggerTemplate.xml" description="Log-INFO">
		<with-param name="SequenceName" value="ValidateRemoveUserFromApplicationGroupCDMResponse"/>
		<with-param name="Message" value="Going to Validate RemoveUserFromApplicationGroup CDM Response"/>
		<with-param name="LogLevel" value="INFO"/>
	</call-template>
	<validate xmlns:tns="TODO:" source="//TODO:">
		<schema key="XSD_PATH_TODO:"/>
		<resource location="REQUIRED_XSD_NAME.xsd" key="REQUIRED_XSD_PATH_TODO:"/>
		<on-fail>
			<call-template target="gov:com/commons/util/v1/templates/LoggerTemplate.xml" description="Log-INFO">
				<with-param name="SequenceName" value="ValidateRemoveUserFromApplicationGroupCDMResponse"/>
				<with-param name="Message" value="Error occurred while validating Response."/>
				<with-param name="LogLevel" value="ERROR"/>
			</call-template>
	<clone xmlns="http://ws.apache.org/ns/synapse">
		<target>
			<sequence>
				<payloadFactory media-type="xml">
					<format>
						<ns8:RemoveUserFromApplicationGroupResponse xmlns:ns8="TODO:" xmlns:ns4="http://www.weintegrate.nl/wealert/cdm/xsd/actionstatus" xmlns="">
							<ns8:ActionStatus>
								<ns4:Status>FAIL</ns4:Status>
								<ns4:ErrorCode>$1</ns4:ErrorCode>
								<ns4:Message>Invalid Response</ns4:Message>
							</ns8:ActionStatus>
						</ns8:RemoveUserFromApplicationGroupResponse>
					</format>
					<args>
						<arg xmlns:ns="http://org.apache.synapse/xsd" evaluator="xml" expression="get-property('ERROR_CODE')"/>
					</args>
				</payloadFactory>
				<switch xmlns:ns="http://org.apache.synapse/xsd" source="get-property('ResponseType')">
					<case regex="application/xml">
						<header name="Accept" scope="transport" value="application/xml"/>
						<property name="ContentType" value="application/xml" scope="axis2" type="STRING" description="ContentType"/>
						<property name="messageType" value="application/xml" scope="axis2" type="STRING" description="messageType"/>
					</case>
					<case regex="application/json">
						<header name="Accept" scope="transport" value="application/json"/>
						<property name="ContentType" value="application/json" scope="axis2" type="STRING" description="ContentType"/>
						<property name="messageType" value="application/json" scope="axis2" type="STRING" description="messageType"/>
					</case>
					<default>
						<header name="Accept" scope="transport" value="application/xml"/>
						<property name="ContentType" value="application/xml" scope="axis2" type="STRING" description="ContentType"/>
						<property name="messageType" value="application/xml" scope="axis2" type="STRING" description="messageType"/>
					</default>
				</switch>
				<property name="NO_ENTITY_BODY" scope="axis2" action="remove"/>
				<property name="HTTP_SC" value="400" scope="axis2"/>
				<respond/>
			</sequence>
		</target>
		<target>
			<sequence>
				<payloadFactory media-type="xml" description="ErrorMessage">
					<format>
						<err:Error xmlns:err="http://ws.apache.org/ns/synapse">
							<Header>
								<CMMHeader>
									<MessageTimeStamp>$5</MessageTimeStamp>
									<MessageId>$6</MessageId>
									<ComponentId>API</ComponentId>
									<From>$1</From>
									<To>$2</To>
									<Operation>RemoveUserFromApplicationGroup</Operation>
									<Domain>wealert</Domain>
								</CMMHeader>
							</Header>
							<ErrorCode>$7</ErrorCode>
							<ErrorMessage>$3</ErrorMessage>
							<ErrorDetail>$6</ErrorDetail>
							<ErrorException>$4</ErrorException>
						</err:Error>
					</format>
					<args>
						<arg evaluator="xml" expression="get-property('MessageFrom')"/>
						<arg evaluator="xml" expression="get-property('MessageDestination')"/>
						<arg evaluator="xml" expression="get-property('ERROR_MESSAGE')"/>
						<arg evaluator="xml" expression="get-property('ERROR_EXCEPTION')"/>
						<arg evaluator="xml" expression="current-dateTime()"/>
						<arg evaluator="xml" expression="get-property('ERROR_DETAIL')"/>
						<arg evaluator="xml" expression="get-property('ERROR_CODE')"/>
						<arg evaluator="xml" expression="get-property('MessageId')"/>
					</args>
				</payloadFactory>
				<log level="full" category="ERROR" separator="---=== Validation Error RemoveUserFromApplicationGroup ===---"/>
				<property name="OUT_ONLY" scope="default" type="STRING" value="true"/>
				<call>
					<endpoint key="gov:nl/weintegrate/wealert/service/identityandaccessmanagement/v1/endpoint/ErrorQueueEndpoint.xml"/>
				</call>
			</sequence>
		</target>
	</clone>
		</on-fail>
	</validate>
	<call-template target="gov:com/commons/util/v1/templates/LoggerTemplate.xml" description="Log-INFO">
		<with-param name="SequenceName" value="ValidateRemoveUserFromApplicationGroupCDMResponse"/>
		<with-param name="Message" value="RemoveUserFromApplicationGroup CDM Response validated successfully."/>
		<with-param name="LogLevel" value="INFO"/>
	</call-template>
</sequence>
