<?xml version="1.0" encoding="UTF-8"?>
<sequence name="ValidateResetPasswordCDMRequest" trace="disable" xmlns="http://ws.apache.org/ns/synapse">
    <call-template description="Log-INFO" target="gov:com/commons/util/v1/templates/LoggerTemplate.xml">
        <with-param name="SequenceName" value="ValidateResetPasswordCDMRequest"/>
        <with-param name="Message" value="Going to Validate ResetPassword CDM Request"/>
        <with-param name="LogLevel" value="INFO"/>
    </call-template>
    <validate cache-schema="true" source="//tns:ResetPasswordRequest" xmlns:tns="http://www.w-integrate.nl/xsd/identityandaccessmanagement_01/requestresponse">
        <schema key="gov:/nl/weintegrate/wealert/cdm/xsd/IdentityAndAccessManagement_01_RequestResponse.xsd"/>
        <resource key="gov:/nl/weintegrate/wealert/cdm/xsd/User_01.xsd" location="User_01.xsd"/>
        <resource key="gov:/nl/weintegrate/wealert/cdm/xsd/Role_01.xsd" location="Role_01.xsd"/>
        <resource key="gov:/nl/weintegrate/wealert/cdm/xsd/Organization_01.xsd" location="Organization_01.xsd"/>
        <resource key="gov:/nl/weintegrate/wealert/cdm/xsd/CMMHeader_01.xsd" location="CMMHeader_01.xsd"/>
        <resource key="gov:/nl/weintegrate/wealert/cdm/xsd/Person_01.xsd" location="Person_01.xsd"/>
        <resource key="gov:/nl/weintegrate/wealert/cdm/xsd/Address_01.xsd" location="Address_01.xsd"/>
        <resource key="gov:/nl/weintegrate/wealert/cdm/xsd/CommunicationChannel_01.xsd" location="CommunicationChannel_01.xsd"/>
        <resource key="gov:/nl/weintegrate/wealert/cdm/xsd/ApplicationGroup_01.xsd" location="ApplicationGroup_01.xsd"/>
        <on-fail>
            <call-template description="Log-INFO" target="gov:com/commons/util/v1/templates/LoggerTemplate.xml">
                <with-param name="SequenceName" value="ValidateResetPasswordCDMRequest"/>
                <with-param name="Message" value="Error occurred while validating Request."/>
                <with-param name="LogLevel" value="ERROR"/>
            </call-template>
            <clone>
                <target>
                    <sequence>
                        <payloadFactory media-type="xml">
                            <format>
                                <this:ResetPasswordResponse xmlns:address="http://www.w-integrate.nl/cdm/xsd/address_01" xmlns:applicationgroup="http://www.w-integrate.nl/cdm/xsd/applicationgroup_01" xmlns:channel="http://www.w-integrate.nl/cdm/xsd/communicationchannel_01" xmlns:cmm="http://www.w-integrate.nl/cmm/xsd/cmm_01" xmlns:organization="http://www.w-integrate.nl/cdm/xsd/organization_01" xmlns:person="http://www.w-integrate.nl/cdm/xsd/person_01" xmlns:role="http://www.w-integrate.nl/cdm/xsd/role_01" xmlns:this="http://www.w-integrate.nl/xsd/identityandaccessmanagement_01/requestresponse" xmlns:user="http://www.w-integrate.nl/cdm/xsd/user_01" xmlns:xsi="http://www.w3.org/2001/XMLSchema-instance">
                                    <this:Header>
                                        <cmm:CMMHeader>
                                            <cmm:CorrelationId>$2</cmm:CorrelationId>
                                        </cmm:CMMHeader>
                                    </this:Header>
                                    <this:Result>
                                        <cmm:ResponseCode>IAM-E-0009</cmm:ResponseCode>
                                        <cmm:ResponseMessage>Request is invalid. Please check input parameters. $1</cmm:ResponseMessage>
                                    </this:Result>
                                </this:ResetPasswordResponse>
                            </format>
                            <args>
                                <arg evaluator="xml" expression="get-property('ERROR_CODE')" xmlns:ns="http://org.apache.synapse/xsd"/>
                                <arg evaluator="xml" expression="get-property('CorrelationId')" xmlns:ns="http://org.apache.synapse/xsd"/>
                            </args>
                        </payloadFactory>
                        <switch source="get-property('ResponseType')" xmlns:ns="http://org.apache.synapse/xsd">
                            <case regex="application/xml">
                                <header name="Accept" scope="transport" value="application/xml"/>
                                <property description="ContentType" name="ContentType" scope="axis2" type="STRING" value="application/xml"/>
                                <property description="messageType" name="messageType" scope="axis2" type="STRING" value="application/xml"/>
                            </case>
                            <case regex="application/json">
                                <header name="Accept" scope="transport" value="application/json"/>
                                <property description="ContentType" name="ContentType" scope="axis2" type="STRING" value="application/json"/>
                                <property description="messageType" name="messageType" scope="axis2" type="STRING" value="application/json"/>
                            </case>
                            <default>
                                <header name="Accept" scope="transport" value="application/xml"/>
                                <property description="ContentType" name="ContentType" scope="axis2" type="STRING" value="application/xml"/>
                                <property description="messageType" name="messageType" scope="axis2" type="STRING" value="application/xml"/>
                            </default>
                        </switch>
                        <property action="remove" name="NO_ENTITY_BODY" scope="axis2"/>
                        <property name="HTTP_SC" scope="axis2" type="STRING" value="400"/>
                        <respond/>
                    </sequence>
                </target>
                <target>
                    <sequence>
                        <payloadFactory description="ErrorMessage" media-type="xml">
                            <format>
                                <err:Error xmlns:err="http://ws.apache.org/ns/synapse">
                                    <Header>
                                        <CMMHeader>
                                            <MessageTimeStamp>$5</MessageTimeStamp>
                                            <MessageId>$6</MessageId>
                                            <ComponentId>API</ComponentId>
                                            <From>$1</From>
                                            <To>$2</To>
                                            <Operation>ResetPassword</Operation>
                                            <Domain>wealert</Domain>
                                        </CMMHeader>
                                    </Header>
                                    <ErrorCode>$7</ErrorCode>
                                    <ErrorMessage>$3</ErrorMessage>
                                    <ErrorDetail>$6</ErrorDetail>
                                    <ErrorException>$4</ErrorException>
                                </err:Error>
                            </format>
                            <args>
                                <arg evaluator="xml" expression="get-property('MessageFrom')"/>
                                <arg evaluator="xml" expression="get-property('MessageDestination')"/>
                                <arg evaluator="xml" expression="get-property('ERROR_MESSAGE')"/>
                                <arg evaluator="xml" expression="get-property('ERROR_EXCEPTION')"/>
                                <arg evaluator="xml" expression="current-dateTime()"/>
                                <arg evaluator="xml" expression="get-property('ERROR_DETAIL')"/>
                                <arg evaluator="xml" expression="get-property('ERROR_CODE')"/>
                                <arg evaluator="xml" expression="get-property('MessageId')"/>
                            </args>
                        </payloadFactory>
                        <log category="ERROR" level="full" separator="---=== Validation Error ResetPassword ===---"/>
                        <property name="OUT_ONLY" scope="default" type="STRING" value="true"/>
                        <call>
                            <endpoint key="gov:nl/weintegrate/wealert/service/identityandaccessmanagement/v1/endpoint/ErrorQueueEndpoint.xml"/>
                        </call>
                    </sequence>
                </target>
            </clone>
        </on-fail>
    </validate>
    <call-template description="Log-INFO" target="gov:com/commons/util/v1/templates/LoggerTemplate.xml">
        <with-param name="SequenceName" value="ValidateResetPasswordCDMRequest"/>
        <with-param name="Message" value="ResetPassword CDM Request validated successfully."/>
        <with-param name="LogLevel" value="INFO"/>
    </call-template>
</sequence>
