<?xml version="1.0" encoding="UTF-8"?>
<sequence name="ValidateUserHierarchy" trace="disable" xmlns="http://ws.apache.org/ns/synapse">
    <call-template description="Log-INFO" target="gov:com/commons/util/v1/templates/LoggerTemplate.xml">
        <with-param name="SequenceName" value="ValidateUserHierarchy"/>
        <with-param name="Message" value="Going to Validate Hierarchy of User"/>
        <with-param name="LogLevel" value="INFO"/>
    </call-template>
    <switch source="get-property('UserRole')" xmlns:ns="http://org.apache.synapse/xsd">
        <case regex="Admin">
            <filter xpath="fn:contains(get-property('UserRoleReturnedByIS'),'admin')">
                <then>
                    <payloadFactory media-type="xml">
                        <format>
                            <this:ResetPasswordResponse xmlns:address="http://www.w-integrate.nl/cdm/xsd/address_01" xmlns:applicationgroup="http://www.w-integrate.nl/cdm/xsd/applicationgroup_01" xmlns:channel="http://www.w-integrate.nl/cdm/xsd/communicationchannel_01" xmlns:cmm="http://www.w-integrate.nl/cmm/xsd/cmm_01" xmlns:organization="http://www.w-integrate.nl/cdm/xsd/organization_01" xmlns:person="http://www.w-integrate.nl/cdm/xsd/person_01" xmlns:role="http://www.w-integrate.nl/cdm/xsd/role_01" xmlns:this="http://www.w-integrate.nl/xsd/identityandaccessmanagement_01/requestresponse" xmlns:user="http://www.w-integrate.nl/cdm/xsd/user_01" xmlns:xsi="http://www.w3.org/2001/XMLSchema-instance">
                                <this:Header>
                                    <cmm:CMMHeader>
                                        <cmm:CorrelationId>$1</cmm:CorrelationId>
                                    </cmm:CMMHeader>
                                </this:Header>
                                <this:Result>
                                    <cmm:ResponseCode>IAM-E-9999</cmm:ResponseCode>
                                    <cmm:ResponseMessage>You are not authorized to do this operation</cmm:ResponseMessage>
                                </this:Result>
                            </this:ResetPasswordResponse>
                        </format>
                        <args>
                            <arg evaluator="xml" expression="get-property('CorrelationId')"/>
                        </args>
                    </payloadFactory>
                    <switch source="get-property('ResponseType')">
                        <case regex="application/xml">
                            <header name="Accept" scope="transport" value="application/xml"/>
                            <property description="ContentType" name="ContentType" scope="axis2" type="STRING" value="application/xml"/>
                            <property description="messageType" name="messageType" scope="axis2" type="STRING" value="application/xml"/>
                        </case>
                        <case regex="application/json">
                            <header name="Accept" scope="transport" value="application/json"/>
                            <property description="ContentType" name="ContentType" scope="axis2" type="STRING" value="application/json"/>
                            <property description="messageType" name="messageType" scope="axis2" type="STRING" value="application/json"/>
                        </case>
                        <default>
                            <header name="Accept" scope="transport" value="application/xml"/>
                            <property description="ContentType" name="ContentType" scope="axis2" type="STRING" value="application/xml"/>
                            <property description="messageType" name="messageType" scope="axis2" type="STRING" value="application/xml"/>
                        </default>
                    </switch>
                    <respond/>
                </then>
                <else>
                    <sequence key="CreateResetPasswordRequest"/>
                    <sequence key="ConvertResetPasswordCDMRequestToISRequest"/>
                    <property name="Accept" scope="transport" type="STRING" value="application/xml"/>
                    <sequence key="SendRequestToIS"/>
                </else>
            </filter>
        </case>
        <case regex="Manager">
            <filter xpath="fn:contains(get-property('UserRoleReturnedByIS'),'Member')">
                <then>
                    <sequence key="CreateResetPasswordRequest"/>
                    <sequence key="ConvertResetPasswordCDMRequestToISRequest"/>
                    <property name="Accept" scope="transport" type="STRING" value="application/xml"/>
                    <sequence key="SendRequestToIS"/>
                </then>
                <else>
                    <payloadFactory media-type="xml">
                        <format>
                            <this:ResetPasswordResponse xmlns:address="http://www.w-integrate.nl/cdm/xsd/address_01" xmlns:applicationgroup="http://www.w-integrate.nl/cdm/xsd/applicationgroup_01" xmlns:channel="http://www.w-integrate.nl/cdm/xsd/communicationchannel_01" xmlns:cmm="http://www.w-integrate.nl/cmm/xsd/cmm_01" xmlns:organization="http://www.w-integrate.nl/cdm/xsd/organization_01" xmlns:person="http://www.w-integrate.nl/cdm/xsd/person_01" xmlns:role="http://www.w-integrate.nl/cdm/xsd/role_01" xmlns:this="http://www.w-integrate.nl/xsd/identityandaccessmanagement_01/requestresponse" xmlns:user="http://www.w-integrate.nl/cdm/xsd/user_01" xmlns:xsi="http://www.w3.org/2001/XMLSchema-instance">
                                <this:Header>
                                    <cmm:CMMHeader>
                                        <cmm:CorrelationId>$1</cmm:CorrelationId>
                                    </cmm:CMMHeader>
                                </this:Header>
                                <this:Result>
                                    <cmm:ResponseCode>IAM-E-9999</cmm:ResponseCode>
                                    <cmm:ResponseMessage>You are not authorized to do this operation</cmm:ResponseMessage>
                                </this:Result>
                            </this:ResetPasswordResponse>
                        </format>
                        <args>
                            <arg evaluator="xml" expression="get-property('CorrelationId')"/>
                        </args>
                    </payloadFactory>
                    <switch source="get-property('ResponseType')">
                        <case regex="application/xml">
                            <header name="Accept" scope="transport" value="application/xml"/>
                            <property description="ContentType" name="ContentType" scope="axis2" type="STRING" value="application/xml"/>
                            <property description="messageType" name="messageType" scope="axis2" type="STRING" value="application/xml"/>
                        </case>
                        <case regex="application/json">
                            <header name="Accept" scope="transport" value="application/json"/>
                            <property description="ContentType" name="ContentType" scope="axis2" type="STRING" value="application/json"/>
                            <property description="messageType" name="messageType" scope="axis2" type="STRING" value="application/json"/>
                        </case>
                        <default>
                            <header name="Accept" scope="transport" value="application/xml"/>
                            <property description="ContentType" name="ContentType" scope="axis2" type="STRING" value="application/xml"/>
                            <property description="messageType" name="messageType" scope="axis2" type="STRING" value="application/xml"/>
                        </default>
                    </switch>
                    <respond/>
                </else>
            </filter>
        </case>
        <default/>
    </switch>
    <call-template description="Log-INFO" target="gov:com/commons/util/v1/templates/LoggerTemplate.xml">
        <with-param name="SequenceName" value="ValidateUserHierarchy"/>
        <with-param name="Message" value="Hierarchy of User is validated successfully"/>
        <with-param name="LogLevel" value="INFO"/>
    </call-template>
</sequence>
