<?xml version="1.0" encoding="UTF-8"?>
<sequence name="VerifyConfirmationCode" trace="disable" xmlns="http://ws.apache.org/ns/synapse">
    <call-template description="Log-INFO" target="gov:com/commons/util/v1/templates/LoggerTemplate.xml">
        <with-param name="SequenceName" value="VerifyConfirmationCode"/>
        <with-param name="Message" value="Going to Verify ConfirmationCode"/>
        <with-param name="LogLevel" value="INFO"/>
    </call-template>
    <property expression="//*[local-name()='faultstring']" name="FaultString" scope="default" type="STRING"/>
    <property expression="//*[local-name()='verified']" name="Verified" scope="default" type="STRING"/>
    <filter xpath="fn:contains(get-property('Verified'),'false')">
        <then>
            <payloadFactory media-type="xml">
                <format>
                    <this:UpdatePasswordResponse xmlns:address="http://www.w-integrate.nl/cdm/xsd/address_01" xmlns:applicationgroup="http://www.w-integrate.nl/cdm/xsd/applicationgroup_01" xmlns:channel="http://www.w-integrate.nl/cdm/xsd/communicationchannel_01" xmlns:cmm="http://www.w-integrate.nl/cmm/xsd/cmm_01" xmlns:organization="http://www.w-integrate.nl/cdm/xsd/organization_01" xmlns:person="http://www.w-integrate.nl/cdm/xsd/person_01" xmlns:role="http://www.w-integrate.nl/cdm/xsd/role_01" xmlns:this="http://www.w-integrate.nl/xsd/identityandaccessmanagement_01/requestresponse" xmlns:user="http://www.w-integrate.nl/cdm/xsd/user_01" xmlns:xsi="http://www.w3.org/2001/XMLSchema-instance">
                        <this:Header>
                            <cmm:CMMHeader>
                                <cmm:CorrelationId>$1</cmm:CorrelationId>
                            </cmm:CMMHeader>
                        </this:Header>
                        <this:Result>
                            <cmm:ResponseCode>IAM-W-0001</cmm:ResponseCode>
                            <cmm:ResponseMessage>Record does not exist. Please check input parameters.</cmm:ResponseMessage>
                        </this:Result>
                    </this:UpdatePasswordResponse>
                </format>
                <args>
                    <arg evaluator="xml" expression="get-property('CorrelationId')" xmlns:ns="http://org.apache.synapse/xsd"/>
                </args>
            </payloadFactory>
            <switch source="get-property('ResponseType')" xmlns:ns="http://org.apache.synapse/xsd">
                <case regex="application/xml">
                    <header name="Accept" scope="transport" value="application/xml"/>
                    <property description="ContentType" name="ContentType" scope="axis2" type="STRING" value="application/xml"/>
                    <property description="messageType" name="messageType" scope="axis2" type="STRING" value="application/xml"/>
                </case>
                <case regex="application/json">
                    <header name="Accept" scope="transport" value="application/json"/>
                    <property description="ContentType" name="ContentType" scope="axis2" type="STRING" value="application/json"/>
                    <property description="messageType" name="messageType" scope="axis2" type="STRING" value="application/json"/>
                </case>
                <default>
                    <header name="Accept" scope="transport" value="application/xml"/>
                    <property description="ContentType" name="ContentType" scope="axis2" type="STRING" value="application/xml"/>
                    <property description="messageType" name="messageType" scope="axis2" type="STRING" value="application/xml"/>
                </default>
            </switch>
            <property action="remove" name="NO_ENTITY_BODY" scope="axis2"/>
            <log level="custom"/>
            <property name="HTTP_SC" scope="axis2" type="STRING" value="200"/>
            <respond/>
        </then>
        <else>
            <property expression="//*[local-name()='key']" name="SecretKey" scope="default" type="STRING"/>
        </else>
    </filter>
    <call-template description="Log-INFO" target="gov:com/commons/util/v1/templates/LoggerTemplate.xml">
        <with-param name="SequenceName" value="VerifyConfirmationCode"/>
        <with-param name="Message" value="ConfirmationCode is verified"/>
        <with-param name="LogLevel" value="INFO"/>
    </call-template>
</sequence>
