<?xml version="1.0" encoding="UTF-8"?>
<sequence name="VerifyUserNameInSequence" trace="disable" xmlns="http://ws.apache.org/ns/synapse">
    <log separator="---=== VerifyUserNameInSequence ===---"/>
    <property description="OperationName" name="RequestOperationName" scope="default" type="STRING" value="VerifyUserName"/>
    <property description="MessageFrom" name="MessageFrom" scope="default" type="STRING" value="Client"/>
    <property description="MessageDestination" name="MessageDestination" scope="default" type="STRING" value="IS"/>
    <property description="ResponseType" expression="get-property('transport', 'Accept')" name="ResponseType" scope="default" type="STRING" xmlns:ns="http://org.apache.synapse/xsd"/>
    <property description="ContentType" name="ContentType" scope="axis2" type="STRING" value="application/xml"/>
    <property description="messageType" name="messageType" scope="axis2" type="STRING" value="application/xml"/>
    <filter description="CheckAcceptType" regex="application/json" source="get-property('ResponseType')">
        <then>
            <xslt description="VerifyUsernameJsonToCDMRequest" key="gov:nl/weintegrate/wealert/service/identityandaccessmanagement/v1/xslt/VerifyUsernameJsonToCDMRequest.xslt">
                <resource key="gov:nl/weintegrate/wealert/service/identityandaccessmanagement/v1/xslt/VerifyUsernameJsonToCDMRequest.xslt" location="VerifyUsernameJsonToCDMRequest.xslt"/>
            </xslt>
        </then>
        <else/>
    </filter>
    <property description="ClientContext" expression="//this:VerifyUsernameRequest/this:ClientContext/user:UserName" name="ClientContext" scope="default" type="STRING" xmlns:this="http://www.w-integrate.nl/xsd/identityandaccessmanagement_01/requestresponse" xmlns:user="http://www.w-integrate.nl/cdm/xsd/user_01"/>
    <property description="CorrelationId" expression="//*[local-name()='CorrelationId']" name="CorrelationId" scope="default" type="STRING"/>
    <property description="RequestMessage" expression="//*[local-name()='VerifyUsernameRequest']" name="RequestMessage" scope="default" type="OM" xmlns:ns="http://org.apache.synapse/xsd"/>
    <property description="UserName" expression="//this:VerifyUsernameRequest/user:UserName" name="UserName" scope="default" type="STRING" xmlns:this="http://www.w-integrate.nl/xsd/identityandaccessmanagement_01/requestresponse" xmlns:user="http://www.w-integrate.nl/cdm/xsd/user_01"/>
    <property description="DomainName" expression="fn:substring-after(get-property('UserName'), '@')" name="DomainName" scope="default" type="STRING"/>
    <property description="HostName" expression="fn:substring-before(get-property('UserName'), '@')" name="HostName" scope="default" type="STRING"/>
    <sequence key="ValidateVerifyUsernameCDMRequest"/>
    <sequence key="ConvertVerifyUsernameCDMRequestToISRequest"/>
    <property name="Accept" scope="transport" type="STRING" value="application/xml"/>
    <sequence key="SendRequestToIS"/>
</sequence>
