<?xml version="1.0" encoding="UTF-8"?>
<api context="/identityandaccessmanagement_01" name="IdentityAndAccessManagement" xmlns="http://ws.apache.org/ns/synapse">
    <resource faultSequence="ProvisionUserFaultSequence" methods="POST" protocol="http" url-mapping="/users">
        <inSequence>
            <sequence key="ProvisionUserInSequence"/>
        </inSequence>
        <outSequence>
            <sequence key="ProvisionUserOutSequence"/>
        </outSequence>
    </resource>
    <resource faultSequence="RemoveUserFaultSequence" methods="DELETE" protocol="http" uri-template="/users?UserName={Username}&amp;CorrelationId={CorrelationId}&amp;ClientContextUserName={ContextUsername}">
        <inSequence>
            <sequence key="RemoveUserInSequence"/>
        </inSequence>
        <outSequence>
            <sequence key="RemoveUserOutSequence"/>
        </outSequence>
    </resource>
    <resource faultSequence="RemoveApplicationGroupFaultSequence" methods="DELETE" protocol="http" uri-template="/applicationgroups?ApplicationGroupId={ApplicationGroupId}&amp;CorrelationId={CorrelationId}&amp;ClientContextUserName={ContextUsername}">
        <inSequence>
            <sequence key="RemoveApplicationGroupInSequence"/>
        </inSequence>
        <outSequence>
            <sequence key="RemoveApplicationGroupOutSequence"/>
        </outSequence>
    </resource>
    <resource faultSequence="UpdateUserFaultSequence" methods="PUT" protocol="http" url-mapping="/users">
        <inSequence>
            <sequence key="UpdateUserInSequence"/>
        </inSequence>
        <outSequence>
            <sequence key="UpdateUserOutSequence"/>
        </outSequence>
    </resource>
    <resource faultSequence="ProvisionClientFaultSequence" methods="POST" protocol="http" url-mapping="/clients">
        <inSequence>
            <sequence key="ProvisionClientInSequence"/>
        </inSequence>
        <outSequence>
            <sequence key="ProvisionClientOutSequence"/>
        </outSequence>
    </resource>
    <resource faultSequence="ProvisionApplicationGroupFaultSequence" methods="POST" protocol="http" url-mapping="/applicationgroups">
        <inSequence>
            <sequence key="ProvisionApplicationGroupInSequence"/>
        </inSequence>
        <outSequence>
            <sequence key="ProvisionApplicationGroupOutSequence"/>
        </outSequence>
    </resource>
    <resource faultSequence="AssignUserToApplicationGroupFaultSequence" methods="PUT" protocol="http" url-mapping="/applicationgroups/assign">
        <inSequence>
            <sequence key="AssignUserToApplicationGroupInSequence"/>
        </inSequence>
        <outSequence>
            <sequence key="AssignUserToApplicationGroupOutSequence"/>
        </outSequence>
    </resource>
    <resource faultSequence="RemoveUserFromApplicationGroupFaultSequence" methods="PUT" protocol="http" url-mapping="/applicationgroups/remove">
        <inSequence>
            <sequence key="RemoveUserFromApplicationGroupInSequence"/>
        </inSequence>
        <outSequence>
            <sequence key="RemoveUserFromApplicationGroupOutSequence"/>
        </outSequence>
    </resource>
    <resource faultSequence="AuthenticateFaultSequence" methods="POST" protocol="http" url-mapping="/users/authenticate">
        <inSequence>
            <sequence key="AuthenticateInSequence"/>
        </inSequence>
        <outSequence>
            <sequence key="AuthenticateOutSequence"/>
        </outSequence>
    </resource>
    <resource faultSequence="ChangePasswordFaultSequence" methods="PUT" protocol="http" url-mapping="/users/changepassword">
        <inSequence>
            <sequence key="ChangePasswordInSequence"/>
        </inSequence>
        <outSequence>
            <sequence key="ChangePasswordOutSequence"/>
        </outSequence>
    </resource>
    <resource faultSequence="ResetPasswordFaultSequence" methods="PUT" protocol="http" url-mapping="/users/resetpassword">
        <inSequence>
            <sequence key="ResetPasswordInSequence"/>
        </inSequence>
        <outSequence>
            <sequence key="ResetPasswordOutSequence"/>
        </outSequence>
    </resource>
    <resource faultSequence="RegisterDeviceFaultSequence" methods="POST" protocol="http" url-mapping="/users/registerdevice">
        <inSequence>
            <sequence key="RegisterDeviceInSequence"/>
        </inSequence>
        <outSequence>
            <sequence key="RegisterDeviceOutSequence"/>
        </outSequence>
    </resource>
    <resource faultSequence="VerifyUserNameFaultSequence" methods="POST" protocol="http" url-mapping="/users/verifyusername">
        <inSequence>
            <sequence key="VerifyUserNameInSequence"/>
        </inSequence>
        <outSequence>
            <sequence key="VerifyUserNameOutSequence"/>
        </outSequence>
    </resource>
    <resource faultSequence="UpdatePasswordFaultSequence" methods="POST" protocol="http" url-mapping="/users/updatepassword">
        <inSequence>
            <sequence key="UpdatePasswordInSequence"/>
        </inSequence>
        <outSequence>
            <sequence key="UpdatePasswordOutSequence"/>
        </outSequence>
    </resource>
</api>
