<?xml version="1.0" encoding="UTF-8"?><artifacts>
    <artifact name="TransformContractsCSVRecordIntoXML" groupId="nl.ggmd.wso2.contracts.fileadapter.sequence" version="1.0.0" type="synapse/sequence" serverRole="EnterpriseServiceBus">
        <file>src/main/synapse-config/sequences/TransformContractsCSVRecordIntoXML.xml</file>
    </artifact>
    <artifact name="ConvertContractPlainXMLToCDMXML" groupId="nl.ggmd.wso2.contracts.fileadapter.sequence" version="1.0.0" type="synapse/sequence" serverRole="EnterpriseServiceBus">
        <file>src/main/synapse-config/sequences/ConvertContractPlainXMLToCDMXML.xml</file>
    </artifact>
    <artifact name="SendContractsMessageToDataService" groupId="nl.ggmd.wso2.contracts.fileadapter.sequence" version="1.0.0" type="synapse/sequence" serverRole="EnterpriseServiceBus">
        <file>src/main/synapse-config/sequences/SendContractsMessageToDataService.xml</file>
    </artifact>
    <artifact name="ContractsFileProcessingFaultSequence" groupId="nl.ggmd.wso2.contracts.fileadapter.sequence" version="1.0.0" type="synapse/sequence" serverRole="EnterpriseServiceBus">
        <file>src/main/synapse-config/sequences/ContractsFileProcessingFaultSequence.xml</file>
    </artifact>
    <artifact name="FilterContractsXMLMessage" groupId="nl.ggmd.wso2.contracts.fileadapter.sequence" version="1.0.0" type="synapse/sequence" serverRole="EnterpriseServiceBus">
        <file>src/main/synapse-config/sequences/FilterContractsXMLMessage.xml</file>
    </artifact>
    <artifact name="DiscardContractsMessage" groupId="nl.ggmd.wso2.contracts.fileadapter.sequence" version="1.0.0" type="synapse/sequence" serverRole="EnterpriseServiceBus">
        <file>src/main/synapse-config/sequences/DiscardContractsMessage.xml</file>
    </artifact>
    <artifact name="ContractsFileProcessor" groupId="nl.ggmd.wso2.contracts.fileadapter.inbound-endpoint" version="1.0.0" type="synapse/inbound-endpoint" serverRole="EnterpriseServiceBus">
        <file>src/main/synapse-config/inbound-endpoints/ContractsFileProcessor.xml</file>
    </artifact>
    <artifact name="ContractsFileReader" groupId="nl.ggmd.wso2.contracts.fileadapter.proxy-service" version="1.0.0" type="synapse/proxy-service" serverRole="EnterpriseServiceBus">
        <file>src/main/synapse-config/proxy-services/ContractsFileReader.xml</file>
    </artifact>
    <artifact name="ContractFileProcessor" groupId="nl.ggmd.wso2.contracts.fileadapter.proxy-service" version="1.0.0" type="synapse/proxy-service" serverRole="EnterpriseServiceBus">
        <file>src/main/synapse-config/proxy-services/ContractFileProcessor.xml</file>
    </artifact>
    <artifact name="ContractFileProcessorScheduler" groupId="nl.ggmd.wso2.contracts.fileadapter.task" version="1.0.0" type="synapse/task" serverRole="EnterpriseServiceBus">
        <file>src/main/synapse-config/tasks/ContractFileProcessorScheduler.xml</file>
    </artifact>
    <artifact name="CheckContractCountandTriggerDeliveriesComponent" groupId="nl.ggmd.wso2.contracts.fileadapter.sequence" version="1.0.0" type="synapse/sequence" serverRole="EnterpriseServiceBus">
        <file>src/main/synapse-config/sequences/CheckContractCountandTriggerDeliveriesComponent.xml</file>
    </artifact>
    <artifact name="DiscardContractMessage" groupId="nl.ggmd.wso2.contracts.fileadapter.proxy-service" version="1.0.0" type="synapse/proxy-service" serverRole="EnterpriseServiceBus">
        <file>src/main/synapse-config/proxy-services/DiscardContractMessage.xml</file>
    </artifact>
</artifacts>
