<?xml version="1.0" encoding="UTF-8"?><artifacts>
    <artifact name="ConvertKPIContractXMLToCDMXml" groupId="nl.ggmd.wso2.kpi.contracts.fileadapter.resource" version="1.0.0" type="registry/resource" serverRole="GovernanceRegistry">
        <item>
            <file>ConvertKPIContractXMLToCDMXml.xslt</file>
            <path>/_system/governance/nl/ggmd/service/contracts/v1/xslt</path>
            <mediaType>application/xslt+xml</mediaType>
        </item>
    </artifact>
    <artifact name="DiscardedKPIContractDataServiceEndpoint" groupId="nl.ggmd.wso2.kpi.contracts.fileadapter.resource" version="1.0.0" type="registry/resource" serverRole="GovernanceRegistry">
        <item>
            <file>DiscardedKPIContractDataServiceEndpoint.xml</file>
            <path>/_system/governance/nl/ggmd/service/contracts/v1/endpoints</path>
            <mediaType>application/vnd.wso2.esb.endpoint</mediaType>
        </item>
    </artifact>
    <artifact name="KPIContractsDataServiceEndpoint" groupId="nl.ggmd.wso2.kpi.contracts.fileadapter.resource" version="1.0.0" type="registry/resource" serverRole="GovernanceRegistry">
        <item>
            <file>KPIContractsDataServiceEndpoint.xml</file>
            <path>/_system/governance/nl/ggmd/service/contracts/v1/endpoints</path>
            <mediaType>application/vnd.wso2.esb.endpoint</mediaType>
        </item>
    </artifact>
    <artifact name="KPIContractsErrorQueueEndpoint" groupId="nl.ggmd.wso2.kpi.contracts.fileadapter.resource" version="1.0.0" type="registry/resource" serverRole="GovernanceRegistry">
        <item>
            <file>KPIContractsErrorQueueEndpoint.xml</file>
            <path>/_system/governance/nl/ggmd/service/contracts/v1/endpoints</path>
            <mediaType>application/vnd.wso2.template.endpoint</mediaType>
        </item>
    </artifact>
    <artifact name="smooks-KPIContractsConfiguration" groupId="nl.ggmd.wso2.kpi.contracts.fileadapter.resource" version="1.0.0" type="registry/resource" serverRole="GovernanceRegistry">
        <item>
            <file>smooks-KPIContractsConfiguration.xml</file>
            <path>/_system/governance/nl/ggmd/service/contracts/v1/smooks</path>
            <mediaType>application/vnd+wso2.smooks</mediaType>
        </item>
    </artifact>
    <artifact name="smooks-KPIDiscardedContractConfiguration" groupId="nl.ggmd.wso2.kpi.contracts.fileadapter.resource" version="1.0.0" type="registry/resource" serverRole="GovernanceRegistry">
        <item>
            <file>smooks-KPIDiscardedContractConfiguration.xml</file>
            <path>/_system/governance/nl/ggmd/service/contracts/v1/smooks</path>
            <mediaType>application/vnd+wso2.smooks</mediaType>
        </item>
    </artifact>
    <artifact name="SavaDiscardedKPIContractToCSVDataServiceEndpoint" groupId="nl.ggmd.wso2.kpi.contracts.fileadapter.resource" version="1.0.0" type="registry/resource" serverRole="GovernanceRegistry">
        <item>
            <file>SavaDiscardedKPIContractToCSVDataServiceEndpoint.xml</file>
            <path>/_system/governance/nl/ggmd/service/contracts/v1/endpoints</path>
            <mediaType>application/vnd.wso2.esb.endpoint</mediaType>
        </item>
    </artifact>
    <artifact name="ContractDeliveryPeriod_xml" groupId="nl.ggmd.wso2.kpi.contracts.fileadapter.resource" version="1.0.0" type="registry/resource" serverRole="GovernanceRegistry">
        <item>
            <file>ContractDeliveryPeriod.xml</file>
            <path>/_system/governance/nl/ggmd/service/contracts/v1/configurationfiles</path>
            <mediaType>application/xml</mediaType>
        </item>
    </artifact>
    <artifact name="StuksCustomerCity_xml" groupId="nl.ggmd.wso2.kpi.contracts.fileadapter.resource" version="1.0.0" type="registry/resource" serverRole="GovernanceRegistry">
        <item>
            <file>StuksCustomerCity.xml</file>
            <path>/_system/governance/nl/ggmd/service/contracts/v1/configurationfiles</path>
            <mediaType>application/xml</mediaType>
        </item>
    </artifact>
    <artifact name="VolumePerDeliveryPeriod_xml" groupId="nl.ggmd.wso2.kpi.contracts.fileadapter.resource" version="1.0.0" type="registry/resource" serverRole="GovernanceRegistry">
        <item>
            <file>VolumePerDeliveryPeriod.xml</file>
            <path>/_system/governance/nl/ggmd/service/contracts/v1/configurationfiles</path>
            <mediaType>application/xml</mediaType>
        </item>
    </artifact>
    <artifact name="VolumePerDeliveryPeriodForEuro_xml" groupId="nl.ggmd.wso2.kpi.contracts.fileadapter.resource" version="1.0.0" type="registry/resource" serverRole="GovernanceRegistry">
        <item>
            <file>VolumePerDeliveryPeriodForEuro.xml</file>
            <path>/_system/governance/nl/ggmd/service/contracts/v1/configurationfiles</path>
            <mediaType>application/xml</mediaType>
        </item>
    </artifact>
    <artifact name="VolumePerDeliveryPeriodUnitOfProduct_xml" groupId="nl.ggmd.wso2.kpi.contracts.fileadapter.resource" version="1.0.0" type="registry/resource" serverRole="GovernanceRegistry">
        <item>
            <file>VolumePerDeliveryPeriodUnitOfProduct.xml</file>
            <path>/_system/governance/nl/ggmd/service/contracts/v1/configurationfiles</path>
            <mediaType>application/xml</mediaType>
        </item>
    </artifact>
    <artifact name="VolumePerCity_xml" groupId="nl.ggmd.wso2.kpi.contracts.fileadapter.resource" version="1.0.0" type="registry/resource" serverRole="GovernanceRegistry">
        <item>
            <file>VolumePerCity.xml</file>
            <path>/_system/governance/nl/ggmd/service/contracts/v1/configurationfiles</path>
            <mediaType>application/xml</mediaType>
        </item>
    </artifact>
    <artifact name="smooks-JWTContractsConfiguration" groupId="nl.ggmd.wso2.kpi.contracts.fileadapter.resource" version="1.0.0" type="registry/resource" serverRole="EnterpriseIntegrator">
        <item>
            <file>smooks-JWTContractsConfiguration.xml</file>
            <path>/_system/governance/nl/ggmd/service/contracts/v1/smooks</path>
            <mediaType>application/vnd+wso2.smooks</mediaType>
        </item>
    </artifact>
</artifacts>
