<?xml version="1.0" encoding="UTF-8"?>
<ContractDeliveryPeriods>
      <ContractDeliveryPeriod>
         <OriginalFrequency>Per week</OriginalFrequency>
         <DeliveryPeriod>Per Week</DeliveryPeriod>
      </ContractDeliveryPeriod>
      <ContractDeliveryPeriod>
         <OriginalFrequency>Per vier weken</OriginalFrequency>
         <DeliveryPeriod>Per 4 Weeks</DeliveryPeriod>
      </ContractDeliveryPeriod>
      <ContractDeliveryPeriod>
         <OriginalFrequency>Per maand</OriginalFrequency>
         <DeliveryPeriod>Per Month</DeliveryPeriod>
      </ContractDeliveryPeriod>
      <ContractDeliveryPeriod>
         <OriginalFrequency>Per jaar</OriginalFrequency>
         <DeliveryPeriod>Per Year</DeliveryPeriod>
      </ContractDeliveryPeriod>
      <ContractDeliveryPeriod>
         <OriginalFrequency>Totaal binnen geldigheidsduur beschikking</OriginalFrequency>
         <DeliveryPeriod>Total Duration of Contract</DeliveryPeriod>
      </ContractDeliveryPeriod>
      <ContractDeliveryPeriod>
         <OriginalFrequency>Per Dag</OriginalFrequency>
         <DeliveryPeriod>Per Day</DeliveryPeriod>
      </ContractDeliveryPeriod>
</ContractDeliveryPeriods>