<?xml version="1.0" encoding="UTF-8"?>
<VolumesPerDeliveryPeriod>
      <VolumePerDeliveryPeriod>
         <ProductCode>10106</ProductCode>
         <MultiplyVolumeBy>0.0053097345</MultiplyVolumeBy>
      </VolumePerDeliveryPeriod>
      <VolumePerDeliveryPeriod>
         <ProductCode>02L05</ProductCode>
         <MultiplyVolumeBy>0.530973451</MultiplyVolumeBy>
      </VolumePerDeliveryPeriod>
      <VolumePerDeliveryPeriod>
         <ProductCode>02L04</ProductCode>
		 <MultiplyVolumeBy>0.0053097345</MultiplyVolumeBy>
      </VolumePerDeliveryPeriod>
	  <VolumePerDeliveryPeriod>
         <ProductCode>10108</ProductCode>
		 <MultiplyVolumeBy>0.530973451</MultiplyVolumeBy>
      </VolumePerDeliveryPeriod>
</VolumesPerDeliveryPeriod>