<?xml version="1.0" encoding="UTF-8"?>
<VolumesPerDeliveryPeriod>
      <VolumePerDeliveryPeriod>
         <UnitOfProduct>Dagdeel(4 uur)</UnitOfProduct>
         <MultiplyVolumeBy>240</MultiplyVolumeBy>
         <DeliveryPeriod></DeliveryPeriod>
      </VolumePerDeliveryPeriod>
      <VolumePerDeliveryPeriod>
         <UnitOfProduct>Etmaal</UnitOfProduct>
         <MultiplyVolumeBy>480</MultiplyVolumeBy>
         <DeliveryPeriod></DeliveryPeriod>
      </VolumePerDeliveryPeriod>
      <VolumePerDeliveryPeriod>
         <UnitOfProduct>Minuut</UnitOfProduct>
         <MultiplyVolumeBy>1</MultiplyVolumeBy>
         <DeliveryPeriod></DeliveryPeriod>
      </VolumePerDeliveryPeriod>
      <VolumePerDeliveryPeriod>
         <UnitOfProduct>Uur</UnitOfProduct>
         <MultiplyVolumeBy>60</MultiplyVolumeBy>
         <DeliveryPeriod></DeliveryPeriod>
      </VolumePerDeliveryPeriod>
      <VolumePerDeliveryPeriod>
         <UnitOfProduct>Stuks</UnitOfProduct>
         <MultiplyVolumeBy>260</MultiplyVolumeBy>
         <DeliveryPeriod>Per 4 Weeks</DeliveryPeriod>
      </VolumePerDeliveryPeriod>
      <VolumePerDeliveryPeriod>
         <UnitOfProduct>Stuks</UnitOfProduct>
         <MultiplyVolumeBy>77</MultiplyVolumeBy>
         <DeliveryPeriod>Per Week</DeliveryPeriod>
      </VolumePerDeliveryPeriod>
</VolumesPerDeliveryPeriod>