<?xml version="1.0" encoding="UTF-8"?>
<VolumesPerCity>
	<VolumePerCity>
		<CustomerCity>Amsterdam</CustomerCity>
		<MultiplyVolumeBy>300</MultiplyVolumeBy>
	</VolumePerCity>
	<VolumePerCity>
		<CustomerCity>Amsterdam Zuidoost</CustomerCity>
		<MultiplyVolumeBy>300</MultiplyVolumeBy>
	</VolumePerCity>
	<VolumePerCity>
		<CustomerCity>Best</CustomerCity>
		<MultiplyVolumeBy>692</MultiplyVolumeBy>
	</VolumePerCity>
	<VolumePerCity>
		<CustomerCity>Boxmeer</CustomerCity>
		<MultiplyVolumeBy>692</MultiplyVolumeBy>
	</VolumePerCity>
	<VolumePerCity>
		<CustomerCity>Boxtel</CustomerCity>
		<MultiplyVolumeBy>692</MultiplyVolumeBy>
	</VolumePerCity>
	<VolumePerCity>
		<CustomerCity>Dedemsvaart</CustomerCity>
		<MultiplyVolumeBy>692</MultiplyVolumeBy>
	</VolumePerCity>
	<VolumePerCity>
		<CustomerCity>Den Bosch</CustomerCity>
		<MultiplyVolumeBy>692</MultiplyVolumeBy>
	</VolumePerCity>
	<VolumePerCity>
		<CustomerCity>Den Dungen</CustomerCity>
		<MultiplyVolumeBy>692</MultiplyVolumeBy>
	</VolumePerCity>
	<VolumePerCity>
		<CustomerCity>Hoevelaken</CustomerCity>
		<MultiplyVolumeBy>300</MultiplyVolumeBy>
	</VolumePerCity>
	<VolumePerCity>
		<CustomerCity>Hoofddorp</CustomerCity>
		<MultiplyVolumeBy>300</MultiplyVolumeBy>
	</VolumePerCity>
	<VolumePerCity>
		<CustomerCity>Hoofddorp</CustomerCity>
		<MultiplyVolumeBy>692</MultiplyVolumeBy>
	</VolumePerCity>
	<VolumePerCity>
		<CustomerCity>Katwijk</CustomerCity>
		<MultiplyVolumeBy>692</MultiplyVolumeBy>
	</VolumePerCity>
	<VolumePerCity>
		<CustomerCity>Nieuw Vennep</CustomerCity>
		<MultiplyVolumeBy>692</MultiplyVolumeBy>
	</VolumePerCity>
	<VolumePerCity>
		<CustomerCity>NIEUW-VENNEP</CustomerCity>
		<MultiplyVolumeBy>692</MultiplyVolumeBy>
	</VolumePerCity>
	<VolumePerCity>
		<CustomerCity>Noordwijk</CustomerCity>
		<MultiplyVolumeBy>692</MultiplyVolumeBy>
	</VolumePerCity>
	<VolumePerCity>
		<CustomerCity>OOSTERHOUT NB</CustomerCity>
		<MultiplyVolumeBy>692</MultiplyVolumeBy>
	</VolumePerCity>
	<VolumePerCity>
		<CustomerCity>Oudenbosch</CustomerCity>
		<MultiplyVolumeBy>692</MultiplyVolumeBy>
	</VolumePerCity>
	<VolumePerCity>
		<CustomerCity>OUDENBOSCH</CustomerCity>
		<MultiplyVolumeBy>692</MultiplyVolumeBy>
	</VolumePerCity>
	<VolumePerCity>
		<CustomerCity>Rosmalen</CustomerCity>
		<MultiplyVolumeBy>692</MultiplyVolumeBy>
	</VolumePerCity>
	<VolumePerCity>
		<CustomerCity>Schijndel</CustomerCity>
		<MultiplyVolumeBy>692</MultiplyVolumeBy>
	</VolumePerCity>
	<VolumePerCity>
		<CustomerCity>'s Hertogenbosch</CustomerCity>
		<MultiplyVolumeBy>692</MultiplyVolumeBy>
	</VolumePerCity>
	<VolumePerCity>
		<CustomerCity>'S-HERTOGENBOSCH</CustomerCity>
		<MultiplyVolumeBy>692</MultiplyVolumeBy>
	</VolumePerCity>
	<VolumePerCity>
		<CustomerCity>'s-Hertogenbosch</CustomerCity>
		<MultiplyVolumeBy>692</MultiplyVolumeBy>
	</VolumePerCity>
	<VolumePerCity>
		<CustomerCity>Sint Michielsgestel</CustomerCity>
		<MultiplyVolumeBy>692</MultiplyVolumeBy>
	</VolumePerCity>
	<VolumePerCity>
		<CustomerCity>SINT-MICHIELSGESTEL</CustomerCity>
		<MultiplyVolumeBy>692</MultiplyVolumeBy>
	</VolumePerCity>
	<VolumePerCity>
		<CustomerCity>Steenbergen</CustomerCity>
		<MultiplyVolumeBy>692</MultiplyVolumeBy>
	</VolumePerCity>
	<VolumePerCity>
		<CustomerCity>Utrecht</CustomerCity>
		<MultiplyVolumeBy>692</MultiplyVolumeBy>
	</VolumePerCity>
	<VolumePerCity>
		<CustomerCity>Veghel</CustomerCity>
		<MultiplyVolumeBy>692</MultiplyVolumeBy>
	</VolumePerCity>
	<VolumePerCity>
		<CustomerCity>Voerendaal</CustomerCity>
		<MultiplyVolumeBy>692</MultiplyVolumeBy>
	</VolumePerCity>
	<VolumePerCity>
		<CustomerCity>Vught</CustomerCity>
		<MultiplyVolumeBy>692</MultiplyVolumeBy>
	</VolumePerCity>
	<VolumePerCity>
		<CustomerCity>VUGHT</CustomerCity>
		<MultiplyVolumeBy>692</MultiplyVolumeBy>
	</VolumePerCity>
	<VolumePerCity>
		<CustomerCity>Zaandijk</CustomerCity>
		<MultiplyVolumeBy>692</MultiplyVolumeBy>
	</VolumePerCity>
	<VolumePerCity>
		<CustomerCity>Zeeland</CustomerCity>
		<MultiplyVolumeBy>692</MultiplyVolumeBy>
	</VolumePerCity>
	<VolumePerCity>
		<CustomerCity>Zwijndrecht</CustomerCity>
		<MultiplyVolumeBy>692</MultiplyVolumeBy>
	</VolumePerCity>
</VolumesPerCity>
