<?xml version="1.0" encoding="UTF-8"?>
<VolumesPerDeliveryPeriod>
      <VolumePerDeliveryPeriod>
         <UnitOfProduct2015>Minuten per week</UnitOfProduct2015>
         <MultiplyVolumeBy>1</MultiplyVolumeBy>
		 <DeliveryPeriod>Per Week</DeliveryPeriod>
      </VolumePerDeliveryPeriod>
      <VolumePerDeliveryPeriod>
         <UnitOfProduct2015>Uren per week</UnitOfProduct2015>
         <MultiplyVolumeBy>60</MultiplyVolumeBy>
		 <DeliveryPeriod>Per Week</DeliveryPeriod>
      </VolumePerDeliveryPeriod>
      <VolumePerDeliveryPeriod>
         <UnitOfProduct2015>Dagen per week</UnitOfProduct2015>
		 <MultiplyVolumeBy>480</MultiplyVolumeBy>
         <DeliveryPeriod>Per Week</DeliveryPeriod>
      </VolumePerDeliveryPeriod>
      <VolumePerDeliveryPeriod>
         <UnitOfProduct2015>Stuks/Aantal</UnitOfProduct2015>
		 <MultiplyVolumeBy>240</MultiplyVolumeBy>
         <DeliveryPeriod>Per 4 Weeks</DeliveryPeriod>
      </VolumePerDeliveryPeriod>
</VolumesPerDeliveryPeriod>