<?xml version="1.0" encoding="UTF-8"?><artifacts>
    <artifact name="IdentityManagementErrorQueueEndpoint" groupId="nl.weintegrate.wealert.api.identitymanagement.wso2.resource" version="1.0.0" type="registry/resource" serverRole="EnterpriseServiceBus">
        <item>
            <file>IdentityManagementErrorQueueEndpoint.xml</file>
            <path>/_system/governance/nl/weintegrate/wealert/service/identitymanagement/v1/endpoint</path>
            <mediaType>application/vnd.wso2.esb.endpoint</mediaType>
        </item>
    </artifact>
    <artifact name="AuthenticateIdentityManagementISEndpoint" groupId="nl.weintegrate.wealert.api.identitymanagement.wso2.resource" version="1.0.0" type="registry/resource" serverRole="EnterpriseServiceBus">
        <item>
            <file>AuthenticateIdentityManagementISEndpoint.xml</file>
            <path>/_system/governance/nl/weintegrate/wealert/service/identitymanagement/v1/endpoint</path>
            <mediaType>application/vnd.wso2.esb.endpoint</mediaType>
        </item>
    </artifact>
    <artifact name="GetClientAdminListISEndpoint" groupId="nl.weintegrate.wealert.api.identitymanagement.wso2.resource" version="1.0.0" type="registry/resource" serverRole="EnterpriseServiceBus">
        <item>
            <file>GetClientAdminListISEndpoint.xml</file>
            <path>/_system/governance/nl/weintegrate/wealert/service/identitymanagement/v1/endpoint</path>
            <mediaType>application/vnd.wso2.esb.endpoint</mediaType>
        </item>
    </artifact>
    <artifact name="AuthenticateIdentityManagementCDMRequestToISRequest" groupId="nl.weintegrate.wealert.api.identitymanagement.wso2.resource" version="1.0.0" type="registry/resource" serverRole="EnterpriseServiceBus">
        <item>
            <file>AuthenticateIdentityManagementCDMRequestToISRequest.xslt</file>
            <path>/_system/governance/nl/weintegrate/wealert/service/identitymanagement/v1/xslt</path>
            <mediaType>application/xslt+xml</mediaType>
        </item>
    </artifact>
    <artifact name="GetClientAdminListISResponseToCDMResponse" groupId="nl.weintegrate.wealert.api.identitymanagement.wso2.resource" version="1.0.0" type="registry/resource" serverRole="EnterpriseServiceBus">
        <item>
            <file>GetClientAdminListISResponseToCDMResponse.xslt</file>
            <path>/_system/governance/nl/weintegrate/wealert/service/identitymanagement/v1/xslt</path>
            <mediaType>application/xslt+xml</mediaType>
        </item>
    </artifact>
    <artifact name="AuthenticateIdentityManagementISResponseToCDMResponse" groupId="nl.weintegrate.wealert.api.identitymanagement.wso2.resource" version="1.0.0" type="registry/resource" serverRole="EnterpriseServiceBus">
        <item>
            <file>AuthenticateIdentityManagementISResponseToCDMResponse.xslt</file>
            <path>/_system/governance/nl/weintegrate/wealert/service/identitymanagement/v1/xslt</path>
            <mediaType>application/xslt+xml</mediaType>
        </item>
    </artifact>
    <artifact name="AssignRoleIdentityManagementISEndpoint" groupId="nl.weintegrate.wealert.api.identitymanagement.wso2.resource" version="1.0.0" type="registry/resource" serverRole="EnterpriseServiceBus">
        <item>
            <file>AssignRoleIdentityManagementISEndpoint.xml</file>
            <path>/_system/governance/nl/weintegrate/wealert/service/identitymanagement/v1/endpoint</path>
            <mediaType>application/vnd.wso2.esb.endpoint</mediaType>
        </item>
    </artifact>
    <artifact name="AssignRoleIdentityManagementCDMRequestToISRequest" groupId="nl.weintegrate.wealert.api.identitymanagement.wso2.resource" version="1.0.0" type="registry/resource" serverRole="EnterpriseServiceBus">
        <item>
            <file>AssignRoleIdentityManagementCDMRequestToISRequest.xslt</file>
            <path>/_system/governance/nl/weintegrate/wealert/service/identitymanagement/v1/xslt</path>
            <mediaType>application/xslt+xml</mediaType>
        </item>
    </artifact>
    <artifact name="AssignRoleIdentityManagementISResponseToCDMResponse" groupId="nl.weintegrate.wealert.api.identitymanagement.wso2.resource" version="1.0.0" type="registry/resource" serverRole="EnterpriseServiceBus">
        <item>
            <file>AssignRoleIdentityManagementISResponseToCDMResponse.xslt</file>
            <path>/_system/governance/nl/weintegrate/wealert/service/identitymanagement/v1/xslt</path>
            <mediaType>application/xslt+xml</mediaType>
        </item>
    </artifact>
    <artifact name="AddRolePermissionIdentityManagementISEndpoint" groupId="nl.weintegrate.wealert.api.identitymanagement.wso2.resource" version="1.0.0" type="registry/resource" serverRole="EnterpriseServiceBus">
        <item>
            <file>AddRolePermissionIdentityManagementISEndpoint.xml</file>
            <path>/_system/governance/nl/weintegrate/wealert/service/identitymanagement/v1/endpoint</path>
            <mediaType>application/vnd.wso2.esb.endpoint</mediaType>
        </item>
    </artifact>
    <artifact name="AddRolePermissionIdentityManagementCDMRequestToISRequest" groupId="nl.weintegrate.wealert.api.identitymanagement.wso2.resource" version="1.0.0" type="registry/resource" serverRole="EnterpriseServiceBus">
        <item>
            <file>AddRolePermissionIdentityManagementCDMRequestToISRequest.xslt</file>
            <path>/_system/governance/nl/weintegrate/wealert/service/identitymanagement/v1/xslt</path>
            <mediaType>application/xslt+xml</mediaType>
        </item>
    </artifact>
    <artifact name="AddRolePermissionIdentityManagementISResponseToCDMResponse" groupId="nl.weintegrate.wealert.api.identitymanagement.wso2.resource" version="1.0.0" type="registry/resource" serverRole="EnterpriseServiceBus">
        <item>
            <file>AddRolePermissionIdentityManagementISResponseToCDMResponse.xslt</file>
            <path>/_system/governance/nl/weintegrate/wealert/service/identitymanagement/v1/xslt</path>
            <mediaType>application/xslt+xml</mediaType>
        </item>
    </artifact>
    <artifact name="CreateUserIdentityManagementISEndpoint" groupId="nl.weintegrate.wealert.api.identitymanagement.wso2.resource" version="1.0.0" type="registry/resource" serverRole="EnterpriseServiceBus">
        <item>
            <file>CreateUserIdentityManagementISEndpoint.xml</file>
            <path>/_system/governance/nl/weintegrate/wealert/service/identitymanagement/v1/endpoint</path>
            <mediaType>application/vnd.wso2.esb.endpoint</mediaType>
        </item>
    </artifact>
    <artifact name="CreateClientAdminISEndpoint" groupId="nl.weintegrate.wealert.api.identitymanagement.wso2.resource" version="1.0.0" type="registry/resource" serverRole="EnterpriseServiceBus">
        <item>
            <file>CreateClientAdminISEndpoint.xml</file>
            <path>/_system/governance/nl/weintegrate/wealert/service/identitymanagement/v1/endpoint</path>
            <mediaType>application/vnd.wso2.esb.endpoint</mediaType>
        </item>
    </artifact>
    <artifact name="CreateUserIdentityManagementCDMRequestToISRequest" groupId="nl.weintegrate.wealert.api.identitymanagement.wso2.resource" version="1.0.0" type="registry/resource" serverRole="EnterpriseServiceBus">
        <item>
            <file>CreateUserIdentityManagementCDMRequestToISRequest.xslt</file>
            <path>/_system/governance/nl/weintegrate/wealert/service/identitymanagement/v1/xslt</path>
            <mediaType>application/xslt+xml</mediaType>
        </item>
    </artifact>
    <artifact name="CreateClientAdminRequestToISRequest" groupId="nl.weintegrate.wealert.api.identitymanagement.wso2.resource" version="1.0.0" type="registry/resource" serverRole="EnterpriseServiceBus">
        <item>
            <file>CreateClientAdminRequestToISRequest.xslt</file>
            <path>/_system/governance/nl/weintegrate/wealert/service/identitymanagement/v1/xslt</path>
            <mediaType>application/xslt+xml</mediaType>
        </item>
    </artifact>
    <artifact name="CreateUserIdentityManagementISResponseToCDMResponse" groupId="nl.weintegrate.wealert.api.identitymanagement.wso2.resource" version="1.0.0" type="registry/resource" serverRole="EnterpriseServiceBus">
        <item>
            <file>CreateUserIdentityManagementISResponseToCDMResponse.xslt</file>
            <path>/_system/governance/nl/weintegrate/wealert/service/identitymanagement/v1/xslt</path>
            <mediaType>application/xslt+xml</mediaType>
        </item>
    </artifact>
    <artifact name="CreateRoleIdentityManagementISEndpoint" groupId="nl.weintegrate.wealert.api.identitymanagement.wso2.resource" version="1.0.0" type="registry/resource" serverRole="EnterpriseServiceBus">
        <item>
            <file>CreateRoleIdentityManagementISEndpoint.xml</file>
            <path>/_system/governance/nl/weintegrate/wealert/service/identitymanagement/v1/endpoint</path>
            <mediaType>application/vnd.wso2.esb.endpoint</mediaType>
        </item>
    </artifact>
    <artifact name="CreateRoleIdentityManagementCDMRequestToISRequest" groupId="nl.weintegrate.wealert.api.identitymanagement.wso2.resource" version="1.0.0" type="registry/resource" serverRole="EnterpriseServiceBus">
        <item>
            <file>CreateRoleIdentityManagementCDMRequestToISRequest.xslt</file>
            <path>/_system/governance/nl/weintegrate/wealert/service/identitymanagement/v1/xslt</path>
            <mediaType>application/xslt+xml</mediaType>
        </item>
    </artifact>
    <artifact name="CreateRoleIdentityManagementISResponseToCDMResponse" groupId="nl.weintegrate.wealert.api.identitymanagement.wso2.resource" version="1.0.0" type="registry/resource" serverRole="EnterpriseServiceBus">
        <item>
            <file>CreateRoleIdentityManagementISResponseToCDMResponse.xslt</file>
            <path>/_system/governance/nl/weintegrate/wealert/service/identitymanagement/v1/xslt</path>
            <mediaType>application/xslt+xml</mediaType>
        </item>
    </artifact>
    <artifact name="GetUserIdentityManagementISEndpoint" groupId="nl.weintegrate.wealert.api.identitymanagement.wso2.resource" version="1.0.0" type="registry/resource" serverRole="EnterpriseServiceBus">
        <item>
            <file>GetUserIdentityManagementISEndpoint.xml</file>
            <path>/_system/governance/nl/weintegrate/wealert/service/identitymanagement/v1/endpoint</path>
            <mediaType>application/vnd.wso2.esb.endpoint</mediaType>
        </item>
    </artifact>
    <artifact name="GetUserIdentityManagementCDMRequestToISRequest" groupId="nl.weintegrate.wealert.api.identitymanagement.wso2.resource" version="1.0.0" type="registry/resource" serverRole="EnterpriseServiceBus">
        <item>
            <file>GetUserIdentityManagementCDMRequestToISRequest.xslt</file>
            <path>/_system/governance/nl/weintegrate/wealert/service/identitymanagement/v1/xslt</path>
            <mediaType>application/xslt+xml</mediaType>
        </item>
    </artifact>
    <artifact name="GetUserIdentityManagementISResponseToCDMResponse" groupId="nl.weintegrate.wealert.api.identitymanagement.wso2.resource" version="1.0.0" type="registry/resource" serverRole="EnterpriseServiceBus">
        <item>
            <file>GetUserIdentityManagementISResponseToCDMResponse.xslt</file>
            <path>/_system/governance/nl/weintegrate/wealert/service/identitymanagement/v1/xslt</path>
            <mediaType>application/xslt+xml</mediaType>
        </item>
    </artifact>
    <artifact name="GetRoleIdentityManagementISEndpoint" groupId="nl.weintegrate.wealert.api.identitymanagement.wso2.resource" version="1.0.0" type="registry/resource" serverRole="EnterpriseServiceBus">
        <item>
            <file>GetRoleIdentityManagementISEndpoint.xml</file>
            <path>/_system/governance/nl/weintegrate/wealert/service/identitymanagement/v1/endpoint</path>
            <mediaType>application/vnd.wso2.esb.endpoint</mediaType>
        </item>
    </artifact>
    <artifact name="GetRoleIdentityManagementCDMRequestToISRequest" groupId="nl.weintegrate.wealert.api.identitymanagement.wso2.resource" version="1.0.0" type="registry/resource" serverRole="EnterpriseServiceBus">
        <item>
            <file>GetRoleIdentityManagementCDMRequestToISRequest.xslt</file>
            <path>/_system/governance/nl/weintegrate/wealert/service/identitymanagement/v1/xslt</path>
            <mediaType>application/xslt+xml</mediaType>
        </item>
    </artifact>
    <artifact name="GetRoleIdentityManagementISResponseToCDMResponse" groupId="nl.weintegrate.wealert.api.identitymanagement.wso2.resource" version="1.0.0" type="registry/resource" serverRole="EnterpriseServiceBus">
        <item>
            <file>GetRoleIdentityManagementISResponseToCDMResponse.xslt</file>
            <path>/_system/governance/nl/weintegrate/wealert/service/identitymanagement/v1/xslt</path>
            <mediaType>application/xslt+xml</mediaType>
        </item>
    </artifact>
    <artifact name="UpdateUserIdentityManagementISEndpoint" groupId="nl.weintegrate.wealert.api.identitymanagement.wso2.resource" version="1.0.0" type="registry/resource" serverRole="EnterpriseServiceBus">
        <item>
            <file>UpdateUserIdentityManagementISEndpoint.xml</file>
            <path>/_system/governance/nl/weintegrate/wealert/service/identitymanagement/v1/endpoint</path>
            <mediaType>application/vnd.wso2.esb.endpoint</mediaType>
        </item>
    </artifact>
    <artifact name="UpdateUserIdentityManagementCDMRequestToISRequest" groupId="nl.weintegrate.wealert.api.identitymanagement.wso2.resource" version="1.0.0" type="registry/resource" serverRole="EnterpriseServiceBus">
        <item>
            <file>UpdateUserIdentityManagementCDMRequestToISRequest.xslt</file>
            <path>/_system/governance/nl/weintegrate/wealert/service/identitymanagement/v1/xslt</path>
            <mediaType>application/xslt+xml</mediaType>
        </item>
    </artifact>
    <artifact name="UpdateUserIdentityManagementISResponseToCDMResponse" groupId="nl.weintegrate.wealert.api.identitymanagement.wso2.resource" version="1.0.0" type="registry/resource" serverRole="EnterpriseServiceBus">
        <item>
            <file>UpdateUserIdentityManagementISResponseToCDMResponse.xslt</file>
            <path>/_system/governance/nl/weintegrate/wealert/service/identitymanagement/v1/xslt</path>
            <mediaType>application/xslt+xml</mediaType>
        </item>
    </artifact>
    <artifact name="UpdateRoleIdentityManagementISEndpoint" groupId="nl.weintegrate.wealert.api.identitymanagement.wso2.resource" version="1.0.0" type="registry/resource" serverRole="EnterpriseServiceBus">
        <item>
            <file>UpdateRoleIdentityManagementISEndpoint.xml</file>
            <path>/_system/governance/nl/weintegrate/wealert/service/identitymanagement/v1/endpoint</path>
            <mediaType>application/vnd.wso2.esb.endpoint</mediaType>
        </item>
    </artifact>
    <artifact name="UpdateRoleIdentityManagementCDMRequestToISRequest" groupId="nl.weintegrate.wealert.api.identitymanagement.wso2.resource" version="1.0.0" type="registry/resource" serverRole="EnterpriseServiceBus">
        <item>
            <file>UpdateRoleIdentityManagementCDMRequestToISRequest.xslt</file>
            <path>/_system/governance/nl/weintegrate/wealert/service/identitymanagement/v1/xslt</path>
            <mediaType>application/xslt+xml</mediaType>
        </item>
    </artifact>
    <artifact name="UpdateRoleIdentityManagementISResponseToCDMResponse" groupId="nl.weintegrate.wealert.api.identitymanagement.wso2.resource" version="1.0.0" type="registry/resource" serverRole="EnterpriseServiceBus">
        <item>
            <file>UpdateRoleIdentityManagementISResponseToCDMResponse.xslt</file>
            <path>/_system/governance/nl/weintegrate/wealert/service/identitymanagement/v1/xslt</path>
            <mediaType>application/xslt+xml</mediaType>
        </item>
    </artifact>
    <artifact name="DeleteUserIdentityManagementISEndpoint" groupId="nl.weintegrate.wealert.api.identitymanagement.wso2.resource" version="1.0.0" type="registry/resource" serverRole="EnterpriseServiceBus">
        <item>
            <file>DeleteUserIdentityManagementISEndpoint.xml</file>
            <path>/_system/governance/nl/weintegrate/wealert/service/identitymanagement/v1/endpoint</path>
            <mediaType>application/vnd.wso2.esb.endpoint</mediaType>
        </item>
    </artifact>
    <artifact name="DeleteUserIdentityManagementCDMRequestToISRequest" groupId="nl.weintegrate.wealert.api.identitymanagement.wso2.resource" version="1.0.0" type="registry/resource" serverRole="EnterpriseServiceBus">
        <item>
            <file>DeleteUserIdentityManagementCDMRequestToISRequest.xslt</file>
            <path>/_system/governance/nl/weintegrate/wealert/service/identitymanagement/v1/xslt</path>
            <mediaType>application/xslt+xml</mediaType>
        </item>
    </artifact>
    <artifact name="DeleteUserIdentityManagementISResponseToCDMResponse" groupId="nl.weintegrate.wealert.api.identitymanagement.wso2.resource" version="1.0.0" type="registry/resource" serverRole="EnterpriseServiceBus">
        <item>
            <file>DeleteUserIdentityManagementISResponseToCDMResponse.xslt</file>
            <path>/_system/governance/nl/weintegrate/wealert/service/identitymanagement/v1/xslt</path>
            <mediaType>application/xslt+xml</mediaType>
        </item>
    </artifact>
    <artifact name="DeleteRoleIdentityManagementISEndpoint" groupId="nl.weintegrate.wealert.api.identitymanagement.wso2.resource" version="1.0.0" type="registry/resource" serverRole="EnterpriseServiceBus">
        <item>
            <file>DeleteRoleIdentityManagementISEndpoint.xml</file>
            <path>/_system/governance/nl/weintegrate/wealert/service/identitymanagement/v1/endpoint</path>
            <mediaType>application/vnd.wso2.esb.endpoint</mediaType>
        </item>
    </artifact>
    <artifact name="DeleteRoleIdentityManagementCDMRequestToISRequest" groupId="nl.weintegrate.wealert.api.identitymanagement.wso2.resource" version="1.0.0" type="registry/resource" serverRole="EnterpriseServiceBus">
        <item>
            <file>DeleteRoleIdentityManagementCDMRequestToISRequest.xslt</file>
            <path>/_system/governance/nl/weintegrate/wealert/service/identitymanagement/v1/xslt</path>
            <mediaType>application/xslt+xml</mediaType>
        </item>
    </artifact>
    <artifact name="DeleteRoleIdentityManagementISResponseToCDMResponse" groupId="nl.weintegrate.wealert.api.identitymanagement.wso2.resource" version="1.0.0" type="registry/resource" serverRole="EnterpriseServiceBus">
        <item>
            <file>DeleteRoleIdentityManagementISResponseToCDMResponse.xslt</file>
            <path>/_system/governance/nl/weintegrate/wealert/service/identitymanagement/v1/xslt</path>
            <mediaType>application/xslt+xml</mediaType>
        </item>
    </artifact>
    <artifact name="GetRoleUserListISEndpoint" groupId="nl.weintegrate.wealert.api.identitymanagement.wso2.resource" version="1.0.0" type="registry/resource" serverRole="GovernanceRegistry">
        <item>
            <file>GetRoleUserListISEndpoint.xml</file>
            <path>/_system/governance/nl/weintegrate/wealert/service/identitymanagement/v1/endpoint</path>
            <mediaType>application/vnd.wso2.esb.endpoint</mediaType>
        </item>
    </artifact>
    <artifact name="GetRoleUserListRequestToISRequest" groupId="nl.weintegrate.wealert.api.identitymanagement.wso2.resource" version="1.0.0" type="registry/resource" serverRole="GovernanceRegistry">
        <item>
            <file>GetRoleUserListRequestToISRequest.xslt</file>
            <path>/_system/governance/nl/weintegrate/wealert/service/identitymanagement/v1/xslt</path>
            <mediaType>application/xslt+xml</mediaType>
        </item>
    </artifact>
    <artifact name="GetRoleUserListISResponseToCDMResponse" groupId="nl.weintegrate.wealert.api.identitymanagement.wso2.resource" version="1.0.0" type="registry/resource" serverRole="GovernanceRegistry">
        <item>
            <file>GetRoleUserListISResponseToCDMResponse.xslt</file>
            <path>/_system/governance/nl/weintegrate/wealert/service/identitymanagement/v1/xslt</path>
            <mediaType>application/xslt+xml</mediaType>
        </item>
    </artifact>
    <artifact name="IdentityManagementAPICreateRoleEndpoint" groupId="nl.weintegrate.wealert.api.identitymanagement.wso2.resource" version="1.0.0" type="registry/resource" serverRole="GovernanceRegistry">
        <item>
            <file>IdentityManagementAPICreateRoleEndpoint.xml</file>
            <path>/_system/governance/nl/weintegrate/wealert/service/identitymanagement/v1/endpoint</path>
            <mediaType>application/vnd.wso2.esb.endpoint</mediaType>
        </item>
    </artifact>
    <artifact name="GetClientAdminUserListISEndpoint" groupId="nl.weintegrate.wealert.api.identitymanagement.wso2.resource" version="1.0.0" type="registry/resource" serverRole="GovernanceRegistry">
        <item>
            <file>GetClientAdminUserListISEndpoint.xml</file>
            <path>/_system/governance/nl/weintegrate/wealert/service/identitymanagement/v1/endpoint</path>
            <mediaType>application/vnd.wso2.esb.endpoint</mediaType>
        </item>
    </artifact>
    <artifact name="GetClientAdminUserListISResponseToCDMResponse" groupId="nl.weintegrate.wealert.api.identitymanagement.wso2.resource" version="1.0.0" type="registry/resource" serverRole="GovernanceRegistry">
        <item>
            <file>GetClientAdminUserListISResponseToCDMResponse.xslt</file>
            <path>/_system/governance/nl/weintegrate/wealert/service/identitymanagement/v1/xslt</path>
            <mediaType>application/xslt+xml</mediaType>
        </item>
    </artifact>
    <artifact name="DeleteClientAdminRequestToISRequest" groupId="nl.weintegrate.wealert.api.identitymanagement.wso2.resource" version="1.0.0" type="registry/resource" serverRole="GovernanceRegistry">
        <item>
            <file>DeleteClientAdminRequestToISRequest.xslt</file>
            <path>/_system/governance/nl/weintegrate/wealert/service/identitymanagement/v1/xslt</path>
            <mediaType>application/xslt+xml</mediaType>
        </item>
    </artifact>
    <artifact name="DeleteClientAdminISEndpoint" groupId="nl.weintegrate.wealert.api.identitymanagement.wso2.resource" version="1.0.0" type="registry/resource" serverRole="GovernanceRegistry">
        <item>
            <file>DeleteClientAdminISEndpoint.xml</file>
            <path>/_system/governance/nl/weintegrate/wealert/service/identitymanagement/v1/endpoint</path>
            <mediaType>application/vnd.wso2.esb.endpoint</mediaType>
        </item>
    </artifact>
    <artifact name="ChangePasswordRequestToISRequest" groupId="nl.weintegrate.wealert.api.identitymanagement.wso2.resource" version="1.0.0" type="registry/resource" serverRole="GovernanceRegistry">
        <item>
            <file>ChangePasswordRequestToISRequest.xslt</file>
            <path>/_system/governance/nl/weintegrate/wealert/service/identitymanagement/v1/xslt</path>
            <mediaType>application/xslt+xml</mediaType>
        </item>
    </artifact>
    <artifact name="ChangePasswordISEndpoint" groupId="nl.weintegrate.wealert.api.identitymanagement.wso2.resource" version="1.0.0" type="registry/resource" serverRole="GovernanceRegistry">
        <item>
            <file>ChangePasswordISEndpoint.xml</file>
            <path>/_system/governance/nl/weintegrate/wealert/service/identitymanagement/v1/endpoint</path>
            <mediaType>application/vnd.wso2.esb.endpoint</mediaType>
        </item>
    </artifact>
</artifacts>
