<?xml version="1.0" encoding="UTF-8"?>
<endpoint name="IdentityManagementErrorQueueEndpoint" xmlns="http://ws.apache.org/ns/synapse">
  <address format="pox" trace="disable" uri="jms:/wealert.IdentityManagement.Error.Queue.01?transport.jms.ConnectionFactoryJNDIName=QueueConnectionFactory&amp;java.naming.factory.initial=org.apache.activemq.jndi.ActiveMQInitialContextFactory&amp;java.naming.provider.url=ACTIVE_MQ_URL&amp;transport.jms.DestinationType=queue">
    <timeout>
      <duration>30000</duration>
      <responseAction>fault</responseAction>
    </timeout>
    <suspendOnFailure>
      <initialDuration>1000</initialDuration>
      <progressionFactor>2.0</progressionFactor>
      <maximumDuration>64000</maximumDuration>
    </suspendOnFailure>
    <markForSuspension>
      <errorCodes>101504,101505,101500,101501,101506,101507,101508</errorCodes>
      <retriesBeforeSuspension>60</retriesBeforeSuspension>
      <retryDelay>300000</retryDelay>
    </markForSuspension>
  </address>
</endpoint>
