<?xml version="1.0" encoding="UTF-8"?>

<mule xmlns:jms="http://www.mulesoft.org/schema/mule/jms" xmlns:db="http://www.mulesoft.org/schema/mule/db"
	xmlns:http="http://www.mulesoft.org/schema/mule/http"
	xmlns="http://www.mulesoft.org/schema/mule/core" xmlns:doc="http://www.mulesoft.org/schema/mule/documentation" xmlns:xsi="http://www.w3.org/2001/XMLSchema-instance" xsi:schemaLocation="http://www.mulesoft.org/schema/mule/core http://www.mulesoft.org/schema/mule/core/current/mule.xsd
http://www.mulesoft.org/schema/mule/http http://www.mulesoft.org/schema/mule/http/current/mule-http.xsd
http://www.mulesoft.org/schema/mule/db http://www.mulesoft.org/schema/mule/db/current/mule-db.xsd
http://www.mulesoft.org/schema/mule/jms http://www.mulesoft.org/schema/mule/jms/current/mule-jms.xsd">
	<http:listener-config name="Starter" doc:name="HTTP Listener config" doc:id="75f32e3f-d551-40eb-952a-920ebef07484" basePath="/api">
		<http:listener-connection host="localhost" port="8066" />
	</http:listener-config>
	<jms:config name="JMS_Config" doc:name="JMS Config" doc:id="bb28dfd9-cc57-4d2e-a16a-ff636bce271f" >
		<jms:active-mq-connection username="admin" password="admin">
			<jms:factory-configuration brokerUrl="tcp://localhost:61616"/>
		</jms:active-mq-connection>
	</jms:config>
	<db:config name="MySQL_config" doc:name="Database Config" doc:id="3e7c8f91-3ab4-47b0-bdce-98d31f8d2761" >
		<db:my-sql-connection host="localhost" port="3306" user="GGMD" password="nhf64tw2!dcDDn" database="GGMDRULES" >
			<db:connection-properties >
			</db:connection-properties>
		</db:my-sql-connection>
	</db:config>
	<flow name="addressDSFlow" doc:id="7850ad0f-ca36-48ad-8fbc-c0c978b792a5" doc:description="This flow is the entry point and holds the base api path. ">
		<http:listener doc:name="Listener" doc:id="f6a0a79b-b652-43e7-844d-8f62c051ec7c" config-ref="Starter" path="/"/>
		<logger level="INFO" doc:name="log_incoming_msg" doc:id="2310374b-0688-4694-9d8c-041d023cb7e6" message="#[payload]" doc:description="When the service is triggered, this logger will log the incoming message."/>
	</flow>
	<flow name="publishAllAddressesToQueue" doc:id="1b6f45af-398c-4526-9df7-2093aa05b002" >
		<http:listener doc:name="Listener" doc:id="4b144894-3a8b-46a9-9482-81743b27b403" config-ref="Starter" path="addresses"/>
		<db:select doc:name="getAllAddresses" doc:id="ddf6a981-e1f5-42a4-906a-63d3daf201fd" doc:description="Retrieves all addresses from GGMDRULES" config-ref="MySQL_config">
			<non-repeatable-iterable />
			<db:sql>select ZenitAddressId,GoogleFormattedAddress  from GGMDRULES.s_AddressesToBeGeocoded</db:sql>
		</db:select>
		<foreach doc:name="For Each" doc:id="652b1bcf-4383-4bf2-974c-483461a968ab">
			<set-payload value='#[%dw 2.0
output application/json
---
{
	"Address":
	{	"ZenitAddressId":payload.ZenitAddressId,
		"GoogleFormattedAddress":payload.GoogleFormattedAddress
	}
}]' doc:name="Set Payload" doc:id="5264d2bf-f635-425a-b8df-35ac5118a1ab" />
			<jms:publish doc:name="publishAllAddresses" doc:id="0cd3b5dc-3172-4b0d-892b-ef4e80af50db" config-ref="JMS_Config" destination="address_queue">
				<jms:message outboundContentType="application/json" />
			</jms:publish>
		</foreach>
		<set-payload value="#['done']" doc:name="Set Payload" doc:id="b238ab1f-a171-4c59-ba1c-33badda35806" />
		<error-handler >
			<on-error-propagate enableNotifications="true" logException="true" doc:name="no-jms-connection" doc:id="c54bfb19-6263-491a-9b5c-d13399b50871" type="JMS:CONNECTIVITY">
				<logger level="ERROR" doc:name="no-jms-connection-logger" doc:id="dc02dc67-a7fc-4c8b-8972-b00e4d5b9d46" message="**no-jms-connection**" />
			</on-error-propagate>
			<on-error-propagate enableNotifications="true" logException="true" doc:name="no-database-connection" doc:id="f5d72dc3-d39b-4baa-b922-6a3c1f4b838a" type="DB:CONNECTIVITY">
				<logger level="INFO" doc:name="no-database-connection" doc:id="2d412cfd-f487-4feb-9d08-12e3d6ac6a77" message="No database connection" />
			</on-error-propagate>
		</error-handler>
	</flow>
	<flow name="UpdateAllAddresses" doc:id="0815c4cb-ae7a-4342-aeab-d1d618e7993a" >
		<http:listener doc:name="Listener" doc:id="d56dc55c-552e-4166-a410-20907b83cc8a" config-ref="Starter" path="update_addresses"/>
		<db:stored-procedure doc:name="Run_update_cdm_AddressWithGeocodes" doc:id="1ef5e18d-78bc-4636-ab51-e7180d67e771" config-ref="MySQL_config">
			<db:sql>call GGMDRULES.update_cdm_AddressWithGeocodes();</db:sql>
		</db:stored-procedure>
		<set-payload value="#['done updating the addresses']" doc:name="Set Payload" doc:id="65da454d-99b4-4963-ac34-6cc09551d24c" />
	</flow>
</mule>
