<?xml version="1.0" encoding="UTF-8"?>
<sequence name="AddUserToApplicationGroupOutSequence" trace="disable" xmlns="http://ws.apache.org/ns/synapse">
  <log separator="---=== AddUserToApplicationGroupOutSequence ===---"/>
  <property description="SequenceType" name="MessageFrom"
    scope="default" type="STRING" value="IAM"/>
  <property description="SequenceType" name="MessageDestination"
    scope="default" type="STRING" value="Client"/>
  <aggregate id="UserIds">
    <completeCondition>
      <messageCount max="-1" min="{get-property('USERID_COUNT')}" xmlns:ns="http://org.apache.synapse/xsd"/>
    </completeCondition>
    <onComplete enclosingElementProperty="ROOT"
      expression="//this:GetUserNameResponse"
      xmlns:ns="http://org.apache.synapse/xsd" xmlns:this="http://www.w-integrate.nl/data/service/user_01">
      <sequence key="ConvertAddUserToApplicationGroupCDMRequestToIAMRequest"/>
      <sequence key="SendRequestToIAM"/>
      <call-template description="Log-INFO" target="gov:com/commons/util/v1/templates/LoggerTemplate.xml">
        <with-param name="SequenceName" value="AddUserToApplicationGroupOutSequence"/>
        <with-param name="Message" value="User is assigned to application group."/>
        <with-param name="LogLevel" value="INFO"/>
      </call-template>
    </onComplete>
  </aggregate>
  <log level="full" separator="---=== Response ===---"/>
  <sequence key="ConvertAddUserToApplicationGroupIAMResponseToCDMResponse"/>
  <sequence key="ClientManagementResponseSender"/>
</sequence>
