<?xml version="1.0" encoding="UTF-8"?>
<sequence name="AssignUserToApplicationGroupInApplicationGroupData"
  trace="disable" xmlns="http://ws.apache.org/ns/synapse">
  <call-template description="Log-INFO" target="gov:com/commons/util/v1/templates/LoggerTemplate.xml">
    <with-param name="SequenceName" value="AssignUserToApplicationGroupInApplicationGroupData"/>
    <with-param name="Message" value="Going to Assign User to ApplicationGroup in ApplicationGroup Data"/>
    <with-param name="LogLevel" value="INFO"/>
  </call-template>
  <xslt description="AssignUserToApplicationGroupDataRequest" key="gov:nl/weintegrate/wealert/service/clientmanagement/v1/xslt/AssignUserToApplicationGroupCDMToApplicationGroupDataRequest.xslt">
    <property expression="get-property('OrganizationId')" name="OrganizationId"/>
    <resource
      key="gov:nl/weintegrate/wealert/service/clientmanagement/v1/xslt/AssignUserToApplicationGroupCDMToApplicationGroupDataRequest.xslt" location="AssignUserToApplicationGroupCDMToApplicationGroupDataRequest.xslt"/>
  </xslt>
  <property description="AppGroupOperationName"
    name="AppGroupDataOperationName" scope="default" type="STRING" value="AssignUserToApplicationGroup"/>
  <sequence key="SendRequestToApplicationGroupData"/>
</sequence>
