<?xml version="1.0" encoding="UTF-8"?>
<sequence name="ConvertGetUserByEmailCDMRequestToUserDataRequest" trace="disable" xmlns="http://ws.apache.org/ns/synapse">
    <call-template description="Log-INFO" target="gov:com/commons/util/v1/templates/LoggerTemplate.xml">
        <with-param name="SequenceName" value="ConvertGetUserByEmailCDMRequestToUserDataRequest"/>
        <with-param name="Message" value="Going to convert GetUserByEmail CDMRequest To User Data Request"/>
        <with-param name="LogLevel" value="INFO"/>
    </call-template>
    <payloadFactory description="CDMRequest" media-type="xml">
        <format>
            <p:GetUserByEmail xmlns:p="http://www.w-integrate.nl/data/service/user_01">
                <!--Exactly 1 occurrence-->
                <xs:UserEmail xmlns:xs="http://www.w-integrate.nl/data/service/user_01">$1</xs:UserEmail>
            </p:GetUserByEmail>
        </format>
        <args>
            <arg evaluator="xml" expression="get-property('UserEmail')"/>
        </args>
    </payloadFactory>
    <call-template description="Log-INFO" target="gov:com/commons/util/v1/templates/LoggerTemplate.xml">
        <with-param name="SequenceName" value="ConvertGetUserByEmailCDMRequestToUserDataRequest"/>
        <with-param name="Message" value="GetUserByEmail CDMRequest is converted To User Data Request successfully"/>
        <with-param name="LogLevel" value="INFO"/>
    </call-template>
</sequence>
