<?xml version="1.0" encoding="UTF-8"?>
<sequence name="ConvertGetOrganizationByDomainCDMRequestToCDRequest" trace="disable" xmlns="http://ws.apache.org/ns/synapse">
    <call-template description="Log-INFO" target="gov:com/commons/util/v1/templates/LoggerTemplate.xml">
        <with-param name="SequenceName" value="ConvertGetOrganizationByDomainCDMRequestToCDRequest"/>
        <with-param name="Message" value="Going to convert GetOrganizationByDomain CDMRequest To CDRequest"/>
        <with-param name="LogLevel" value="INFO"/>
    </call-template>
    <payloadFactory description="CDMRequest" media-type="xml">
        <format>
            <p:GetOrganizationByDomain xmlns:p="http://www.w-integrate.nl/data/service/organization_01">
                <!--Exactly 1 occurrence-->
                <xs:OrganizationDomain xmlns:xs="http://www.w-integrate.nl/data/service/organization_01">$1</xs:OrganizationDomain>
            </p:GetOrganizationByDomain>
        </format>
        <args>
            <arg evaluator="xml" expression="get-property('OrganizationDomain')"/>
        </args>
    </payloadFactory>
    <call-template description="Log-INFO" target="gov:com/commons/util/v1/templates/LoggerTemplate.xml">
        <with-param name="SequenceName" value="ConvertGetOrganizationByDomainCDMRequestToCDRequest"/>
        <with-param name="Message" value="GetOrganizationByDomain CDMRequest is converted To CDRequest successfully"/>
        <with-param name="LogLevel" value="INFO"/>
    </call-template>
</sequence>
