<?xml version="1.0" encoding="UTF-8"?>
<sequence
  name="ConvertUpdateApplicationGroupCDMRequestToApplicationGroupDataRequest"
  trace="disable" xmlns="http://ws.apache.org/ns/synapse">
  <call-template description="Log-INFO" target="gov:com/commons/util/v1/templates/LoggerTemplate.xml">
    <with-param name="SequenceName" value="ConvertUpdateUserToApplicationGroupCDMRequestToIAMRequest"/>
    <with-param name="Message" value="Going to convert UpdateUserToApplicationGroup CDM request to ApplicationGroupData request."/>
    <with-param name="LogLevel" value="INFO"/>
  </call-template>
  <xslt description="CDMToApplicationGroupDataRequest" key="gov:nl/weintegrate/wealert/service/clientmanagement/v1/xslt/UpdateApplicationGroupCDMRequestToApplicationGroupDataRequest.xslt">
    <resource
      key="gov:nl/weintegrate/wealert/service/clientmanagement/v1/xslt/UpdateApplicationGroupCDMRequestToApplicationGroupDataRequest.xslt" location="UpdateApplicationGroupCDMRequestToApplicationGroupDataRequest.xslt"/>
  </xslt>
  <call-template description="Log-INFO" target="gov:com/commons/util/v1/templates/LoggerTemplate.xml">
    <with-param name="SequenceName" value="ConvertAddUserToApplicationGroupCDMRequestToIAMRequest"/>
    <with-param name="Message" value="Converted UpdateUserToApplicationGroup CDM request to ApplicationGroupData request successfully."/>
    <with-param name="LogLevel" value="INFO"/>
  </call-template>
</sequence>
