<?xml version="1.0" encoding="UTF-8"?>
<sequence
  name="ConvertAddUserToApplicationGroupIAMResponseToCDMResponse"
  trace="disable" xmlns="http://ws.apache.org/ns/synapse">
  <call-template description="Log-INFO" target="gov:com/commons/util/v1/templates/LoggerTemplate.xml">
    <with-param name="SequenceName" value="ConvertAddUserToApplicationGroupIAMResponseToCDMResponse"/>
    <with-param name="Message" value="Going to convert AddUserToApplicationGroup IAM response to CDM response."/>
    <with-param name="LogLevel" value="INFO"/>
  </call-template>
  <xslt description="IAMResponseToCDMResponse" key="gov:nl/weintegrate/wealert/service/clientmanagement/v1/xslt/AddUserToApplicationGroupIAMResponseToCDMResponse.xslt">
    <resource
      key="gov:nl/weintegrate/wealert/service/clientmanagement/v1/xslt/AddUserToApplicationGroupIAMResponseToCDMResponse.xslt" location="AddUserToApplicationGroupIAMResponseToCDMResponse.xslt"/>
  </xslt>
  <call-template description="Log-INFO" target="gov:com/commons/util/v1/templates/LoggerTemplate.xml">
    <with-param name="SequenceName" value="ConvertAddUserToApplicationGroupIAMResponseToCDMResponse"/>
    <with-param name="Message" value="Converted IAM response to AddUserToApplicationGroup CDM response successfully."/>
    <with-param name="LogLevel" value="INFO"/>
  </call-template>
</sequence>
