<?xml version="1.0" encoding="UTF-8"?>
<sequence
  name="ConvertListApplicationGroupCDMToApplicationGroupDataRequest"
  trace="disable" xmlns="http://ws.apache.org/ns/synapse">
  <call-template description="Log-INFO" target="gov:com/commons/util/v1/templates/LoggerTemplate.xml">
    <with-param name="SequenceName" value="ConvertListApplicationGroupCDMRequestToCDRequest"/>
    <with-param name="Message" value="Going to convert ListApplicationGroup CDM request to ApplicationGroupData request."/>
    <with-param name="LogLevel" value="INFO"/>
  </call-template>
  <xslt description="CDMToAppGroupDataRequest" key="gov:nl/weintegrate/wealert/service/clientmanagement/v1/xslt/ListApplicationGroupCDMToApplicationGroupDataRequest.xslt">
    <resource
      key="gov:nl/weintegrate/wealert/service/clientmanagement/v1/xslt/ListApplicationGroupCDMToApplicationGroupDataRequest.xslt" location="ListApplicationGroupCDMToApplicationGroupDataRequest.xslt"/>
  </xslt>
  <call-template description="Log-INFO" target="gov:com/commons/util/v1/templates/LoggerTemplate.xml">
    <with-param name="SequenceName" value="ConvertListApplicationGroupCDMRequestToCDRequest"/>
    <with-param name="Message" value="Converted ListApplicationGroup CDM Request to ApplicationGroupData successfully."/>
    <with-param name="LogLevel" value="INFO"/>
  </call-template>
</sequence>
