<?xml version="1.0" encoding="UTF-8"?>
<sequence name="ConvertCreateApplicationGroupIAMResponseToCDMResponse"
  trace="disable" xmlns="http://ws.apache.org/ns/synapse">
  <call-template description="Log-INFO" target="gov:com/commons/util/v1/templates/LoggerTemplate.xml">
    <with-param name="SequenceName" value="ConvertCreateApplicationGroupIAMResponseToCDMResponse"/>
    <with-param name="Message" value="Going to convert CreateApplicationGroup IAM response to CDM response."/>
    <with-param name="LogLevel" value="INFO"/>
  </call-template>
  <xslt description="IAMResponseToCDMResponse" key="gov:nl/weintegrate/wealert/service/clientmanagement/v1/xslt/CreateApplicationGroupIAMResponseToCDMResponse.xslt">
    <property expression="get-property('ApplicationGroupId')" name="ApplicationGroupId"/>
    <resource
      key="gov:nl/weintegrate/wealert/service/clientmanagement/v1/xslt/CreateApplicationGroupIAMResponseToCDMResponse.xslt" location="CreateApplicationGroupIAMResponseToCDMResponse.xslt"/>
  </xslt>
  <call-template description="Log-INFO" target="gov:com/commons/util/v1/templates/LoggerTemplate.xml">
    <with-param name="SequenceName" value="ConvertCreateApplicationGroupIAMResponseToCDMResponse"/>
    <with-param name="Message" value="Converted IAM response to CreateApplicationGroup CDM response successfully."/>
    <with-param name="LogLevel" value="INFO"/>
  </call-template>
</sequence>
