<?xml version="1.0" encoding="UTF-8"?>
<sequence name="ConvertGetClientCDMRequestToCDRequest" trace="disable" xmlns="http://ws.apache.org/ns/synapse">
  <call-template description="Log-INFO" target="gov:com/commons/util/v1/templates/LoggerTemplate.xml">
    <with-param name="SequenceName" value="ConvertGetClientCDMRequestToCDRequest"/>
    <with-param name="Message" value="Going to convert GetClient CDM rerequest to CD request."/>
    <with-param name="LogLevel" value="INFO"/>
  </call-template>
  <xslt description="IAMResponseToCDMResponse" key="gov:nl/weintegrate/wealert/service/clientmanagement/v1/xslt/GetClientCDMRequestToCDRequest.xslt">
    <resource
      key="gov:nl/weintegrate/wealert/service/clientmanagement/v1/xslt/GetClientCDMRequestToCDRequest.xslt" location="GetClientCDMRequestToCDRequest.xslt"/>
  </xslt>
  <call-template description="Log-INFO" target="gov:com/commons/util/v1/templates/LoggerTemplate.xml">
    <with-param name="SequenceName" value="ConvertGetClientCDMRequestToCDRequest"/>
    <with-param name="Message" value="Converted GetClient CDM Request to CD successfully."/>
    <with-param name="LogLevel" value="INFO"/>
  </call-template>
</sequence>
