<?xml version="1.0" encoding="UTF-8"?>
<sequence name="ConvertListApplicationGroupDataResponseToCDMResponse"
  trace="disable" xmlns="http://ws.apache.org/ns/synapse">
  <call-template description="Log-INFO" target="gov:com/commons/util/v1/templates/LoggerTemplate.xml">
    <with-param name="SequenceName" value="ConvertListApplicationGroupIAMResponseToCDMResponse"/>
    <with-param name="Message" value="Going to convert ApplicationGroupData response to CDM response."/>
    <with-param name="LogLevel" value="INFO"/>
  </call-template>
  <xslt description="ApplicationGroupDataToCDMResponse" key="gov:nl/weintegrate/wealert/service/clientmanagement/v1/xslt/ListApplicationGroupDataResponseToCDMResponse.xslt">
    <property expression="get-property('CorrelationId')" name="CorrelationId"/>
    <resource
      key="gov:nl/weintegrate/wealert/service/clientmanagement/v1/xslt/ListApplicationGroupDataResponseToCDMResponse.xslt" location="ListApplicationGroupDataResponseToCDMResponse.xslt"/>
  </xslt>
  <call-template description="Log-INFO" target="gov:com/commons/util/v1/templates/LoggerTemplate.xml">
    <with-param name="SequenceName" value="ConvertListApplicationGroupIAMResponseToCDMResponse"/>
    <with-param name="Message" value="Converted ApplicationGroupData response to ListApplicationGroup CDM response successfully."/>
    <with-param name="LogLevel" value="INFO"/>
  </call-template>
</sequence>
