<?xml version="1.0" encoding="UTF-8"?>
<sequence
  name="ConvertListApplicationGroupUserCDMToApplicationGroupDataRequest"
  trace="disable" xmlns="http://ws.apache.org/ns/synapse">
  <call-template description="Log-INFO" target="gov:com/commons/util/v1/templates/LoggerTemplate.xml">
    <with-param name="SequenceName" value="ConvertListApplicationGroupUserCDMRequestToCDRequest"/>
    <with-param name="Message" value="Going to convert ListApplicationGroupUser CDM request to ApplicationGroupData request."/>
    <with-param name="LogLevel" value="INFO"/>
  </call-template>
  <!--  <xslt description="CDMToAppGroupDataRequest" key="gov:nl/weintegrate/wealert/service/clientmanagement/v1/xslt/ListApplicationGroupUserCDMToApplicationGroupDataRequest.xslt">
    <resource
      key="gov:nl/weintegrate/wealert/service/clientmanagement/v1/xslt/ListApplicationGroupUserCDMToApplicationGroupDataRequest.xslt" location="ListApplicationGroupUserCDMToApplicationGroupDataRequest.xslt"/>
  </xslt> -->
  <payloadFactory description="ListApplicationGroupUserRequest" media-type="xml">
    <format>
      <soapenv:Envelope
        xmlns:app="http://www.w-integrate.nl/data/service/applicationgroup_01" xmlns:soapenv="http://schemas.xmlsoap.org/soap/envelope/">
        <soapenv:Body>
          <app:ListApplicationGroupUser>
            <app:ApplicationGroupId>$1</app:ApplicationGroupId>
          </app:ListApplicationGroupUser>
        </soapenv:Body>
      </soapenv:Envelope>
    </format>
    <args>
      <arg evaluator="xml" expression="get-property('uri.var.ApplicationGroupId')"/>
    </args>
  </payloadFactory>
  <call-template description="Log-INFO" target="gov:com/commons/util/v1/templates/LoggerTemplate.xml">
    <with-param name="SequenceName" value="ConvertListApplicationGroupUserCDMRequestToCDRequest"/>
    <with-param name="Message" value="Converted ListApplicationGroupUser CDM Request to ApplicationGroupData successfully."/>
    <with-param name="LogLevel" value="INFO"/>
  </call-template>
</sequence>
