<?xml version="1.0" encoding="UTF-8"?>
<sequence name="ConvertGetUserCDResponseToCDMResponse" trace="disable" xmlns="http://ws.apache.org/ns/synapse">
  <call-template description="Log-INFO" target="gov:com/commons/util/v1/templates/LoggerTemplate.xml">
    <with-param name="SequenceName" value="ConvertGetUserIAMResponseToCDMResponse"/>
    <with-param name="Message" value="Going to convert GetUser CD response to CDM response."/>
    <with-param name="LogLevel" value="INFO"/>
  </call-template>
  <xslt description="IAMResponseToCDMResponse" key="gov:nl/weintegrate/wealert/service/clientmanagement/v1/xslt/GetUserCDResponseToCDMResponse.xslt">
    <property expression="get-property('CorrelationId')" name="CorrelationId"/>
    <resource
      key="gov:nl/weintegrate/wealert/service/clientmanagement/v1/xslt/GetUserCDResponseToCDMResponse.xslt" location="GetUserCDResponseToCDMResponse.xslt"/>
  </xslt>
  <call-template description="Log-INFO" target="gov:com/commons/util/v1/templates/LoggerTemplate.xml">
    <with-param name="SequenceName" value="ConvertGetUserIAMResponseToCDMResponse"/>
    <with-param name="Message" value="Converted CD response to GetUser CDM response successfully."/>
    <with-param name="LogLevel" value="INFO"/>
  </call-template>
</sequence>
