<?xml version="1.0" encoding="UTF-8"?>
<sequence
  name="ConvertDeleteApplicationGroupCDMToApplicationGroupDataRequest"
  trace="disable" xmlns="http://ws.apache.org/ns/synapse">
  <payloadFactory description="DeleteApplicationGroupRequest" media-type="xml">
    <format>
      <soapenv:Envelope
        xmlns:app="http://www.w-integrate.nl/data/service/applicationgroup_01" xmlns:soapenv="http://schemas.xmlsoap.org/soap/envelope/">
        <soapenv:Header/>
        <soapenv:Body>
          <app:DeleteApplicationGroup>
            <app:ApplicationGroupId>$1</app:ApplicationGroupId>
          </app:DeleteApplicationGroup>
        </soapenv:Body>
      </soapenv:Envelope>
    </format>
    <args>
      <arg evaluator="xml" expression="//*[local-name()='ApplicationGroupId']"/>
    </args>
  </payloadFactory>
</sequence>
