<?xml version="1.0" encoding="UTF-8"?>
<sequence name="ConvertCreateClientIAMResponseToCDMResponse"
  trace="disable" xmlns="http://ws.apache.org/ns/synapse">
  <call-template description="Log-INFO" target="gov:com/commons/util/v1/templates/LoggerTemplate.xml">
    <with-param name="SequenceName" value="ConvertCreateClientIAMResponseToCDMResponse"/>
    <with-param name="Message" value="Going to convert CreateClient IAM response to CDM response."/>
    <with-param name="LogLevel" value="INFO"/>
  </call-template>
  <xslt description="IAMResponseToCDMResponse" key="gov:nl/weintegrate/wealert/service/clientmanagement/v1/xslt/CreateClientIAMResponseToCDMResponse.xslt">
    <property expression="get-property('OrganizationId')" name="OrganizationId"/>
    <resource
      key="gov:nl/weintegrate/wealert/service/clientmanagement/v1/xslt/CreateClientIAMResponseToCDMResponse.xslt" location="CreateClientIAMResponseToCDMResponse.xslt"/>
  </xslt>
  <call-template description="Log-INFO" target="gov:com/commons/util/v1/templates/LoggerTemplate.xml">
    <with-param name="SequenceName" value="ConvertCreateClientIAMResponseToCDMResponse"/>
    <with-param name="Message" value="Converted IAM response to CreateClient CDM response successfully."/>
    <with-param name="LogLevel" value="INFO"/>
  </call-template>
</sequence>
