<?xml version="1.0" encoding="UTF-8"?>
<sequence name="ConvertCreateUserIAMResponseToCDMResponse"
  trace="disable" xmlns="http://ws.apache.org/ns/synapse">
  <call-template description="Log-INFO" target="gov:com/commons/util/v1/templates/LoggerTemplate.xml">
    <with-param name="SequenceName" value="ConvertCreateUserIAMResponseToCDMResponse"/>
    <with-param name="Message" value="Going to convert CreateUser IAM response to CDM response."/>
    <with-param name="LogLevel" value="INFO"/>
  </call-template>
  <xslt description="IAMResponseToCDMResponse" key="gov:nl/weintegrate/wealert/service/clientmanagement/v1/xslt/CreateUserIAMResponseToCDMResponse.xslt">
    <property
      expression="fn:concat(fn:substring-after(get-property('MessageId'),'uuid:'),'-',get-property('OrganizationId'))" name="UserId"/>
    <resource
      key="gov:nl/weintegrate/wealert/service/clientmanagement/v1/xslt/CreateUserIAMResponseToCDMResponse.xslt" location="CreateUserIAMResponseToCDMResponse.xslt"/>
  </xslt>
  <call-template description="Log-INFO" target="gov:com/commons/util/v1/templates/LoggerTemplate.xml">
    <with-param name="SequenceName" value="ConvertCreateUserIAMResponseToCDMResponse"/>
    <with-param name="Message" value="Converted IAM response to CreateUser CDM response successfully."/>
    <with-param name="LogLevel" value="INFO"/>
  </call-template>
</sequence>
