<?xml version="1.0" encoding="UTF-8"?>
<sequence name="ConvertListClientCDResponseToCDMResponse"
  trace="disable" xmlns="http://ws.apache.org/ns/synapse">
  <call-template description="Log-INFO" target="gov:com/commons/util/v1/templates/LoggerTemplate.xml">
    <with-param name="SequenceName" value="ConvertListClientIAMResponseToCDMResponse"/>
    <with-param name="Message" value="Going to convert ListClient CD response to CDM response."/>
    <with-param name="LogLevel" value="INFO"/>
  </call-template>
  <xslt description="IAMResponseToCDMResponse" key="gov:nl/weintegrate/wealert/service/clientmanagement/v1/xslt/ListClientCDResponseToCDMResponse.xslt">
    <property expression="get-property('CorrelationId')" name="CorrelationId"/>
    <property expression="get-property('ReturnAdminUser')" name="ReturnAdminUser"/>
    <resource
      key="gov:nl/weintegrate/wealert/service/clientmanagement/v1/xslt/ListClientCDResponseToCDMResponse.xslt" location="ListClientCDResponseToCDMResponse.xslt"/>
  </xslt>
  <call-template description="Log-INFO" target="gov:com/commons/util/v1/templates/LoggerTemplate.xml">
    <with-param name="SequenceName" value="ConvertListClientIAMResponseToCDMResponse"/>
    <with-param name="Message" value="Converted CD response to ListClient CDM response successfully."/>
    <with-param name="LogLevel" value="INFO"/>
  </call-template>
</sequence>
