<?xml version="1.0" encoding="UTF-8"?>
<sequence xmlns="http://ws.apache.org/ns/synapse" name="ConvertUpdateUserIAMResponseToCDMResponse">
	<call-template target="gov:com/commons/util/v1/templates/LoggerTemplate.xml" description="Log-INFO">
		<with-param name="SequenceName" value="ConvertUpdateUserIAMResponseToCDMResponse"/>
		<with-param name="Message" value="Going to convert UpdateUser IAM response to CDM response."/>
		<with-param name="LogLevel" value="INFO"/>
	</call-template>
	<xslt key="gov:nl/weintegrate/wealert/service//v1/xslt/UpdateUserIAMResponseToCDMResponse.xslt" description="IAMResponseToCDMResponse">
		<resource location="UpdateUserIAMResponseToCDMResponse.xslt" key="gov:nl/weintegrate/wealert/service//v1/xslt/UpdateUserIAMResponseToCDMResponse.xslt"/>
	</xslt>
	<call-template target="gov:com/commons/util/v1/templates/LoggerTemplate.xml" description="Log-INFO">
		<with-param name="SequenceName" value="ConvertUpdateUserIAMResponseToCDMResponse"/>
		<with-param name="Message" value="Converted IAM response to UpdateUser CDM response successfully."/>
		<with-param name="LogLevel" value="INFO"/>
		</call-template>
</sequence>
