<?xml version="1.0" encoding="UTF-8"?>
<sequence
  name="ConvertGetApplicationGroupCDMToApplicationGroupDataRequest"
  trace="disable" xmlns="http://ws.apache.org/ns/synapse">
  <call-template description="Log-INFO" target="gov:com/commons/util/v1/templates/LoggerTemplate.xml">
    <with-param name="SequenceName" value="ConvertGetApplicationGroupCDMRequestToCDRequest"/>
    <with-param name="Message" value="Going to convert GetApplicationGroup CDM request to ApplicationGroupData request."/>
    <with-param name="LogLevel" value="INFO"/>
  </call-template>
  <payloadFactory description="CDMToAppGroupDataRequet" media-type="xml">
    <format>
      <soapenv:Envelope
        xmlns:app="http://www.w-integrate.nl/data/service/applicationgroup_01" xmlns:soapenv="http://schemas.xmlsoap.org/soap/envelope/">
        <soapenv:Body>
          <app:GetApplicationGroup>
            <app:ApplicationGroupId>$1</app:ApplicationGroupId>
          </app:GetApplicationGroup>
        </soapenv:Body>
      </soapenv:Envelope>
    </format>
    <args>
      <arg evaluator="xml" expression="get-property('query.param.ApplicationGroupId')"/>
    </args>
  </payloadFactory>
  <call-template description="Log-INFO" target="gov:com/commons/util/v1/templates/LoggerTemplate.xml">
    <with-param name="SequenceName" value="ConvertGetApplicationGroupCDMRequestToCDRequest"/>
    <with-param name="Message" value="Converted GetApplicationGroup CDM Request to ApplicationGroupData successfully."/>
    <with-param name="LogLevel" value="INFO"/>
  </call-template>
</sequence>
