<?xml version="1.0" encoding="UTF-8"?>
<sequence name="ConvertDeleteUserCDMRequestToIAMRequest" trace="disable" xmlns="http://ws.apache.org/ns/synapse">
  <call-template description="Log-INFO" target="gov:com/commons/util/v1/templates/LoggerTemplate.xml">
    <with-param name="SequenceName" value="ConvertDeleteUserCDMRequestToIAMRequest"/>
    <with-param name="Message" value="Going to convert DeleteUser CDM request to IAM request."/>
    <with-param name="LogLevel" value="INFO"/>
  </call-template>
  <payloadFactory description="CDMRequest" media-type="xml">
    <format>
      <soapenv:Envelope xmlns:soapenv="http://schemas.xmlsoap.org/soap/envelope/">
        <soapenv:Body>
          <this:RemoveUserRequest
            xmlns:address="http://www.w-integrate.nl/cdm/xsd/address_01"
            xmlns:applicationgroup="http://www.w-integrate.nl/cdm/xsd/applicationgroup_01"
            xmlns:channel="http://www.w-integrate.nl/cdm/xsd/communicationchannel_01"
            xmlns:cmm="http://www.w-integrate.nl/cmm/xsd/cmm_01"
            xmlns:organization="http://www.w-integrate.nl/cdm/xsd/organization_01"
            xmlns:person="http://www.w-integrate.nl/cdm/xsd/person_01"
            xmlns:role="http://www.w-integrate.nl/cdm/xsd/role_01"
            xmlns:this="http://www.w-integrate.nl/xsd/identityandaccessmanagement_01/requestresponse" xmlns:user="http://www.w-integrate.nl/cdm/xsd/user_01">
            <this:Header>
              <cmm:CMMHeader>
                <cmm:CorrelationId>$1</cmm:CorrelationId>
              </cmm:CMMHeader>
            </this:Header>
            <this:ClientContext>
              <user:UserName>admin@$3</user:UserName>
            </this:ClientContext>
            <user:UserName>$2</user:UserName>
          </this:RemoveUserRequest>
        </soapenv:Body>
      </soapenv:Envelope>
    </format>
    <args>
      <arg evaluator="xml" expression="get-property('CorrelationId')"/>
      <arg evaluator="xml" expression="get-property('OrganizationDomain')"/>
      <arg evaluator="xml" expression="fn:substring-before(get-property('UserName'),'@')"/>
    </args>
  </payloadFactory>
  <property description="ClientContextUser"
    expression="fn:concat('admin@',get-property('OrganizationDomain'))"
    name="uri.var.clientcontextusername" scope="default" type="STRING"/>
  <property description="UserName"
    expression="fn:substring-before(get-property('UserName'),'@')"
    name="uri.var.username" scope="default" type="STRING"/>
  <property description="CorrelationId"
    expression="get-property('CorrelationId')"
    name="uri.var.correlationid" scope="default" type="STRING"/>
  <call-template description="Log-INFO" target="gov:com/commons/util/v1/templates/LoggerTemplate.xml">
    <with-param name="SequenceName" value="ConvertDeleteUserCDMRequestToIAMRequest"/>
    <with-param name="Message" value="Converted DeleteUser CDM request to IAM request successfully."/>
    <with-param name="LogLevel" value="INFO"/>
  </call-template>
</sequence>
