<?xml version="1.0" encoding="UTF-8"?>
<sequence name="ConvertUpdateClientToClientDataRequest" trace="disable" xmlns="http://ws.apache.org/ns/synapse">
  <call-template description="Log-INFO" target="gov:com/commons/util/v1/templates/LoggerTemplate.xml">
    <with-param name="SequenceName" value="ConvertUpdateClientToClientDataRequest"/>
    <with-param name="Message" value="Going to convert UpdateClient CDM request to ClientData request."/>
    <with-param name="LogLevel" value="INFO"/>
  </call-template>
  <xslt description="UpdateClientDataRequest" key="gov:nl/weintegrate/wealert/service/clientmanagement/v1/xslt/UpdateClientCDMToClientDataRequest.xslt">
    <resource
      key="gov:nl/weintegrate/wealert/service/clientmanagement/v1/xslt/UpdateClientCDMToClientDataRequest.xslt" location="UpdateClientCDMToClientDataRequest.xslt"/>
  </xslt>
  <call-template description="Log-INFO" target="gov:com/commons/util/v1/templates/LoggerTemplate.xml">
    <with-param name="SequenceName" value="ConvertUpdateClientToClientDataRequest"/>
    <with-param name="Message" value="Converted UpdateClient CDM request to ClientData request."/>
    <with-param name="LogLevel" value="INFO"/>
  </call-template>
</sequence>
