<?xml version="1.0" encoding="UTF-8"?>
<sequence name="ConvertDeleteUserUDResponseToCDMResponse"
  trace="disable" xmlns="http://ws.apache.org/ns/synapse">
  <call-template description="Log-INFO" target="gov:com/commons/util/v1/templates/LoggerTemplate.xml">
    <with-param name="SequenceName" value="ConvertDeleteUserIAMResponseToCDMResponse"/>
    <with-param name="Message" value="Going to convert DeleteUser UserData response to CDM response."/>
    <with-param name="LogLevel" value="INFO"/>
  </call-template>
  <xslt description="UDResponseToCDMResponse" key="gov:nl/weintegrate/wealert/service/clientmanagement/v1/xslt/DeleteUserUDResponseToCDMResponse.xslt">
    <property expression="get-property('CorrelationId')" name="CorrelationId"/>
    <resource
      key="gov:nl/weintegrate/wealert/service/clientmanagement/v1/xslt/DeleteUserUDResponseToCDMResponse.xslt" location="DeleteUserCDResponseToUDMResponse.xslt"/>
  </xslt>
  <call-template description="Log-INFO" target="gov:com/commons/util/v1/templates/LoggerTemplate.xml">
    <with-param name="SequenceName" value="ConvertDeleteUserIAMResponseToCDMResponse"/>
    <with-param name="Message" value="Converted UserData response to DeleteUser CDM response successfully."/>
    <with-param name="LogLevel" value="INFO"/>
  </call-template>
</sequence>
