<?xml version="1.0" encoding="UTF-8"?>
<sequence name="ConvertCreateClientCDMRequestToIAMRequest"
  trace="disable" xmlns="http://ws.apache.org/ns/synapse">
  <call-template description="Log-INFO" target="gov:com/commons/util/v1/templates/LoggerTemplate.xml">
    <with-param name="SequenceName" value="ConvertCreateClientCDMRequestToIAMRequest"/>
    <with-param name="Message" value="Going to convert CreateClient CDM request to IAM request."/>
    <with-param name="LogLevel" value="INFO"/>
  </call-template>
  <xslt description="CDMToIAMRequest" key="gov:nl/weintegrate/wealert/service/clientmanagement/v1/xslt/CreateClientCDMRequestToIAMRequest.xslt">
    <property expression="get-property('OrganizationId')" name="OrganizationId"/>
    <resource
      key="gov:nl/weintegrate/wealert/service/clientmanagement/v1/xslt/CreateClientCDMRequestToIAMRequest.xslt" location="CreateClientCDMRequestToIAMRequest.xslt"/>
  </xslt>
  <call-template description="Log-INFO" target="gov:com/commons/util/v1/templates/LoggerTemplate.xml">
    <with-param name="SequenceName" value="ConvertCreateClientCDMRequestToIAMRequest"/>
    <with-param name="Message" value="Converted CreateClient CDM request to IAM request successfully."/>
    <with-param name="LogLevel" value="INFO"/>
  </call-template>
  <property description="ClientId"
    expression="//*[local-name()='OrganizationId']"
    name="OrganizationId" scope="default" type="STRING"/>
</sequence>
