<?xml version="1.0" encoding="UTF-8"?>
<sequence name="ConvertUpdateClientToUserDataRequest" trace="disable" xmlns="http://ws.apache.org/ns/synapse">
  <call-template description="Log-INFO" target="gov:com/commons/util/v1/templates/LoggerTemplate.xml">
    <with-param name="SequenceName" value="ConvertUpdateClientToUserDataRequest"/>
    <with-param name="Message" value="Going to convert UpdateClient CDM request to UserData request."/>
    <with-param name="LogLevel" value="INFO"/>
  </call-template>
  <xslt description="UpdateClientUserDataRequest" key="gov:nl/weintegrate/wealert/service/clientmanagement/v1/xslt/UpdateClientCDMToUserDataRequest.xslt">
    <property expression="get-property('UserId')" name="UserId"/>
    <resource
      key="gov:nl/weintegrate/wealert/service/clientmanagement/v1/xslt/UpdateClientCDMToUserDataRequest.xslt" location="UpdateClientCDMToUserDataRequest.xslt"/>
  </xslt>
  <call-template description="Log-INFO" target="gov:com/commons/util/v1/templates/LoggerTemplate.xml">
    <with-param name="SequenceName" value="ConvertUpdateClientToUserDataRequest"/>
    <with-param name="Message" value="Converted UpdateClient CDM request to UserData request."/>
    <with-param name="LogLevel" value="INFO"/>
  </call-template>
</sequence>
