<?xml version="1.0" encoding="UTF-8"?>
<sequence name="ConvertGetApplicationGroupDataResponseToCDMResponse"
  trace="disable" xmlns="http://ws.apache.org/ns/synapse">
  <call-template description="Log-INFO" target="gov:com/commons/util/v1/templates/LoggerTemplate.xml">
    <with-param name="SequenceName" value="ConvertGetApplicationGroupIAMResponseToCDMResponse"/>
    <with-param name="Message" value="Going to convert GetApplicationGroup CD response to CDM response."/>
    <with-param name="LogLevel" value="INFO"/>
  </call-template>
  <xslt description="ApplicationGroupDataToCDMResponse" key="gov:nl/weintegrate/wealert/service/clientmanagement/v1/xslt/GetApplicationGroupDataResponseToCDMResponse.xslt">
    <property expression="get-property('CorrelationId')" name="CorrelationId"/>
    <resource
      key="gov:nl/weintegrate/wealert/service/clientmanagement/v1/xslt/GetApplicationGroupDataResponseToCDMResponse.xslt" location="GetApplicationGroupDataResponseToCDMResponse.xslt"/>
  </xslt>
  <call-template description="Log-INFO" target="gov:com/commons/util/v1/templates/LoggerTemplate.xml">
    <with-param name="SequenceName" value="ConvertGetApplicationGroupIAMResponseToCDMResponse"/>
    <with-param name="Message" value="Converted CD response to GetApplicationGroup CDM response successfully."/>
    <with-param name="LogLevel" value="INFO"/>
  </call-template>
</sequence>
