<?xml version="1.0" encoding="UTF-8"?>
<sequence name="ConvertGetUserCDMRequestToCDRequest" trace="disable" xmlns="http://ws.apache.org/ns/synapse">
  <call-template description="Log-INFO" target="gov:com/commons/util/v1/templates/LoggerTemplate.xml">
    <with-param name="SequenceName" value="ConvertGetUserCDMRequestToCDRequest"/>
    <with-param name="Message" value="Going to convert GetUser CDM rerequest to CD request."/>
    <with-param name="LogLevel" value="INFO"/>
  </call-template>
  <xslt description="IAMResponseToCDMResponse" key="gov:nl/weintegrate/wealert/service/clientmanagement/v1/xslt/GetUserCDMRequestToCDRequest.xslt">
    <resource
      key="gov:nl/weintegrate/wealert/service/clientmanagement/v1/xslt/GetUserCDMRequestToCDRequest.xslt" location="GetUserCDMRequestToCDRequest.xslt"/>
  </xslt>
  <call-template description="Log-INFO" target="gov:com/commons/util/v1/templates/LoggerTemplate.xml">
    <with-param name="SequenceName" value="ConvertGetUserCDMRequestToCDRequest"/>
    <with-param name="Message" value="Converted GetUser CDM Request to CD successfully."/>
    <with-param name="LogLevel" value="INFO"/>
  </call-template>
</sequence>
