<?xml version="1.0" encoding="UTF-8"?>
<sequence name="ConvertDeleteUserCDMRequestToUDRequest" trace="disable" xmlns="http://ws.apache.org/ns/synapse">
  <call-template description="Log-INFO" target="gov:com/commons/util/v1/templates/LoggerTemplate.xml">
    <with-param name="SequenceName" value="ConvertDeleteUserCDMRequestToCDRequest"/>
    <with-param name="Message" value="Going to convert DeleteUser CDM rerequest to UserData request."/>
    <with-param name="LogLevel" value="INFO"/>
  </call-template>
  <xslt description="IAMResponseToCDMResponse" key="gov:nl/weintegrate/wealert/service/clientmanagement/v1/xslt/DeleteUserCDMRequestToUDRequest.xslt">
    <resource
      key="gov:nl/weintegrate/wealert/service/clientmanagement/v1/xslt/DeleteUserCDMRequestToUDRequest.xslt" location="DeleteUserUDMRequestToUDRequest.xslt"/>
  </xslt>
  <call-template description="Log-INFO" target="gov:com/commons/util/v1/templates/LoggerTemplate.xml">
    <with-param name="SequenceName" value="ConvertDeleteUserCDMRequestToCDRequest"/>
    <with-param name="Message" value="Converted DeleteUser CDM Request to UserData successfully."/>
    <with-param name="LogLevel" value="INFO"/>
  </call-template>
</sequence>
