<?xml version="1.0" encoding="UTF-8"?>
<sequence xmlns="http://ws.apache.org/ns/synapse" name="ConvertUpdateClientIAMResponseToCDMResponse">
	<call-template target="gov:com/commons/util/v1/templates/LoggerTemplate.xml" description="Log-INFO">
		<with-param name="SequenceName" value="ConvertUpdateClientIAMResponseToCDMResponse"/>
		<with-param name="Message" value="Going to convert UpdateClient IAM response to CDM response."/>
		<with-param name="LogLevel" value="INFO"/>
	</call-template>
	<xslt key="gov:nl/weintegrate/wealert/service//v1/xslt/UpdateClientIAMResponseToCDMResponse.xslt" description="IAMResponseToCDMResponse">
		<resource location="UpdateClientIAMResponseToCDMResponse.xslt" key="gov:nl/weintegrate/wealert/service//v1/xslt/UpdateClientIAMResponseToCDMResponse.xslt"/>
	</xslt>
	<call-template target="gov:com/commons/util/v1/templates/LoggerTemplate.xml" description="Log-INFO">
		<with-param name="SequenceName" value="ConvertUpdateClientIAMResponseToCDMResponse"/>
		<with-param name="Message" value="Converted IAM response to UpdateClient CDM response successfully."/>
		<with-param name="LogLevel" value="INFO"/>
		</call-template>
</sequence>
