<?xml version="1.0" encoding="UTF-8"?>
<sequence name="ConvertListUserCDMRequestToCDRequest" trace="disable" xmlns="http://ws.apache.org/ns/synapse">
  <call-template description="Log-INFO" target="gov:com/commons/util/v1/templates/LoggerTemplate.xml">
    <with-param name="SequenceName" value="ConvertListUserCDMRequestToCDRequest"/>
    <with-param name="Message" value="Going to convert ListUser CDM rerequest to CD request."/>
    <with-param name="LogLevel" value="INFO"/>
  </call-template>
  <xslt description="CDMToCDRequest" key="gov:nl/weintegrate/wealert/service/clientmanagement/v1/xslt/ListUserCDMRequestToCDRequest.xslt">
    <resource
      key="gov:nl/weintegrate/wealert/service/clientmanagement/v1/xslt/ListUserCDMRequestToCDRequest.xslt" location="ListUserCDMRequestToCDRequest.xslt"/>
  </xslt>
  <call-template description="Log-INFO" target="gov:com/commons/util/v1/templates/LoggerTemplate.xml">
    <with-param name="SequenceName" value="ConvertListUserCDMRequestToCDRequest"/>
    <with-param name="Message" value="Converted ListUser CDM Request to CD successfully."/>
    <with-param name="LogLevel" value="INFO"/>
  </call-template>
</sequence>
