<?xml version="1.0" encoding="UTF-8"?>
<sequence name="ConvertAddUserToApplicationGroupCDMRequestToIAMRequest"
  trace="disable" xmlns="http://ws.apache.org/ns/synapse">
  <call-template description="Log-INFO" target="gov:com/commons/util/v1/templates/LoggerTemplate.xml">
    <with-param name="SequenceName" value="ConvertAddUserToApplicationGroupCDMRequestToIAMRequest"/>
    <with-param name="Message" value="Going to convert AddUserToApplicationGroup CDM request to IAM request."/>
    <with-param name="LogLevel" value="INFO"/>
  </call-template>
  <xslt description="CDMToIAMRequest" key="gov:nl/weintegrate/wealert/service/clientmanagement/v1/xslt/AddUserToApplicationGroupCDMRequestToIAMRequest.xslt">
    <property expression="get-property('CorrelationId')" name="CorrelationId"/>
    <property expression="get-property('ApplicationGroupId')" name="ApplicationGroupId"/>
    <resource
      key="gov:nl/weintegrate/wealert/service/clientmanagement/v1/xslt/AddUserToApplicationGroupCDMRequestToIAMRequest.xslt" location="AddUserToApplicationGroupCDMRequestToIAMRequest.xslt"/>
  </xslt>
  <call-template description="Log-INFO" target="gov:com/commons/util/v1/templates/LoggerTemplate.xml">
    <with-param name="SequenceName" value="ConvertAddUserToApplicationGroupCDMRequestToIAMRequest"/>
    <with-param name="Message" value="Converted AddUserToApplicationGroup CDM request to IAM request successfully."/>
    <with-param name="LogLevel" value="INFO"/>
  </call-template>
</sequence>
