<?xml version="1.0" encoding="UTF-8"?>
<sequence name="ConvertCreateUserCDMRequestToIAMRequest" trace="disable" xmlns="http://ws.apache.org/ns/synapse">
  <call-template description="Log-INFO" target="gov:com/commons/util/v1/templates/LoggerTemplate.xml">
    <with-param name="SequenceName" value="ConvertCreateUserCDMRequestToIAMRequest"/>
    <with-param name="Message" value="Going to convert CreateUser CDM request to IAM request."/>
    <with-param name="LogLevel" value="INFO"/>
  </call-template>
  <xslt description="CDMToIAMRequest" key="gov:nl/weintegrate/wealert/service/clientmanagement/v1/xslt/CreateUserCDMRequestToIAMRequest.xslt">
    <resource
      key="gov:nl/weintegrate/wealert/service/clientmanagement/v1/xslt/CreateUserCDMRequestToIAMRequest.xslt" location="CreateUserCDMRequestToIAMRequest.xslt"/>
  </xslt>
  <call-template description="Log-INFO" target="gov:com/commons/util/v1/templates/LoggerTemplate.xml">
    <with-param name="SequenceName" value="ConvertCreateUserCDMRequestToIAMRequest"/>
    <with-param name="Message" value="Converted CreateUser CDM request to IAM request successfully."/>
    <with-param name="LogLevel" value="INFO"/>
  </call-template>
</sequence>
