<?xml version="1.0" encoding="UTF-8"?>
<sequence name="ConvertCreateApplicationGroupCDMRequestToIAMRequest"
  trace="disable" xmlns="http://ws.apache.org/ns/synapse">
  <call-template description="Log-INFO" target="gov:com/commons/util/v1/templates/LoggerTemplate.xml">
    <with-param name="SequenceName" value="ConvertCreateApplicationGroupCDMRequestToIAMRequest"/>
    <with-param name="Message" value="Going to convert CreateApplicationGroup CDM request to IAM request."/>
    <with-param name="LogLevel" value="INFO"/>
  </call-template>
  <xslt description="CDMToIAMRequest" key="gov:nl/weintegrate/wealert/service/clientmanagement/v1/xslt/CreateApplicationGroupCDMRequestToIAMRequest.xslt">
    <property expression="get-property('ApplicationGroupId')" name="ApplicationGroupId"/>
    <resource
      key="gov:nl/weintegrate/wealert/service/clientmanagement/v1/xslt/CreateApplicationGroupCDMRequestToIAMRequest.xslt" location="CreateApplicationGroupCDMRequestToIAMRequest.xslt"/>
  </xslt>
  <call-template description="Log-INFO" target="gov:com/commons/util/v1/templates/LoggerTemplate.xml">
    <with-param name="SequenceName" value="ConvertCreateApplicationGroupCDMRequestToIAMRequest"/>
    <with-param name="Message" value="Converted CreateApplicationGroup CDM request to IAM request successfully."/>
    <with-param name="LogLevel" value="INFO"/>
  </call-template>
</sequence>
