<?xml version="1.0" encoding="UTF-8"?>
<sequence name="CreateApplicationGroupInApplicationGroupData"
  trace="disable" xmlns="http://ws.apache.org/ns/synapse">
  <call-template description="Log-INFO" target="gov:com/commons/util/v1/templates/LoggerTemplate.xml">
    <with-param name="SequenceName" value="CreateApplicationGroupInApplicationGroupData"/>
    <with-param name="Message" value="Going to Create ApplicationGroup in ApplicationGroup Data"/>
    <with-param name="LogLevel" value="INFO"/>
  </call-template>
  <property description="OrganizationId"
    expression="//this:CreateApplicationGroupRequest/organization:OrganizationId"
    name="OrganizationId" scope="default" type="STRING"
    xmlns:applicationgroup="http://www.w-integrate.nl/cdm/xsd/applicationgroup_01"
    xmlns:cmm="http://www.w-integrate.nl/cmm/xsd/cmm_01"
    xmlns:organization="http://www.w-integrate.nl/cdm/xsd/organization_01" xmlns:this="http://www.w-integrate.nl/xsd/clientmanagement_01/requestresponse"/>
  <xslt description="CreateApplicationGroupDataRequest" key="gov:nl/weintegrate/wealert/service/clientmanagement/v1/xslt/CreateApplicationGroupCDMToApplicationGroupDataRequest.xslt">
    <property expression="get-property('OrganizationId')" name="OrganizationId"/>
    <resource
      key="gov:nl/weintegrate/wealert/service/clientmanagement/v1/xslt/CreateApplicationGroupCDMToApplicationGroupDataRequest.xslt" location="CreateApplicationGroupCDMToApplicationGroupDataRequest.xslt"/>
  </xslt>
  <property description="ApplicationGroupId"
    expression="//*[local-name()='ApplicationGroupId']"
    name="ApplicationGroupId" scope="default" type="STRING"/>
  <property description="AppGroupOperationName"
    name="AppGroupDataOperationName" scope="default" type="STRING" value="CreateApplicationGroup"/>
  <sequence key="SendRequestToApplicationGroupData"/>
</sequence>
