<?xml version="1.0" encoding="UTF-8"?>
<sequence name="CreateApplicationGroupOutSequence" trace="disable" xmlns="http://ws.apache.org/ns/synapse">
  <log level="full" separator="---=== CreateApplicationGroupOutSequence ===---"/>
  <property description="SequenceType" name="MessageFrom"
    scope="default" type="STRING" value="IAM"/>
  <property description="SequenceType" name="MessageDestination"
    scope="default" type="STRING" value="Client"/>
  <sequence key="ConvertCreateApplicationGroupIAMResponseToCDMResponse"/>
  <property description="ApplicationGroupId"
    expression="//*[local-name()='ApplicationGroupId']"
    name="ApplicationGroupId" scope="default" type="STRING"/>
  <filter xmlns:ns="http://org.apache.synapse/xsd" xpath="//*[local-name()='ResponseCode']='CM-N-0000'">
    <then>
      <sequence key="CreateEventSubscriptionForApplicationGroup"/>
    </then>
    <else>
      <sequence key="ClientMangementResponseSender"/>
    </else>
  </filter>
</sequence>
