<?xml version="1.0" encoding="UTF-8"?>
<sequence name="CreateApplicationGroupInSequence" trace="disable" xmlns="http://ws.apache.org/ns/synapse">
  <log level="full" separator="---=== CreateApplicationGroupInSequence ===---"/>
  <property description="OperationName" name="RequestOperationName"
    scope="default" type="STRING" value="CreateApplicationGroup"/>
  <property description="MessageFrom" name="MessageFrom" scope="default"
    type="STRING" value="Client"/>
  <property description="MessageDestination" name="MessageDestination"
    scope="default" type="STRING" value="IAM"/>
  <property description="ResponseType"
    expression="get-property('transport', 'Accept')" name="ResponseType"
    scope="default" type="STRING" xmlns:ns="http://org.apache.synapse/xsd"/>
  <property description="ContentType" name="ContentType" scope="axis2"
    type="STRING" value="application/xml"/>
  <property description="messageType" name="messageType" scope="axis2"
    type="STRING" value="application/xml"/>
  <filter regex="application/json" source="get-property('ResponseType')" xmlns:ns="http://org.apache.synapse/xsd">
    <then>
      <xslt description="JsonToXML" key="gov:nl/weintegrate/wealert/service/clientmanagement/v1/xslt/CreateApplicationGroupJsonToCDMRequest.xslt">
        <resource
          key="gov:nl/weintegrate/wealert/service/clientmanagement/v1/xslt/CreateApplicationGroupJsonToCDMRequest.xslt" location="CreateApplicationGroupJsonToCDMRequest.xslt"/>
      </xslt>
      <log description="Log-INFO" separator="json converted to XML request."/>
    </then>
    <else/>
  </filter>
  <property description="RequestMessage"
    expression="//*[local-name()='CreateApplicationGroupRequest']"
    name="RequestMessage" scope="default" type="OM" xmlns:ns="http://org.apache.synapse/xsd"/>
  <property description="CorrelationId"
    expression="//*[local-name()='CorrelationId']" name="CorrelationId"
    scope="default" type="STRING" xmlns:ns="http://org.apache.synapse/xsd"/>
  <property description="ApplicationGroupId"
    expression="//*[local-name()='ApplicationGroupId']"
    name="ApplicationGroupId" scope="default" type="STRING" xmlns:ns="http://org.apache.synapse/xsd"/>
  <property description="ApplicationGroupName"
    expression="//*[local-name()='ApplicationGroupName']"
    name="ApplicationGroupName" scope="default" type="STRING" xmlns:ns="http://org.apache.synapse/xsd"/>
  <sequence key="ValidateCreateApplicationGroupCDMRequest"/>
  <sequence key="CreateApplicationGroupInApplicationGroupData"/>
  <filter xmlns:ns="http://org.apache.synapse/xsd" xpath="//*[local-name()='REQUEST_STATUS']='SUCCESSFUL'">
    <then>
      <payloadFactory description="RequestMessage" media-type="xml">
        <format>
          <soapenv:Envelope xmlns:soapenv="http://schemas.xmlsoap.org/soap/envelope/">
            <soapenv:Body>$1</soapenv:Body>
          </soapenv:Envelope>
        </format>
        <args>
          <arg evaluator="xml" expression="get-property('RequestMessage')"/>
        </args>
      </payloadFactory>
      <sequence key="ConvertCreateApplicationGroupCDMRequestToIAMRequest"/>
      <sequence key="SendRequestToIAM"/>
    </then>
    <else>
      <payloadFactory description="ErroResponse" media-type="xml">
        <format>
          <this:CreateApplicationGroupResponse
            xmlns:address="http://www.w-integrate.nl/cdm/xsd/address_01"
            xmlns:applicationgroup="http://www.w-integrate.nl/cdm/xsd/applicationgroup_01"
            xmlns:channel="http://www.w-integrate.nl/cdm/xsd/communicationchannel_01"
            xmlns:cmm="http://www.w-integrate.nl/cmm/xsd/cmm_01"
            xmlns:organization="http://www.w-integrate.nl/cdm/xsd/organization_01"
            xmlns:person="http://www.w-integrate.nl/cdm/xsd/person_01"
            xmlns:role="http://www.w-integrate.nl/cdm/xsd/role_01"
            xmlns:this="http://www.w-integrate.nl/xsd/clientmanagement_01/requestresponse"
            xmlns:user="http://www.w-integrate.nl/cdm/xsd/user_01" xmlns:xsi="http://www.w3.org/2001/XMLSchema-instance">
            <this:Header>
              <cmm:CMMHeader>
                <cmm:CorrelationId>$1</cmm:CorrelationId>
              </cmm:CMMHeader>
            </this:Header>
            <this:Result>
              <cmm:ResponseCode>CM-E-3001</cmm:ResponseCode>
              <cmm:ResponseMessage>Error while creating application group.</cmm:ResponseMessage>
            </this:Result>
          </this:CreateApplicationGroupResponse>
        </format>
        <args>
          <arg evaluator="xml" expression="get-property('CorrelationId')"/>
        </args>
      </payloadFactory>
	  <property name="HTTP_SC" scope="axis2" type="STRING" value="200"/>
      <sequence key="ClientManagementResponseSender"/>
    </else>
  </filter>
</sequence>
