<?xml version="1.0" encoding="UTF-8"?>
<sequence name="CreateUserInUserData" trace="disable" xmlns="http://ws.apache.org/ns/synapse">
  <call-template description="Log-INFO" target="gov:com/commons/util/v1/templates/LoggerTemplate.xml">
    <with-param name="SequenceName" value="CreateUserInUserData"/>
    <with-param name="Message" value="Going to Create User in User Data"/>
    <with-param name="LogLevel" value="INFO"/>
  </call-template>
  <property expression="//*[local-name()='OrganizationId']"
    name="OrganizationId" scope="default" type="STRING"/>
  <property expression="get-property('MessageID')" name="MessageId"
    scope="default" type="STRING"/>
  <xslt description="CreateUserDataRequest" key="gov:nl/weintegrate/wealert/service/clientmanagement/v1/xslt/CreateUserCDMToUserDataRequest.xslt">
    <property expression="get-property('OrganizationId')" name="OrganizationId"/>
    <property expression="get-property('MessageID')" name="UUId"/>
    <resource
      key="gov:nl/weintegrate/wealert/service/clientmanagement/v1/xslt/CreateUserCDMToUserDataRequest.xslt" location="CreateUserCDMToClientDataRequest.xslt"/>
  </xslt>
  <property description="UserDataOperationName"
    name="UserDataOperationName" scope="default" type="STRING" value="CreateUser"/>
  <sequence key="SendRequestToUserData"/>
</sequence>
