<?xml version="1.0" encoding="UTF-8"?>
<sequence name="CreateUserOutSequence" trace="disable" xmlns="http://ws.apache.org/ns/synapse">
  <log level="full" separator="---=== CreateUserOutSequence ===---"/>
  <clone sequential="true">
        <target>
            <sequence>
                <property name="MessageFrom" scope="default"
                    type="STRING" value="IAM"/>
                <property name="MessageDestination" scope="default"
                    type="STRING" value="Client"/>
                <sequence key="ConvertCreateUserIAMResponseToCDMResponse"/>
                <sequence key="ValidateCreateUserCDMResponse"/>
                <sequence key="ClientManagementResponseSender"/>
            </sequence>
        </target>
        <target>
            <sequence>
                <payloadFactory media-type="xml">
                    <format>
                        <soapenv:Envelope xmlns:soapenv="http://schemas.xmlsoap.org/soap/envelope/">
                            <soapenv:Body>$1</soapenv:Body>
                        </soapenv:Envelope>
                    </format>
                    <args>
                        <arg evaluator="xml"
                            expression="get-property('RequestMessage')" xmlns:ns="http://org.apache.synapse/xsd"/>
                    </args>
                </payloadFactory>
                <property name="OUT_ONLY" value="true"/>
                <call>
                    <endpoint>
                        <address format="pox" uri="LOCAL_HOST_URL/services/EmailSender"/>
                    </endpoint>
                </call>
                <log level="full" separator="---=== Email invoked ===---"/>
                <drop/>
            </sequence>
        </target>
    </clone>
</sequence>
