<?xml version="1.0" encoding="UTF-8"?>
<sequence name="DeleteUserFromApplicationGroupOutSequence"
  trace="disable" xmlns="http://ws.apache.org/ns/synapse">
  <log level="full" separator="---=== DeleteUserFromApplicationGroupOutSequence ===---"/>
  <property description="SequenceType" name="MessageFrom"
    scope="default" type="STRING" value="IAM"/>
  <property description="SequenceType" name="MessageDestination"
    scope="default" type="STRING" value="Client"/>
  <aggregate id="UserIds">
    <completeCondition>
      <messageCount max="-1" min="{get-property('USERID_COUNT')}" xmlns:ns="http://org.apache.synapse/xsd"/>
    </completeCondition>
    <onComplete enclosingElementProperty="ROOT"
      expression="//this:GetUserNameResponse"
      xmlns:ns="http://org.apache.synapse/xsd" xmlns:this="http://www.w-integrate.nl/data/service/user_01">
      <sequence key="ConvertDeleteUserFromApplicationGroupCDMRequestToIAMRequest"/>
      <sequence key="SendRequestToIAM"/>
    </onComplete>
  </aggregate>
  <sequence key="ConvertDeleteUserFromApplicationGroupIAMResponseToCDMResponse"/>
  <!-- <sequence key="ValidateDeleteUserFromApplicationGroupCDMResponse"/> -->
  <sequence key="ClientManagementResponseSender"/>
</sequence>
