<?xml version="1.0" encoding="UTF-8"?>
<sequence name="DeleteUserFromApplicationGroupInApplicationGroupData"
  trace="disable" xmlns="http://ws.apache.org/ns/synapse">
  <call-template description="Log-INFO" target="gov:com/commons/util/v1/templates/LoggerTemplate.xml">
    <with-param name="SequenceName" value="DeleteUserFromApplicationGroupInApplicationGroupData"/>
    <with-param name="Message" value="Going to Delete User from ApplicationGroup in ApplicationGroup Data"/>
    <with-param name="LogLevel" value="INFO"/>
  </call-template>
  <xslt description="DeleteUserFromApplicationGroupDataRequest" key="gov:nl/weintegrate/wealert/service/clientmanagement/v1/xslt/DeleteUserFromApplicationGroupCDMToApplicationGroupDataRequest.xslt">
    <property expression="get-property('OrganizationId')" name="OrganizationId"/>
    <resource
      key="gov:nl/weintegrate/wealert/service/clientmanagement/v1/xslt/DeleteUserFromApplicationGroupCDMToApplicationGroupDataRequest.xslt" location="DeleteUserFromApplicationGroupCDMToApplicationGroupDataRequest.xslt"/>
  </xslt>
  <property description="AppGroupOperationName"
    name="AppGroupDataOperationName" scope="default" type="STRING" value="DeleteUserFromApplicationGroup"/>
  <sequence key="SendRequestToApplicationGroupData"/>
</sequence>
