<?xml version="1.0" encoding="UTF-8"?>
<sequence name="DeleteApplicationGroupOutSequence" trace="disable" xmlns="http://ws.apache.org/ns/synapse">
  <log level="full" separator="---=== DeleteApplicationGroupOutSequence ===---"/>
  <property description="SequenceType" name="MessageFrom"
    scope="default" type="STRING" value="IAM"/>
  <property description="SequenceType" name="MessageDestination"
    scope="default" type="STRING" value="Client"/>
  <filter xmlns:ns="http://org.apache.synapse/xsd" xpath="//*[local-name()='REQUEST_STATUS']='SUCCESSFUL'">
    <then>
      <payloadFactory description="GetUserRequest" media-type="xml">
        <format>
          <soapenv:Envelope xmlns:soapenv="http://schemas.xmlsoap.org/soap/envelope/">
            <soapenv:Body>
              <p:GetClient xmlns:p="http://www.w-integrate.nl/data/service/client_01">
                <p:OrganizationId>$1</p:OrganizationId>
              </p:GetClient>
            </soapenv:Body>
          </soapenv:Envelope>
        </format>
        <args>
          <arg evaluator="xml" expression="get-property('uri.var.OrganizationId')"/>
        </args>
      </payloadFactory>
      <property description="OUT_ONLY" name="OUT_ONLY" scope="default"
        type="STRING" value="false"/>
      <header name="Action" scope="default" value="urn:GetClient"/>
      <call>
        <endpoint key="gov:nl/weintegrate/wealert/service/clientmanagement/v1/endpoint/CreateClientDataEndpoint.xml"/>
      </call>
      <property description="AdminUser"
        expression="fn:concat('admin@',//*[local-name()='OrganizationDomain'])"
        name="uri.var.UserName" scope="default" type="STRING"/>
      <sequence key="DeleteApplicationGroupFromIAM"/>
      <sequence key="DeleteSubscriptionForApplicationGroup"/>
    </then>
    <else>
      <payloadFactory media-type="xml">
        <format>
          <this:DeleteApplicationGroupResponse
            xmlns:address="http://www.w-integrate.nl/cdm/xsd/address_01"
            xmlns:applicationgroup="http://www.w-integrate.nl/cdm/xsd/applicationgroup_01"
            xmlns:channel="http://www.w-integrate.nl/cdm/xsd/communicationchannel_01"
            xmlns:cmm="http://www.w-integrate.nl/cmm/xsd/cmm_01"
            xmlns:organization="http://www.w-integrate.nl/cdm/xsd/organization_01"
            xmlns:person="http://www.w-integrate.nl/cdm/xsd/person_01"
            xmlns:role="http://www.w-integrate.nl/cdm/xsd/role_01"
            xmlns:this="http://www.w-integrate.nl/xsd/clientmanagement_01/requestresponse"
            xmlns:user="http://www.w-integrate.nl/cdm/xsd/user_01" xmlns:xsi="http://www.w3.org/2001/XMLSchema-instance">
            <this:Header>
              <cmm:CMMHeader>
                <cmm:CorrelationId>$1</cmm:CorrelationId>
              </cmm:CMMHeader>
            </this:Header>
            <this:Result>
              <cmm:ResponseCode>CM-E-9999</cmm:ResponseCode>
              <cmm:ResponseMessage>Error while deleting ApplicationGroup from the system.</cmm:ResponseMessage>
            </this:Result>
          </this:DeleteApplicationGroupResponse>
        </format>
        <args>
          <arg evaluator="xml" expression="get-property('CorrelationId')"/>
        </args>
      </payloadFactory>
    </else>
  </filter>
  <sequence key="ClientManagementResponseSender"/>
</sequence>
