<?xml version="1.0" encoding="UTF-8"?>
<sequence name="GetApplicationGroupFaultSequence" trace="disable" xmlns="http://ws.apache.org/ns/synapse">
  <call-template description="Log-INFO" target="gov:com/commons/util/v1/templates/LoggerTemplate.xml">
    <with-param name="SequenceName" value="ConvertGetApplicationGroupFaultSequence"/>
    <with-param name="Message" value="Error occurred in GetApplicationGroup."/>
    <with-param name="LogLevel" value="INFO"/>
  </call-template>
  <switch source="get-property('ERROR_MESSAGE')">
    <case regex="Unable to perform XSLT transformation using.*">
      <property description="ApplicationGroupMessage"
        name="ApplicationGroupMessage" scope="default" type="STRING" value="An internal error has occurred while transforming the message."/>
    </case>
    <case regex="Unexpected error during sending message out.*">
      <property description="ApplicationGroupMessage"
        name="ApplicationGroupMessage" scope="default" type="STRING" value="Service is unavailable at this time. Please try again later."/>
    </case>
    <case regex="Error connecting to the back end.*">
      <property description="ApplicationGroupMessage"
        name="ApplicationGroupMessage" scope="default" type="STRING" value="Service is unavailable at this time. Please try again later."/>
    </case>
    <default>
      <property description="ApplicationGroupMessage"
        name="ApplicationGroupMessage" scope="default" type="STRING" value="An unexpected error has occurred."/>
    </default>
  </switch>
  <clone>
    <target>
      <sequence>
        <payloadFactory media-type="xml">
          <format>
            <this:GetApplicationGroupResponse
              xmlns:ApplicationGroup="http://www.w-integrate.nl/cdm/xsd/ApplicationGroup_01"
              xmlns:address="http://www.w-integrate.nl/cdm/xsd/address_01"
              xmlns:applicationgroup="http://www.w-integrate.nl/cdm/xsd/applicationgroup_01"
              xmlns:channel="http://www.w-integrate.nl/cdm/xsd/communicationchannel_01"
              xmlns:cmm="http://www.w-integrate.nl/cmm/xsd/cmm_01"
              xmlns:organization="http://www.w-integrate.nl/cdm/xsd/organization_01"
              xmlns:person="http://www.w-integrate.nl/cdm/xsd/person_01"
              xmlns:role="http://www.w-integrate.nl/cdm/xsd/role_01"
              xmlns:this="http://www.w-integrate.nl/xsd/ApplicationGroupmanagement_01/requestresponse" xmlns:xsi="http://www.w3.org/2001/XMLSchema-instance">
              <this:Header>
                <cmm:CMMHeader>
                  <cmm:CorrelationId>$1</cmm:CorrelationId>
                </cmm:CMMHeader>
              </this:Header>
              <this:Result>
                <cmm:ResponseCode>CM-E-9999</cmm:ResponseCode>
                <cmm:ResponseMessage>$2</cmm:ResponseMessage>
              </this:Result>
            </this:GetApplicationGroupResponse>
          </format>
          <args>
            <arg evaluator="xml"
              expression="get-property('CorrelationId')" xmlns:ns="http://org.apache.synapse/xsd"/>
            <arg evaluator="xml"
              expression="get-property('UserMessage')" xmlns:ns="http://org.apache.synapse/xsd"/>
          </args>
        </payloadFactory>
        <switch source="get-property('ResponseType')" xmlns:ns="http://org.apache.synapse/xsd">
          <case regex="application/xml">
            <header name="Accept" scope="transport" value="application/xml"/>
            <property description="ContentType" name="ContentType"
              scope="axis2" type="STRING" value="application/xml"/>
            <property description="messageType" name="messageType"
              scope="axis2" type="STRING" value="application/xml"/>
          </case>
          <case regex="application/json">
            <header name="Accept" scope="transport" value="application/json"/>
            <property description="ContentType" name="ContentType"
              scope="axis2" type="STRING" value="application/json"/>
            <property description="messageType" name="messageType"
              scope="axis2" type="STRING" value="application/json"/>
          </case>
          <default>
            <header name="Accept" scope="transport" value="application/xml"/>
            <property description="ContentType" name="ContentType"
              scope="axis2" type="STRING" value="application/xml"/>
            <property description="messageType" name="messageType"
              scope="axis2" type="STRING" value="application/xml"/>
          </default>
        </switch>
        <property action="remove" name="NO_ENTITY_BODY" scope="axis2"/>
        <property name="HTTP_SC" scope="axis2" type="STRING" value="500"/>
        <respond/>
      </sequence>
    </target>
    <target>
      <sequence>
        <payloadFactory description="ErrorMessage" media-type="xml">
          <format>
            <err:Error xmlns:err="http://ws.apache.org/ns/synapse">
              <Header>
                <CMMHeader>
                  <MessageTimeStamp>$5</MessageTimeStamp>
                  <MessageId>$6</MessageId>
                  <ComponentId>ClientManagement</ComponentId>
                  <From>$1</From>
                  <To>$2</To>
                  <Operation>GetApplicationGroup</Operation>
                  <Domain>wealert</Domain>
                </CMMHeader>
              </Header>
              <ErrorCode>$7</ErrorCode>
              <ErrorMessage>$3</ErrorMessage>
              <ErrorDetail>$6</ErrorDetail>
              <ErrorException>$4</ErrorException>
            </err:Error>
          </format>
          <args>
            <arg evaluator="xml" expression="get-property('MessageFrom')"/>
            <arg evaluator="xml" expression="get-property('MessageDestination')"/>
            <arg evaluator="xml" expression="get-property('ERROR_MESSAGE')"/>
            <arg evaluator="xml" expression="get-property('ERROR_EXCEPTION')"/>
            <arg evaluator="xml" expression="current-dateTime()"/>
            <arg evaluator="xml" expression="get-property('ERROR_DETAIL')"/>
            <arg evaluator="xml" expression="get-property('ERROR_CODE')"/>
            <arg evaluator="xml" expression="get-property('CorrelationId')"/>
          </args>
        </payloadFactory>
        <log category="ERROR" level="full" separator="---=== Fault Sequence GetApplicationGroup ===---"/>
        <property name="OUT_ONLY" scope="default" type="STRING" value="true"/>
        <call>
          <endpoint key="gov:nl/weintegrate/wealert/service/clientmanagement/v1/endpoint/ErrorQueueEndpoint.xml"/>
        </call>
      </sequence>
    </target>
  </clone>
</sequence>
