<?xml version="1.0" encoding="UTF-8"?>
<sequence name="GetApplicationGroupOutSequence" trace="disable" xmlns="http://ws.apache.org/ns/synapse">
  <log separator="---=== GetApplicationGroupOutSequence ===---"/>
  <property description="SequenceType" name="MessageFrom"
    scope="default" type="STRING" value="IAM"/>
  <property description="SequenceType" name="MessageDestination"
    scope="default" type="STRING" value="ApplicationGroup"/>
  <filter xmlns:ns="http://org.apache.synapse/xsd" xpath="//*[local-name()='GetApplicationGroupResponse']!=''">
    <then>
      <sequence key="ConvertGetApplicationGroupDataResponseToCDMResponse"/>
      <sequence key="ClientManagementResponseSender"/>
    </then>
    <else>
      <payloadFactory description="ErroResponse" media-type="xml">
        <format>
          <this:GetApplicationGroupResponse
            xmlns:ApplicationGroup="http://www.w-integrate.nl/cdm/xsd/ApplicationGroup_01"
            xmlns:address="http://www.w-integrate.nl/cdm/xsd/address_01"
            xmlns:applicationgroup="http://www.w-integrate.nl/cdm/xsd/applicationgroup_01"
            xmlns:channel="http://www.w-integrate.nl/cdm/xsd/communicationchannel_01"
            xmlns:cmm="http://www.w-integrate.nl/cmm/xsd/cmm_01"
            xmlns:organization="http://www.w-integrate.nl/cdm/xsd/organization_01"
            xmlns:person="http://www.w-integrate.nl/cdm/xsd/person_01"
            xmlns:role="http://www.w-integrate.nl/cdm/xsd/role_01"
            xmlns:this="http://www.w-integrate.nl/xsd/ApplicationGroupmanagement_01/requestresponse" xmlns:xsi="http://www.w3.org/2001/XMLSchema-instance">
            <this:Header>
              <cmm:CMMHeader>
                <cmm:CorrelationId>$1</cmm:CorrelationId>
              </cmm:CMMHeader>
            </this:Header>
            <this:Result>
              <cmm:ResponseCode>CM-W-0001</cmm:ResponseCode>
              <cmm:ResponseMessage>Record does not exist. Please check input parameters.</cmm:ResponseMessage>
            </this:Result>
          </this:GetApplicationGroupResponse>
        </format>
        <args>
          <arg evaluator="xml" expression="get-property('CorrelationId')"/>
        </args>
      </payloadFactory>
      <sequence key="ClientManagementResponseSender"/>
    </else>
  </filter>
</sequence>
