<?xml version="1.0" encoding="UTF-8"?>
<sequence name="GetOrganizationByDomainOutSequence" trace="disable" xmlns="http://ws.apache.org/ns/synapse">
    <call-template description="Log-INFO" target="gov:com/commons/util/v1/templates/LoggerTemplate.xml">
        <with-param name="SequenceName" value="GetOrganizationByDomainOutSequence"/>
        <with-param name="Message" value="Get Organization By Domain OutSequence"/>
        <with-param name="LogLevel" value="INFO"/>
    </call-template>
    <property description="SequenceType" name="MessageFrom" scope="default" type="STRING" value="DSS"/>
    <property description="SequenceType" name="MessageDestination" scope="default" type="STRING" value="Client"/>
    <filter xpath="//*[local-name() = 'Organization'] != ''">
        <then>
            <property expression="//*[local-name() = 'OrganizationId']" name="OrganizationId" scope="default" type="STRING"/>
            <property expression="//*[local-name() = 'OrganizationName']" name="OrganizationName" scope="default" type="STRING"/>
            <property expression="//*[local-name() = 'OrganizationDomain']" name="OrganizationDomain" scope="default" type="STRING"/>
            <payloadFactory media-type="xml">
                <format>
                    <this:GetOrganizationByDomainResponse xmlns:address="http://www.w-integrate.nl/cdm/xsd/address_01" xmlns:applicationgroup="http://www.w-integrate.nl/cdm/xsd/applicationgroup_01" xmlns:channel="http://www.w-integrate.nl/cdm/xsd/communicationchannel_01" xmlns:cmm="http://www.w-integrate.nl/cmm/xsd/cmm_01" xmlns:organization="http://www.w-integrate.nl/cdm/xsd/organization_01" xmlns:person="http://www.w-integrate.nl/cdm/xsd/person_01" xmlns:role="http://www.w-integrate.nl/cdm/xsd/role_01" xmlns:this="http://www.w-integrate.nl/xsd/clientmanagement_01/requestresponse" xmlns:user="http://www.w-integrate.nl/cdm/xsd/user_01" xmlns:xsi="http://www.w3.org/2001/XMLSchema-instance" xsi:schemaLocation="http://www.w-integrate.nl/xsd/clientmanagement_01/requestresponse ClientManagement_01_RequestResponse.xsd ">
                        <this:Header>
                            <cmm:CMMHeader>
                                <cmm:CorrelationId>$4</cmm:CorrelationId>
                            </cmm:CMMHeader>
                        </this:Header>
                        <this:Result>
                            <cmm:ResponseCode>CM-N-0000</cmm:ResponseCode>
                            <cmm:ResponseMessage>Success</cmm:ResponseMessage>
                        </this:Result>
                        <this:Organization>
                            <organization:OrganizationId>$1</organization:OrganizationId>
                            <organization:OrganizationName>$2</organization:OrganizationName>
                            <organization:OrganizationDomain>$3</organization:OrganizationDomain>
                        </this:Organization>
                    </this:GetOrganizationByDomainResponse>
                </format>
                <args>
                    <arg evaluator="xml" expression="get-property('OrganizationId')"/>
                    <arg evaluator="xml" expression="get-property('OrganizationName')"/>
                    <arg evaluator="xml" expression="get-property('OrganizationDomain')"/>
                    <arg evaluator="xml" expression="get-property('CorrelationId')"/>
                </args>
            </payloadFactory>
        </then>
        <else>
            <payloadFactory media-type="xml">
                <format>
                    <this:GetOrganizationByDomainResponse xmlns:address="http://www.w-integrate.nl/cdm/xsd/address_01" xmlns:applicationgroup="http://www.w-integrate.nl/cdm/xsd/applicationgroup_01" xmlns:channel="http://www.w-integrate.nl/cdm/xsd/communicationchannel_01" xmlns:cmm="http://www.w-integrate.nl/cmm/xsd/cmm_01" xmlns:organization="http://www.w-integrate.nl/cdm/xsd/organization_01" xmlns:person="http://www.w-integrate.nl/cdm/xsd/person_01" xmlns:role="http://www.w-integrate.nl/cdm/xsd/role_01" xmlns:this="http://www.w-integrate.nl/xsd/clientmanagement_01/requestresponse" xmlns:user="http://www.w-integrate.nl/cdm/xsd/user_01" xmlns:xsi="http://www.w3.org/2001/XMLSchema-instance" xsi:schemaLocation="http://www.w-integrate.nl/xsd/clientmanagement_01/requestresponse ClientManagement_01_RequestResponse.xsd ">
                        <this:Header>
                            <cmm:CMMHeader>
                                <cmm:CorrelationId>$1</cmm:CorrelationId>
                            </cmm:CMMHeader>
                        </this:Header>
                        <this:Result>
                            <cmm:ResponseCode>CM-W-0001</cmm:ResponseCode>
                            <cmm:ResponseMessage>Organization does not exist. Please check input parameters</cmm:ResponseMessage>
                        </this:Result>
                    </this:GetOrganizationByDomainResponse>
                </format>
                <args>
                    <arg evaluator="xml" expression="get-property('CorrelationId')"/>
                </args>
            </payloadFactory>
        </else>
    </filter>
    <switch source="get-property('ResponseType')" xmlns:ns="http://org.apache.synapse/xsd">
        <case regex="application/xml">
            <header name="Accept" scope="transport" value="application/xml"/>
            <property description="ContentType" name="ContentType" scope="axis2" type="STRING" value="application/xml"/>
            <property description="messageType" name="messageType" scope="axis2" type="STRING" value="application/xml"/>
        </case>
        <case regex="application/json">
            <header name="Accept" scope="transport" value="application/json"/>
            <property description="ContentType" name="ContentType" scope="axis2" type="STRING" value="application/json"/>
            <property description="messageType" name="messageType" scope="axis2" type="STRING" value="application/json"/>
        </case>
        <default>
            <header name="Accept" scope="transport" value="application/xml"/>
            <property description="ContentType" name="ContentType" scope="axis2" type="STRING" value="application/xml"/>
            <property description="messageType" name="messageType" scope="axis2" type="STRING" value="application/xml"/>
        </default>
    </switch>
    <respond/>
</sequence>
