<?xml version="1.0" encoding="UTF-8"?>
<sequence name="GetOrganizationByDomainInSequence" trace="disable" xmlns="http://ws.apache.org/ns/synapse">
    <call-template description="Log-INFO" target="gov:com/commons/util/v1/templates/LoggerTemplate.xml">
        <with-param name="SequenceName" value="GetOrganizationByDomainInSequence"/>
        <with-param name="Message" value="Get Organization By Domain InSequence"/>
        <with-param name="LogLevel" value="INFO"/>
    </call-template>
    <property description="OperationName" name="RequestOperationName" scope="default" type="STRING" value="GetOrganizationByDomain"/>
    <property description="MessageFrom" name="MessageFrom" scope="default" type="STRING" value="Client"/>
    <property description="MessageDestination" name="MessageDestination" scope="default" type="STRING" value="DSS"/>
    <property description="ResponseType" expression="get-property('transport', 'Accept')" name="ResponseType" scope="default" type="STRING" xmlns:ns="http://org.apache.synapse/xsd"/>
    <property description="ContentType" name="ContentType" scope="axis2" type="STRING" value="application/xml"/>
    <property description="messageType" name="messageType" scope="axis2" type="STRING" value="application/xml"/>
    <property expression="get-property('query.param.OrganizationDomain')" name="OrganizationDomain" scope="default" type="STRING"/>
    <property expression="get-property('query.param.CorrelationId')" name="CorrelationId" scope="default" type="STRING"/>
    <payloadFactory description="CDMRequest" media-type="xml">
        <format>
            <this:GetOrganizationByDomainRequest xmlns:address="http://www.w-integrate.nl/cdm/xsd/address_01" xmlns:applicationgroup="http://www.w-integrate.nl/cdm/xsd/applicationgroup_01" xmlns:channel="http://www.w-integrate.nl/cdm/xsd/communicationchannel_01" xmlns:cmm="http://www.w-integrate.nl/cmm/xsd/cmm_01" xmlns:organization="http://www.w-integrate.nl/cdm/xsd/organization_01" xmlns:person="http://www.w-integrate.nl/cdm/xsd/person_01" xmlns:role="http://www.w-integrate.nl/cdm/xsd/role_01" xmlns:this="http://www.w-integrate.nl/xsd/clientmanagement_01/requestresponse" xmlns:user="http://www.w-integrate.nl/cdm/xsd/user_01" xmlns:xsi="http://www.w3.org/2001/XMLSchema-instance" xsi:schemaLocation="http://www.w-integrate.nl/xsd/clientmanagement_01/requestresponse ClientManagement_01_RequestResponse.xsd ">
                <this:Header>
                    <cmm:CMMHeader>
                        <cmm:CorrelationId>$1</cmm:CorrelationId>
                    </cmm:CMMHeader>
                </this:Header>
                <this:ClientContext>
                    <organization:OrganizationDomain>$2</organization:OrganizationDomain>
                </this:ClientContext>
                <organization:OrganizationDomain>$2</organization:OrganizationDomain>
            </this:GetOrganizationByDomainRequest>
        </format>
        <args>
            <arg evaluator="xml" expression="get-property('CorrelationId')"/>
            <arg evaluator="xml" expression="get-property('OrganizationDomain')"/>
        </args>
    </payloadFactory>
    <sequence key="ValidateGetOrganizationByDomainCDMRequest"/>
    <sequence key="ConvertGetOrganizationByDomainCDMRequestToCDRequest"/>
    <sequence key="SendRequestToOrganizationData"/>
</sequence>
