<?xml version="1.0" encoding="UTF-8"?>
<sequence name="GetUserByEmailOutSequence" trace="disable" xmlns="http://ws.apache.org/ns/synapse">
    <call-template description="Log-INFO" target="gov:com/commons/util/v1/templates/LoggerTemplate.xml">
        <with-param name="SequenceName" value="GetUserByEmailOutSequence"/>
        <with-param name="Message" value="Get User By Email OutSequence"/>
        <with-param name="LogLevel" value="INFO"/>
    </call-template>
    <property description="SequenceType" name="MessageFrom" scope="default" type="STRING" value="DSS"/>
    <property description="SequenceType" name="MessageDestination" scope="default" type="STRING" value="Client"/>
    <filter xpath="//*[local-name() = 'User'] != ''">
        <then>
            <property expression="//*[local-name() = 'UserId']" name="UserId" scope="default" type="STRING"/>
            <property expression="//*[local-name() = 'UserName']" name="UserName" scope="default" type="STRING"/>
            <property expression="//*[local-name() = 'UsertType']" name="UsertType" scope="default" type="STRING"/>
            <property expression="//*[local-name() = 'UsertStatus']" name="UsertStatus" scope="default" type="STRING"/>
            <property expression="//*[local-name() = 'FirstName']" name="FirstName" scope="default" type="STRING"/>
            <property expression="//*[local-name() = 'LastName']" name="LastName" scope="default" type="STRING"/>
            <property expression="//*[local-name() = 'UserEmail']" name="UserEmail" scope="default" type="STRING"/>
            <property expression="//*[local-name() = 'UserMobile']" name="UserMobile" scope="default" type="STRING"/>
            <property expression="//*[local-name() = 'UserRole']" name="UserRole" scope="default" type="STRING"/>
            <property expression="//*[local-name() = 'OrganizationId']" name="OrganizationId" scope="default" type="STRING"/>
            <payloadFactory media-type="xml">
                <format>
                    <this:GetUserByEmailResponse xmlns:address="http://www.w-integrate.nl/cdm/xsd/address_01" xmlns:applicationgroup="http://www.w-integrate.nl/cdm/xsd/applicationgroup_01" xmlns:channel="http://www.w-integrate.nl/cdm/xsd/communicationchannel_01" xmlns:cmm="http://www.w-integrate.nl/cmm/xsd/cmm_01" xmlns:organization="http://www.w-integrate.nl/cdm/xsd/organization_01" xmlns:person="http://www.w-integrate.nl/cdm/xsd/person_01" xmlns:role="http://www.w-integrate.nl/cdm/xsd/role_01" xmlns:this="http://www.w-integrate.nl/xsd/clientmanagement_01/requestresponse" xmlns:user="http://www.w-integrate.nl/cdm/xsd/user_01" xmlns:xsi="http://www.w3.org/2001/XMLSchema-instance" xsi:schemaLocation="http://www.w-integrate.nl/xsd/clientmanagement_01/requestresponse ClientManagement_01_RequestResponse.xsd ">
                        <this:Header>
                            <cmm:CMMHeader>
                                <cmm:CorrelationId>$1</cmm:CorrelationId>
                            </cmm:CMMHeader>
                        </this:Header>
                        <this:Result>
                            <cmm:ResponseCode>CM-N-0000</cmm:ResponseCode>
                            <cmm:ResponseMessage>Success</cmm:ResponseMessage>
                        </this:Result>
                        <this:Client>
                            <organization:OrganizationId>$11</organization:OrganizationId>
                        </this:Client>
                        <this:User>
                            <user:UserId>$2</user:UserId>
                            <user:UserName>$3</user:UserName>
                            <user:UserStatus>$5</user:UserStatus>
                            <user:UserType>$4</user:UserType>
                            <this:PersonalDetail>
                                <person:FirstName>$6</person:FirstName>
                                <person:LastName>$7</person:LastName>
                            </this:PersonalDetail>
                            <this:ContactDetail>
                                <channel:ChannelCode>$8</channel:ChannelCode>
                                <channel:ChannelType>Email</channel:ChannelType>
                            </this:ContactDetail>
                            <this:ContactDetail>
                                <channel:ChannelCode>$9</channel:ChannelCode>
                                <channel:ChannelType>Phone</channel:ChannelType>
                            </this:ContactDetail>
                            <role:RoleId>$10</role:RoleId>
                        </this:User>
                    </this:GetUserByEmailResponse>
                </format>
                <args>
                    <arg evaluator="xml" expression="get-property('CorrelationId')"/>
                    <arg evaluator="xml" expression="get-property('UserId')"/>
                    <arg evaluator="xml" expression="get-property('UserName')"/>
                    <arg evaluator="xml" expression="get-property('UsertType')"/>
                    <arg evaluator="xml" expression="get-property('UsertStatus')"/>
                    <arg evaluator="xml" expression="get-property('FirstName')"/>
                    <arg evaluator="xml" expression="get-property('LastName')"/>
                    <arg evaluator="xml" expression="get-property('UserEmail')"/>
                    <arg evaluator="xml" expression="get-property('UserMobile')"/>
                    <arg evaluator="xml" expression="get-property('UserRole')"/>
                    <arg evaluator="xml" expression="get-property('OrganizationId')"/>
                </args>
            </payloadFactory>
        </then>
        <else>
            <payloadFactory media-type="xml">
                <format>
                    <this:GetUserByEmailResponse xmlns:address="http://www.w-integrate.nl/cdm/xsd/address_01" xmlns:applicationgroup="http://www.w-integrate.nl/cdm/xsd/applicationgroup_01" xmlns:channel="http://www.w-integrate.nl/cdm/xsd/communicationchannel_01" xmlns:cmm="http://www.w-integrate.nl/cmm/xsd/cmm_01" xmlns:organization="http://www.w-integrate.nl/cdm/xsd/organization_01" xmlns:person="http://www.w-integrate.nl/cdm/xsd/person_01" xmlns:role="http://www.w-integrate.nl/cdm/xsd/role_01" xmlns:this="http://www.w-integrate.nl/xsd/clientmanagement_01/requestresponse" xmlns:user="http://www.w-integrate.nl/cdm/xsd/user_01" xmlns:xsi="http://www.w3.org/2001/XMLSchema-instance" xsi:schemaLocation="http://www.w-integrate.nl/xsd/clientmanagement_01/requestresponse ClientManagement_01_RequestResponse.xsd ">
                        <this:Header>
                            <cmm:CMMHeader>
                                <cmm:CorrelationId>$1</cmm:CorrelationId>
                            </cmm:CMMHeader>
                        </this:Header>
                        <this:Result>
                            <cmm:ResponseCode>CM-W-0001</cmm:ResponseCode>
                            <cmm:ResponseMessage>User does not exist. Please check input parameters</cmm:ResponseMessage>
                        </this:Result>
                    </this:GetUserByEmailResponse>
                </format>
                <args>
                    <arg evaluator="xml" expression="get-property('CorrelationId')"/>
                </args>
            </payloadFactory>
        </else>
    </filter>
    <switch source="get-property('ResponseType')" xmlns:ns="http://org.apache.synapse/xsd">
        <case regex="application/xml">
            <header name="Accept" scope="transport" value="application/xml"/>
            <property description="ContentType" name="ContentType" scope="axis2" type="STRING" value="application/xml"/>
            <property description="messageType" name="messageType" scope="axis2" type="STRING" value="application/xml"/>
        </case>
        <case regex="application/json">
            <header name="Accept" scope="transport" value="application/json"/>
            <property description="ContentType" name="ContentType" scope="axis2" type="STRING" value="application/json"/>
            <property description="messageType" name="messageType" scope="axis2" type="STRING" value="application/json"/>
        </case>
        <default>
            <header name="Accept" scope="transport" value="application/xml"/>
            <property description="ContentType" name="ContentType" scope="axis2" type="STRING" value="application/xml"/>
            <property description="messageType" name="messageType" scope="axis2" type="STRING" value="application/xml"/>
        </default>
    </switch>
    <respond/>
</sequence>
