<?xml version="1.0" encoding="UTF-8"?>
<sequence name="ListApplicationGroupUserInSequence" trace="disable" xmlns="http://ws.apache.org/ns/synapse">
  <log level="full" separator="---=== ListApplicationGroupUserInSequence ===---"/>
  <property description="OperationName" name="AppGroupDataOperationName"
    scope="default" type="STRING" value="ListApplicationGroupUser"/>
  <property description="MessageFrom" name="MessageFrom" scope="default"
    type="STRING" value="ApplicationGroup"/>
  <property description="MessageDestination" name="MessageDestination"
    scope="default" type="STRING" value="IAM"/>
  <property description="ResponseType"
    expression="get-property('transport', 'Accept')" name="ResponseType"
    scope="default" type="STRING" xmlns:ns="http://org.apache.synapse/xsd"/>
  <property description="ContentType" name="ContentType" scope="axis2"
    type="STRING" value="application/xml"/>
  <property description="messageType" name="messageType" scope="axis2"
    type="STRING" value="application/xml"/>
  <property description="CorrelationId"
    expression="//*[local-name()='CorrelationId']" name="CorrelationId"
    scope="default" type="STRING" xmlns:ns="http://org.apache.synapse/xsd"/>
  <!--  <sequence key="ValidateListApplicationGroupUserCDMRequest"/> -->
  <sequence key="ConvertListApplicationGroupUserCDMToApplicationGroupDataRequest"/>
  <sequence key="SendRequestToApplicationGroupData"/>
</sequence>
