<?xml version="1.0" encoding="UTF-8"?>
<sequence name="SendRequestToClientData" trace="disable" xmlns="http://ws.apache.org/ns/synapse">
    <call-template description="" target="gov:com/commons/util/v1/templates/LoggerTemplate.xml">
        <with-param name="SequenceName" value="SendRequestToClientData"/>
        <with-param name="Message" value="Going to send Request to ClientData."/>
        <with-param name="LogLevel" value="INFO"/>
    </call-template>
    <header name="Accept" scope="transport" value="application/xml"/>
    <property description="ContentType" name="ContentType" scope="axis2" type="STRING" value="application/xml"/>
    <property description="messageType" name="messageType" scope="axis2" type="STRING" value="application/xml"/>
    <switch source="get-property('RequestOperationName')">
        <case regex="CreateClient">
            <property description="OUT_ONLY" name="OUT_ONLY" scope="default" type="STRING" value="false"/>
            <header name="Action" scope="default" value="urn:CreateClient"/>
            <call>
                <endpoint key="gov:nl/weintegrate/wealert/service/clientmanagement/v1/endpoint/CreateClientDataEndpoint.xml"/>
            </call>
        </case>
        <case regex="ListClient">
            <property description="OUT_ONLY" name="OUT_ONLY" scope="default" type="STRING" value="false"/>
            <header name="Action" scope="default" value="urn:ListClient"/>
            <send>
                <endpoint key="gov:nl/weintegrate/wealert/service/clientmanagement/v1/endpoint/CreateClientDataEndpoint.xml"/>
            </send>
        </case>
        <case regex="GetClient">
            <property description="OUT_ONLY" name="OUT_ONLY" scope="default" type="STRING" value="false"/>
            <header name="Action" scope="default" value="urn:GetClient"/>
            <send>
                <endpoint key="gov:nl/weintegrate/wealert/service/clientmanagement/v1/endpoint/CreateClientDataEndpoint.xml"/>
            </send>
        </case>
        <case regex="UpdateClient">
            <property description="OUT_ONLY" name="OUT_ONLY" scope="default" type="STRING" value="false"/>
            <header name="Action" scope="default" value="urn:UpdateClient"/>
            <send>
                <endpoint key="gov:nl/weintegrate/wealert/service/clientmanagement/v1/endpoint/CreateClientDataEndpoint.xml"/>
            </send>
        </case>
        <case regex="CreateApplicationGroup">
            <send/>
        </case>
        <case regex="DeleteApplicationGroup">
            <send/>
        </case>
        <case regex="AddUserToApplicationGroup">
            <send/>
        </case>
        <case regex="DeleteUserFromApplicationGroup">
            <send/>
        </case>
        <default>
            <log category="WARN" level="full" separator="---=== Invalid Request ===---"/>
            <drop/>
        </default>
    </switch>
</sequence>
