<?xml version="1.0" encoding="UTF-8"?>
<sequence name="SendRequestToApplicationGroupData" trace="disable" xmlns="http://ws.apache.org/ns/synapse">
  <call-template description="" target="gov:com/commons/util/v1/templates/LoggerTemplate.xml">
    <with-param name="SequenceName" value="SendRequestToApplicationGroupData"/>
    <with-param name="Message" value="Going to send Request to ApplicationGroupData."/>
    <with-param name="LogLevel" value="INFO"/>
  </call-template>
  <header name="Accept" scope="transport" value="application/xml"/>
  <property description="ContentType" name="ContentType" scope="axis2"
    type="STRING" value="application/xml"/>
  <property description="messageType" name="messageType" scope="axis2"
    type="STRING" value="application/xml"/>
  <switch source="get-property('AppGroupDataOperationName')">
    <case regex="CreateApplicationGroup">
      <property description="OUT_ONLY" name="OUT_ONLY" scope="default"
        type="STRING" value="false"/>
      <header name="Action" scope="default" value="urn:CreateApplicationGroup"/>
      <call>
        <endpoint key="gov:nl/weintegrate/wealert/service/clientmanagement/v1/endpoint/ApplicationGroupDataEndpoint.xml"/>
      </call>
    </case>
    <case regex="ListApplicationGroup">
      <property description="OUT_ONLY" name="OUT_ONLY" scope="default"
        type="STRING" value="false"/>
      <header name="Action" scope="default" value="urn:ListApplicationGroup"/>
      <send>
        <endpoint key="gov:nl/weintegrate/wealert/service/clientmanagement/v1/endpoint/ApplicationGroupDataEndpoint.xml"/>
      </send>
    </case>
    <case regex="ListApplicationGroupUser">
      <property description="OUT_ONLY" name="OUT_ONLY" scope="default"
        type="STRING" value="false"/>
      <header name="Action" scope="default" value="urn:ListApplicationGroupUser"/>
      <send>
        <endpoint key="gov:nl/weintegrate/wealert/service/clientmanagement/v1/endpoint/ApplicationGroupDataEndpoint.xml"/>
      </send>
    </case>
    <case regex="AssignUserToApplicationGroup">
      <property description="OUT_ONLY" name="OUT_ONLY" scope="default"
        type="STRING" value="false"/>
      <header name="Action" scope="default" value="urn:AssignUserToApplicationGroup"/>
      <call>
        <endpoint key="gov:nl/weintegrate/wealert/service/clientmanagement/v1/endpoint/ApplicationGroupDataEndpoint.xml"/>
      </call>
    </case>
    <case regex="DeleteUserFromApplicationGroup">
      <property description="OUT_ONLY" name="OUT_ONLY" scope="default"
        type="STRING" value="false"/>
      <header name="Action" scope="default" value="urn:DeleteUserFromApplicationGroup"/>
      <call>
        <endpoint key="gov:nl/weintegrate/wealert/service/clientmanagement/v1/endpoint/ApplicationGroupDataEndpoint.xml"/>
      </call>
    </case>
    <case regex="GetApplicationGroup">
      <property description="OUT_ONLY" name="OUT_ONLY" scope="default"
        type="STRING" value="false"/>
      <header name="Action" scope="default" value="urn:GetApplicationGroup"/>
      <send>
        <endpoint key="gov:nl/weintegrate/wealert/service/clientmanagement/v1/endpoint/ApplicationGroupDataEndpoint.xml"/>
      </send>
    </case>
    <case regex="DeleteApplicationGroup">
      <property description="OUT_ONLY" name="OUT_ONLY" scope="default"
        type="STRING" value="false"/>
      <header name="Action" scope="default" value="urn:DeleteApplicationGroup"/>
      <send>
        <endpoint key="gov:nl/weintegrate/wealert/service/clientmanagement/v1/endpoint/ApplicationGroupDataEndpoint.xml"/>
      </send>
    </case>
    <case regex="UpdateApplicationGroup">
      <property description="OUT_ONLY" name="OUT_ONLY" scope="default"
        type="STRING" value="false"/>
      <header name="Action" scope="default" value="urn:UpdateApplicationGroup"/>
      <send>
        <endpoint key="gov:nl/weintegrate/wealert/service/clientmanagement/v1/endpoint/ApplicationGroupDataEndpoint.xml"/>
      </send>
    </case>
    <default>
      <call-template description="" target="gov:com/commons/util/v1/templates/LoggerTemplate.xml">
        <with-param name="SequenceName" value="SendRequestToApplicationGroupData"/>
        <with-param name="Message" value="Operation Name not found"/>
        <with-param name="LogLevel" value="WARN"/>
      </call-template>
      <drop/>
    </default>
  </switch>
</sequence>
