<?xml version="1.0" encoding="UTF-8"?>
<sequence name="SendRequestToOrganizationData" trace="disable" xmlns="http://ws.apache.org/ns/synapse">
    <call-template description="" target="gov:com/commons/util/v1/templates/LoggerTemplate.xml">
        <with-param name="SequenceName" value="SendRequestToOrganizationData"/>
        <with-param name="Message" value="Going to send Request to OrganizationData."/>
        <with-param name="LogLevel" value="INFO"/>
    </call-template>
    <header name="Accept" scope="transport" value="application/xml"/>
    <property description="ContentType" name="ContentType" scope="axis2" type="STRING" value="application/xml"/>
    <property description="messageType" name="messageType" scope="axis2" type="STRING" value="application/xml"/>
    <switch source="get-property('RequestOperationName')">
        <case regex="GetOrganizationByDomain">
            <property description="OUT_ONLY" name="OUT_ONLY" scope="default" type="STRING" value="false"/>
            <header name="Action" scope="default" value="urn:GetOrganizationByDomain"/>
            <send>
                <endpoint key="gov:nl/weintegrate/wealert/service/clientmanagement/v1/endpoint/GetOrganizationByDomainDataEndpoint.xml"/>
            </send>
        </case>
        <default>
            <log category="WARN" level="full" separator="---=== Invalid Request ===---"/>
            <drop/>
        </default>
    </switch>
</sequence>
