<?xml version="1.0" encoding="UTF-8"?>
<sequence name="UpdateUserCMOutSequence" trace="disable" xmlns="http://ws.apache.org/ns/synapse">
    <log level="full" separator="---=== UpdateUserOutSequence ===---"/>
    <property description="SequenceType" name="MessageFrom" scope="default" type="STRING" value="DSS"/>
    <property description="SequenceType" name="MessageDestination" scope="default" type="STRING" value="Client"/>
    <filter xmlns:ns="http://org.apache.synapse/xsd" xpath="//*[local-name()='Value']='1'">
        <then>
            <sequence key="UpdateUserInIAM"/>
            <filter description="CheckResponse" xpath="fn:contains(get-property('axis2', 'HTTP_SC'),'202')">
                <then>
                    <payloadFactory description="UpdateUserResponse" media-type="xml">
                        <format>
                            <this:UpdateUserResponse xmlns:address="http://www.w-integrate.nl/cdm/xsd/address_01" xmlns:applicationgroup="http://www.w-integrate.nl/cdm/xsd/applicationgroup_01" xmlns:channel="http://www.w-integrate.nl/cdm/xsd/communicationchannel_01" xmlns:cmm="http://www.w-integrate.nl/cmm/xsd/cmm_01" xmlns:organization="http://www.w-integrate.nl/cdm/xsd/organization_01" xmlns:person="http://www.w-integrate.nl/cdm/xsd/person_01" xmlns:role="http://www.w-integrate.nl/cdm/xsd/role_01" xmlns:this="http://www.w-integrate.nl/xsd/clientmanagement_01/requestresponse" xmlns:user="http://www.w-integrate.nl/cdm/xsd/user_01" xmlns:xsi="http://www.w3.org/2001/XMLSchema-instance">
                                <this:Header>
                                    <cmm:CMMHeader>
                                        <cmm:CorrelationId>$1</cmm:CorrelationId>
                                    </cmm:CMMHeader>
                                </this:Header>
                                <this:Result>
                                    <cmm:ResponseCode>CM-N-0000</cmm:ResponseCode>
                                    <cmm:ResponseMessage>No Errors Or Warnings.</cmm:ResponseMessage>
                                </this:Result>
                            </this:UpdateUserResponse>
                        </format>
                        <args>
                            <arg evaluator="xml" expression="get-property('CorrelationId')"/>
                        </args>
                    </payloadFactory>
                </then>
                <else>
                    <payloadFactory description="ErrorResponse" media-type="xml">
                        <format>
                            <this:UpdateUserResponse xmlns:address="http://www.w-integrate.nl/cdm/xsd/address_01" xmlns:applicationgroup="http://www.w-integrate.nl/cdm/xsd/applicationgroup_01" xmlns:channel="http://www.w-integrate.nl/cdm/xsd/communicationchannel_01" xmlns:cmm="http://www.w-integrate.nl/cmm/xsd/cmm_01" xmlns:organization="http://www.w-integrate.nl/cdm/xsd/organization_01" xmlns:person="http://www.w-integrate.nl/cdm/xsd/person_01" xmlns:role="http://www.w-integrate.nl/cdm/xsd/role_01" xmlns:this="http://www.w-integrate.nl/xsd/clientmanagement_01/requestresponse" xmlns:user="http://www.w-integrate.nl/cdm/xsd/user_01" xmlns:xsi="http://www.w3.org/2001/XMLSchema-instance">
                                <this:Header>
                                    <cmm:CMMHeader>
                                        <cmm:CorrelationId>$1</cmm:CorrelationId>
                                    </cmm:CMMHeader>
                                </this:Header>
                                <this:Result>
                                    <cmm:ResponseCode>CM-E-1100</cmm:ResponseCode>
                                    <cmm:ResponseMessage>Error while updating user.</cmm:ResponseMessage>
                                </this:Result>
                            </this:UpdateUserResponse>
                        </format>
                        <args>
                            <arg evaluator="xml" expression="get-property('CorrelationId')"/>
                        </args>
                    </payloadFactory>
                </else>
            </filter>
            <switch source="get-property('ResponseType')">
                <case regex="application/xml">
                    <header name="Accept" scope="transport" value="application/xml"/>
                    <property description="ContentType" name="ContentType" scope="axis2" type="STRING" value="application/xml"/>
                    <property description="messageType" name="messageType" scope="axis2" type="STRING" value="application/xml"/>
                </case>
                <case regex="application/json">
                    <header name="Accept" scope="transport" value="application/json"/>
                    <property description="ContentType" name="ContentType" scope="axis2" type="STRING" value="application/json"/>
                    <property description="messageType" name="messageType" scope="axis2" type="STRING" value="application/json"/>
                </case>
                <default>
                    <header name="Accept" scope="transport" value="application/xml"/>
                    <property description="ContentType" name="ContentType" scope="axis2" type="STRING" value="application/xml"/>
                    <property description="messageType" name="messageType" scope="axis2" type="STRING" value="application/xml"/>
                </default>
            </switch>
            <property name="SC_ACCEPTED" scope="axis2" type="STRING" value="false"/>
            <property name="HTTP_SC" scope="axis2" type="STRING" value="200"/>
            <sequence key="ClientManagementResponseSender"/>
        </then>
        <else>
            <payloadFactory description="ErrorResponse" media-type="xml">
                <format>
                    <this:UpdateUserResponse xmlns:address="http://www.w-integrate.nl/cdm/xsd/address_01" xmlns:applicationgroup="http://www.w-integrate.nl/cdm/xsd/applicationgroup_01" xmlns:channel="http://www.w-integrate.nl/cdm/xsd/communicationchannel_01" xmlns:cmm="http://www.w-integrate.nl/cmm/xsd/cmm_01" xmlns:organization="http://www.w-integrate.nl/cdm/xsd/organization_01" xmlns:person="http://www.w-integrate.nl/cdm/xsd/person_01" xmlns:role="http://www.w-integrate.nl/cdm/xsd/role_01" xmlns:this="http://www.w-integrate.nl/xsd/clientmanagement_01/requestresponse" xmlns:user="http://www.w-integrate.nl/cdm/xsd/user_01" xmlns:xsi="http://www.w3.org/2001/XMLSchema-instance">
                        <this:Header>
                            <cmm:CMMHeader>
                                <cmm:CorrelationId>$1</cmm:CorrelationId>
                            </cmm:CMMHeader>
                        </this:Header>
                        <this:Result>
                            <cmm:ResponseCode>CM-E-1100</cmm:ResponseCode>
                            <cmm:ResponseMessage>Error while updating User.</cmm:ResponseMessage>
                        </this:Result>
                    </this:UpdateUserResponse>
                </format>
                <args>
                    <arg evaluator="xml" expression="get-property('CorrelationId')"/>
                </args>
            </payloadFactory>
            <property name="HTTP_SC" scope="axis2" type="STRING" value="200"/>
            <sequence key="ClientManagementResponseSender"/>
        </else>
    </filter>
</sequence>
