<?xml version="1.0" encoding="UTF-8"?>
<sequence name="UpdateClientInIAM" trace="disable" xmlns="http://ws.apache.org/ns/synapse">
    <call-template description="" target="gov:com/commons/util/v1/templates/LoggerTemplate.xml">
        <with-param name="SequenceName" value="UpdateClientInIAM"/>
        <with-param name="Message" value="Going to send update client in IAM"/>
        <with-param name="LogLevel" value="INFO"/>
    </call-template>
    <payloadFactory description="RequestMessage" media-type="xml">
        <format>
            <soapenv:Envelope xmlns:soapenv="http://schemas.xmlsoap.org/soap/envelope/">
                <soapenv:Body>$1</soapenv:Body>
            </soapenv:Envelope>
        </format>
        <args>
            <arg evaluator="xml" expression="get-property('RequestMessage')"/>
        </args>
    </payloadFactory>
    <sequence key="ConvertUpdateClientCDMRequestToIAMRequest"/>
    <sequence key="SendRequestToIAM"/>
    <call-template description="" target="gov:com/commons/util/v1/templates/LoggerTemplate.xml">
        <with-param name="SequenceName" value="UpdateClientInIAM"/>
        <with-param name="Message" value="Client is updated successfully in IAM"/>
        <with-param name="LogLevel" value="INFO"/>
    </call-template>
</sequence>
