<?xml version="1.0" encoding="UTF-8"?>
<sequence name="UpdateClientInSequence" trace="disable" xmlns="http://ws.apache.org/ns/synapse">
    <log level="full" separator="---=== UpdateClientInSequence ===---"/>
    <property description="OperationName" name="RequestOperationName" scope="default" type="STRING" value="UpdateClient"/>
    <property description="MessageFrom" name="MessageFrom" scope="default" type="STRING" value="Client"/>
    <property description="MessageDestination" name="MessageDestination" scope="default" type="STRING" value="IAM"/>
    <property description="ResponseType" expression="get-property('transport', 'Accept')" name="ResponseType" scope="default" type="STRING" xmlns:ns="http://org.apache.synapse/xsd"/>
    <property description="ContentType" name="ContentType" scope="axis2" type="STRING" value="application/xml"/>
    <property description="messageType" name="messageType" scope="axis2" type="STRING" value="application/xml"/>
    <filter regex="application/json" source="get-property('ResponseType')" xmlns:ns="http://org.apache.synapse/xsd">
        <then>
            <xslt description="JsonToXML" key="gov:nl/weintegrate/wealert/service/clientmanagement/v1/xslt/UpdateClientJsonToCDMRequest.xslt">
                <resource key="gov:nl/weintegrate/wealert/service/clientmanagement/v1/xslt/UpdateClientJsonToCDMRequest.xslt" location="UpdateClientJsonToCDMRequest.xslt"/>
            </xslt>
            <log description="Log-INFO" separator="json converted to XML request."/>
        </then>
        <else/>
    </filter>
    <property description="CorrelationId" expression="//*[local-name()='CorrelationId']" name="CorrelationId" scope="default" type="STRING" xmlns:ns="http://org.apache.synapse/xsd"/>
    <sequence key="ValidateUpdateClientCDMRequest"/>
    <property description="RequestMessage" expression="//*[local-name()='UpdateClientRequest']" name="RequestMessage" scope="default" type="OM" xmlns:ns="http://org.apache.synapse/xsd"/>
    <property description="DomainName" expression="//*[local-name()='OrganizationDomain']" name="DomainName" scope="default" type="STRING" xmlns:ns="http://org.apache.synapse/xsd"/>
    <sequence key="UpdateClientInClientData"/>
</sequence>
