<?xml version="1.0" encoding="UTF-8"?>
<sequence name="UpdateClientInClientData" trace="disable" xmlns="http://ws.apache.org/ns/synapse">
    <payloadFactory description="GetUserIdRequest" media-type="xml">
        <format>
            <client:GetClient xmlns:client="http://www.w-integrate.nl/data/service/client_01">
                <client:OrganizationId>$1</client:OrganizationId>
            </client:GetClient>
        </format>
        <args>
            <arg evaluator="xml" expression="//*[local-name()='OrganizationId']"/>
        </args>
    </payloadFactory>
    <header name="Accept" scope="transport" value="application/xml"/>
    <property description="ContentType" name="ContentType" scope="axis2" type="STRING" value="application/xml"/>
    <property description="messageType" name="messageType" scope="axis2" type="STRING" value="application/xml"/>
    <property description="OUT_ONLY" name="OUT_ONLY" scope="default" type="STRING" value="false"/>
    <header name="Action" scope="default" value="urn:GetClient"/>
    <call>
        <endpoint key="gov:nl/weintegrate/wealert/service/clientmanagement/v1/endpoint/CreateClientDataEndpoint.xml"/>
    </call>
    <property description="UserId" expression="//*[local-name()='UserId']" name="UserId" scope="default" type="STRING"/>
    <log level="custom">
        <property expression="get-property('UserId')" name="UserId"/>
    </log>
    <payloadFactory description="RequestMessage" media-type="xml">
        <format>
            <soapenv:Envelope xmlns:soapenv="http://schemas.xmlsoap.org/soap/envelope/">
                <soapenv:Body>$1</soapenv:Body>
            </soapenv:Envelope>
        </format>
        <args>
            <arg evaluator="xml" expression="get-property('RequestMessage')"/>
        </args>
    </payloadFactory>
    <sequence key="ConvertUpdateClientToUserDataRequest"/>
    <property description="OUT_ONLY" name="OUT_ONLY" scope="default" type="STRING" value="false"/>
    <header name="Action" scope="default" value="urn:UpdateUser"/>
    <call>
        <endpoint key="gov:nl/weintegrate/wealert/service/clientmanagement/v1/endpoint/CreateUserDataEndpoint.xml"/>
    </call>
    <filter xmlns:ns="http://org.apache.synapse/xsd" xpath="//*[local-name()='Value']='1'">
        <then>
            <payloadFactory description="RequestMessage" media-type="xml">
                <format>
                    <soapenv:Envelope xmlns:soapenv="http://schemas.xmlsoap.org/soap/envelope/">
                        <soapenv:Body>$1</soapenv:Body>
                    </soapenv:Envelope>
                </format>
                <args>
                    <arg evaluator="xml" expression="get-property('RequestMessage')"/>
                </args>
            </payloadFactory>
            <sequence key="ConvertUpdateClientToClientDataRequest"/>
            <sequence key="SendRequestToClientData"/>
        </then>
        <else>
            <payloadFactory description="ErrorResponse" media-type="xml">
                <format>
                    <this:UpdateClientResponse xmlns:address="http://www.w-integrate.nl/cdm/xsd/address_01" xmlns:applicationgroup="http://www.w-integrate.nl/cdm/xsd/applicationgroup_01" xmlns:channel="http://www.w-integrate.nl/cdm/xsd/communicationchannel_01" xmlns:cmm="http://www.w-integrate.nl/cmm/xsd/cmm_01" xmlns:organization="http://www.w-integrate.nl/cdm/xsd/organization_01" xmlns:person="http://www.w-integrate.nl/cdm/xsd/person_01" xmlns:role="http://www.w-integrate.nl/cdm/xsd/role_01" xmlns:this="http://www.w-integrate.nl/xsd/clientmanagement_01/requestresponse" xmlns:user="http://www.w-integrate.nl/cdm/xsd/user_01" xmlns:xsi="http://www.w3.org/2001/XMLSchema-instance">
                        <this:Header>
                            <cmm:CMMHeader>
                                <cmm:CorrelationId>$1</cmm:CorrelationId>
                            </cmm:CMMHeader>
                        </this:Header>
                        <this:Result>
                            <cmm:ResponseCode>CM-E-1100</cmm:ResponseCode>
                            <cmm:ResponseMessage>Error while updating Client.</cmm:ResponseMessage>
                        </this:Result>
                    </this:UpdateClientResponse>
                </format>
                <args>
                    <arg evaluator="xml" expression="get-property('CorrelationId')"/>
                </args>
            </payloadFactory>
            <property name="HTTP_SC" scope="axis2" type="STRING" value="200"/>
            <sequence key="ClientManagementResponseSender"/>
        </else>
    </filter>
</sequence>
