<?xml version="1.0" encoding="UTF-8"?>
<sequence name="UpdateUserInUserData" trace="disable" xmlns="http://ws.apache.org/ns/synapse">
  <call-template description="Log-INFO" target="gov:com/commons/util/v1/templates/LoggerTemplate.xml">
    <with-param name="SequenceName" value="UpdateUserInUserData"/>
    <with-param name="Message" value="Going to convert UpdateUser CDM request to UserData request."/>
    <with-param name="LogLevel" value="INFO"/>
  </call-template>
  <xslt description="UpdateUserDataRequest" key="gov:nl/weintegrate/wealert/service/clientmanagement/v1/xslt/UpdateUserCDMToUserDataRequest.xslt">
    <resource
      key="gov:nl/weintegrate/wealert/service/clientmanagement/v1/xslt/UpdateUserCDMToUserDataRequest.xslt" location="UpdateUserCDMToUserDataRequest.xslt"/>
  </xslt>
  <call-template description="Log-INFO" target="gov:com/commons/util/v1/templates/LoggerTemplate.xml">
    <with-param name="SequenceName" value="UpdateUserInUserData"/>
    <with-param name="Message" value="Converted UpdateUser CDM request to UserData request."/>
    <with-param name="LogLevel" value="INFO"/>
  </call-template>
  <property description="UserDataOperation" name="UserDataOperationName"
    scope="default" type="STRING" value="UpdateUser"/>
  <sequence key="SendRequestToUserData"/>
</sequence>
