<?xml version="1.0" encoding="UTF-8"?>
<sequence name="UpdateUserInIAM" trace="disable" xmlns="http://ws.apache.org/ns/synapse">
    <call-template description="" target="gov:com/commons/util/v1/templates/LoggerTemplate.xml">
        <with-param name="SequenceName" value="UpdateUserInIAM"/>
        <with-param name="Message" value="Going to send update user in IAM"/>
        <with-param name="LogLevel" value="INFO"/>
    </call-template>
    <payloadFactory description="RequestMessage" media-type="xml">
        <format>
            <soapenv:Envelope xmlns:soapenv="http://schemas.xmlsoap.org/soap/envelope/">
                <soapenv:Body>$1</soapenv:Body>
            </soapenv:Envelope>
        </format>
        <args>
            <arg evaluator="xml" expression="get-property('RequestMessage')"/>
        </args>
    </payloadFactory>
    <property expression="get-property('Username')" name="Username" scope="default" type="STRING"/>
    <property expression="get-property('OrganizationDomain')" name="OrganizationDomain" scope="default" type="STRING"/>
    <sequence key="ConvertUpdateUserCDMRequestToIAMRequest"/>
    <sequence key="SendRequestToIAM"/>
</sequence>
