<?xml version="1.0" encoding="UTF-8"?>
<sequence name="ValidateAddUserToApplicationGroupCDMResponse"
  trace="disable" xmlns="http://ws.apache.org/ns/synapse">
  <call-template description="Log-INFO" target="gov:com/commons/util/v1/templates/LoggerTemplate.xml">
    <with-param name="SequenceName" value="ValidateAddUserToApplicationGroupCDMResponse"/>
    <with-param name="Message" value="Going to Validate AddUserToApplicationGroup CDM Response"/>
    <with-param name="LogLevel" value="INFO"/>
  </call-template>
  <validate source="//TODO:" xmlns:tns="TODO:">
    <schema key="XSD_PATH_TODO:"/>
    <resource key="REQUIRED_XSD_PATH_TODO:" location="REQUIRED_XSD_NAME.xsd"/>
    <on-fail>
      <call-template description="Log-INFO" target="gov:com/commons/util/v1/templates/LoggerTemplate.xml">
        <with-param name="SequenceName" value="ValidateAddUserToApplicationGroupCDMResponse"/>
        <with-param name="Message" value="Error occurred while validating Response."/>
        <with-param name="LogLevel" value="ERROR"/>
      </call-template>
      <clone>
        <target>
          <sequence>
            <payloadFactory media-type="xml">
              <format>
                <ns8:AddUserToApplicationGroupResponse
                  xmlns:ns4="http://www.weintegrate.nl/wealert/cdm/xsd/actionstatus" xmlns:ns8="TODO:">
                  <ns8:ActionStatus>
                    <ns4:Status>FAIL</ns4:Status>
                    <ns4:ErrorCode>$1</ns4:ErrorCode>
                    <ns4:Message>Invalid Response</ns4:Message>
                  </ns8:ActionStatus>
                </ns8:AddUserToApplicationGroupResponse>
              </format>
              <args>
                <arg evaluator="xml"
                  expression="get-property('ERROR_CODE')" xmlns:ns="http://org.apache.synapse/xsd"/>
              </args>
            </payloadFactory>
            <switch source="get-property('ResponseType')" xmlns:ns="http://org.apache.synapse/xsd">
              <case regex="application/xml">
                <header name="Accept" scope="transport" value="application/xml"/>
                <property description="ContentType" name="ContentType"
                  scope="axis2" type="STRING" value="application/xml"/>
                <property description="messageType" name="messageType"
                  scope="axis2" type="STRING" value="application/xml"/>
              </case>
              <case regex="application/json">
                <header name="Accept" scope="transport" value="application/json"/>
                <property description="ContentType" name="ContentType"
                  scope="axis2" type="STRING" value="application/json"/>
                <property description="messageType" name="messageType"
                  scope="axis2" type="STRING" value="application/json"/>
              </case>
              <default>
                <header name="Accept" scope="transport" value="application/xml"/>
                <property description="ContentType" name="ContentType"
                  scope="axis2" type="STRING" value="application/xml"/>
                <property description="messageType" name="messageType"
                  scope="axis2" type="STRING" value="application/xml"/>
              </default>
            </switch>
            <property action="remove" name="NO_ENTITY_BODY" scope="axis2"/>
            <property name="HTTP_SC" scope="axis2" type="STRING" value="400"/>
            <respond/>
          </sequence>
        </target>
        <target>
          <sequence>
            <payloadFactory description="ErrorMessage" media-type="xml">
              <format>
                <err:Error xmlns:err="http://ws.apache.org/ns/synapse">
                  <Header>
                    <CMMHeader>
                      <MessageTimeStamp>$5</MessageTimeStamp>
                      <MessageId>$6</MessageId>
                      <ComponentId>API</ComponentId>
                      <From>$1</From>
                      <To>$2</To>
                      <Operation>AddUserToApplicationGroup</Operation>
                      <Domain>wealert</Domain>
                    </CMMHeader>
                  </Header>
                  <ErrorCode>$7</ErrorCode>
                  <ErrorMessage>$3</ErrorMessage>
                  <ErrorDetail>$6</ErrorDetail>
                  <ErrorException>$4</ErrorException>
                </err:Error>
              </format>
              <args>
                <arg evaluator="xml" expression="get-property('MessageFrom')"/>
                <arg evaluator="xml" expression="get-property('MessageDestination')"/>
                <arg evaluator="xml" expression="get-property('ERROR_MESSAGE')"/>
                <arg evaluator="xml" expression="get-property('ERROR_EXCEPTION')"/>
                <arg evaluator="xml" expression="current-dateTime()"/>
                <arg evaluator="xml" expression="get-property('ERROR_DETAIL')"/>
                <arg evaluator="xml" expression="get-property('ERROR_CODE')"/>
                <arg evaluator="xml" expression="get-property('MessageId')"/>
              </args>
            </payloadFactory>
            <log category="ERROR" level="full" separator="---=== Validation Error AddUserToApplicationGroup ===---"/>
            <property name="OUT_ONLY" scope="default" type="STRING" value="true"/>
            <call>
              <endpoint key="gov:nl/weintegrate/wealert/service/clientmanagement/v1/endpoint/ErrorQueueEndpoint.xml"/>
            </call>
          </sequence>
        </target>
      </clone>
    </on-fail>
  </validate>
  <call-template description="Log-INFO" target="gov:com/commons/util/v1/templates/LoggerTemplate.xml">
    <with-param name="SequenceName" value="ValidateAddUserToApplicationGroupCDMResponse"/>
    <with-param name="Message" value="AddUserToApplicationGroup CDM Response validated successfully."/>
    <with-param name="LogLevel" value="INFO"/>
  </call-template>
</sequence>
