<?xml version="1.0" encoding="UTF-8"?><artifacts>
    <artifact name="ConvertPlainXMLToAccountingDataServiceRequest" groupId="nl.ggmd.accounting.wso2.delivery.fileadapter.resource" version="1.0.0" type="registry/resource" serverRole="GovernanceRegistry">
        <item>
            <file>ConvertPlainXMLToAccountingDataServiceRequest.xslt</file>
            <path>/_system/governance/nl/ggmd/accounting/service/delivery/v1/xslt</path>
            <mediaType>application/xslt+xml</mediaType>
        </item>
    </artifact>
    <artifact name="DeliveryAccountingDataServiceEndpoint" groupId="nl.ggmd.accounting.wso2.delivery.fileadapter.resource" version="1.0.0" type="registry/resource" serverRole="GovernanceRegistry">
        <item>
            <file>DeliveryAccountingDataServiceEndpoint.xml</file>
            <path>/_system/governance/nl/ggmd/accounting/service/delivery/v1/endpoint</path>
            <mediaType>application/vnd.wso2.esb.endpoint</mediaType>
        </item>
    </artifact>
    <artifact name="DiscardedDeliveryAccountRowsFileEndpoint" groupId="nl.ggmd.accounting.wso2.delivery.fileadapter.resource" version="1.0.0" type="registry/resource" serverRole="GovernanceRegistry">
        <item>
            <file>DiscardedDeliveryAccountRowsFileEndpoint.xml</file>
            <path>/_system/governance/nl/ggmd/accounting/service/delivery/v1/endpoint</path>
            <mediaType>application/vnd.wso2.esb.endpoint</mediaType>
        </item>
    </artifact>
    <artifact name="DeliveriesAccountingErrorQueueEndpoint" groupId="nl.ggmd.accounting.wso2.delivery.fileadapter.resource" version="1.0.0" type="registry/resource" serverRole="GovernanceRegistry">
        <item>
            <file>DeliveriesAccountingErrorQueueEndpoint.xml</file>
            <path>/_system/governance/nl/ggmd/accounting/service/delivery/v1/endpoint</path>
            <mediaType>application/vnd.wso2.esb.endpoint</mediaType>
        </item>
    </artifact>
    <artifact name="smooks-DeliveriesAccountingConfiguration" groupId="nl.ggmd.accounting.wso2.delivery.fileadapter.resource" version="1.0.0" type="registry/resource" serverRole="GovernanceRegistry">
        <item>
            <file>smooks-DeliveriesAccountingConfiguration.xml</file>
            <path>/_system/governance/nl/ggmd/accounting/service/delivery/v1/smooks</path>
            <mediaType>application/vnd+wso2.smooks</mediaType>
        </item>
    </artifact>
    <artifact name="GGMD_deliveries_heel_sample" groupId="nl.ggmd.accounting.wso2.delivery.fileadapter.resource" version="1.0.0" type="registry/resource" serverRole="GovernanceRegistry">
        <item>
            <file>GGMD_deliveries_heel_sample.csv</file>
            <path>/_system/governance/nl/ggmd/accounting/service/delivery/v1/smooks</path>
            <mediaType>text/csv</mediaType>
        </item>
    </artifact>
</artifacts>
