<?xml version="1.0" encoding="UTF-8"?>
<smooks-resource-list xmlns="http://www.milyn.org/xsd/smooks-1.1.xsd" xmlns:csv="http://www.milyn.org/xsd/smooks/csv-1.2.xsd">
  <params>
    <param name="stream.filter.type">SAX</param>
    <param name="inputType">input.csv</param>
    <param name="input.csv" type="input.type.actived">Workspace://DeliveriesAccountingFileAdapterREG/GGMD_deliveries_heel_sample.csv</param>
  </params>
  <csv:reader fields="production_id,production_creation_date,production_creation_name,production_change_date,production_change_name,production_start_date,production_end_date,production_remarks,production_medium,production_organisation_id,production_organisation_name,activity_id,activity_creation_date,activity_creation_name,activity_change_date,activity_change_name,activity_name,activity_short_name,activity_description,activity_start_date,activity_end_date,activity_default_declaration_code,activity_default_reporting_code,activity_invoice_code,activity_salary_code,activity_service_code,product_id,product_name,product_description,product_organisation_id,product_organisation_name,caretaker_id,caretaker_last_name,caretaker_initials,caretaker_infix,caretaker_employee_codes,client_id,client_last_name,client_initials,client_infix,client_year_of_birth,client_month_of_birth,client_zip_code,client_absent,client_absence_planned,client_report_code,client_report_set,client_report_date,client_report_run,client_declaration_code,client_declaration_set,client_declaration_date,client_declaration_run,total_involved_caretakers,total_present_caretakers,total_involved_clients,total_present_clients,total_involved_contacts,total_present_contacts,total_involved_others,total_present_others,appointment_time,direct_time,indirect_time,overhead_time,multi_disp_time,cb_face_to_face_time,cg_face_to_face_time,cb_presence_time,cg_presence_time,coupled_regime,coupled_form_id" indent="true" quote="&quot;" recordElementName="Delivery" rootElementName="Deliveries" separator=";" skipLines="0"/>
</smooks-resource-list>