<?xml version="1.0" encoding="UTF-8"?>
<api context="/ConfigurationManagementAPI"
  name="ConfigurationManagementAPI_01" xmlns="http://ws.apache.org/ns/synapse">
  <resource
    faultSequence="ConfigurationManagementAPI_01_AuthenticateFaultSequence_01"
    methods="POST" protocol="http" url-mapping="/authenticateusers">
    <inSequence>
      <sequence key="ConfigurationManagementAPI_01_AuthenticateInSequence_01"/>
    </inSequence>
    <outSequence>
      <sequence key="ConfigurationManagementAPI_01_AuthenticateOutSequence_01"/>
    </outSequence>
  </resource>
  <resource
    faultSequence="ConfigurationManagementAPI_01_CreateUserFaultSequence_01"
    methods="POST" protocol="http" uri-template="/users">
    <inSequence>
      <sequence key="ConfigurationManagementAPI_01_CreateUserInSequence_01"/>
    </inSequence>
    <outSequence>
      <sequence key="ConfigurationManagementAPI_01_CreateUserOutSequence_01"/>
    </outSequence>
  </resource>
  <resource
    faultSequence="ConfigurationManagementAPI_01_CreateClientAdminFaultSequence_01"
    methods="POST" protocol="http" uri-template="/users/clientadmin">
    <inSequence>
      <sequence key="ConfigurationManagementAPI_01_CreateClientAdminInSequence_01"/>
    </inSequence>
    <outSequence>
      <sequence key="ConfigurationManagementAPI_01_CreateClientAdminOutSequence_01"/>
    </outSequence>
  </resource>
  <resource
    faultSequence="ConfigurationManagementAPI_01_UpdateUserFaultSequence_01"
    methods="PUT" protocol="http" uri-template="/users">
    <inSequence>
      <sequence key="ConfigurationManagementAPI_01_UpdateUserInSequence_01"/>
    </inSequence>
    <outSequence>
      <sequence key="ConfigurationManagementAPI_01_UpdateUserOutSequence_01"/>
    </outSequence>
  </resource>
  <resource
    faultSequence="ConfigurationManagementAPI_01_GetUserFaultSequence_01"
    methods="POST" protocol="http" uri-template="/users/get">
    <inSequence>
      <sequence key="ConfigurationManagementAPI_01_GetUserInSequence_01"/>
    </inSequence>
    <outSequence>
      <sequence key="ConfigurationManagementAPI_01_GetUserOutSequence_01"/>
    </outSequence>
  </resource>
  <resource
    faultSequence="ConfigurationManagementAPI_01_DeleteUserFaultSequence_01"
    methods="POST" protocol="http" uri-template="/users/delete">
    <inSequence>
      <sequence key="ConfigurationManagementAPI_01_DeleteUserInSequence_01"/>
    </inSequence>
    <outSequence>
      <sequence key="ConfigurationManagementAPI_01_DeleteUserOutSequence_01"/>
    </outSequence>
  </resource>
  <resource
    faultSequence="ConfigurationManagementAPI_01_CreateApplicationGroupFaultSequence_01"
    methods="POST" protocol="http" uri-template="/groups">
    <inSequence>
      <sequence key="ConfigurationManagementAPI_01_CreateApplicationGroupInSequence_01"/>
    </inSequence>
    <outSequence>
      <sequence key="ConfigurationManagementAPI_01_CreateApplicationGroupOutSequence_01"/>
    </outSequence>
  </resource>
  <resource
    faultSequence="ConfigurationManagementAPI_01_CreateApplicationFaultSequence_01"
    methods="POST" protocol="http" uri-template="/applications">
    <inSequence>
      <sequence key="ConfigurationManagementAPI_01_CreateApplicationInSequence_01"/>
    </inSequence>
    <outSequence>
      <sequence key="ConfigurationManagementAPI_01_CreateApplicationOutSequence_01"/>
    </outSequence>
  </resource>
  <resource
    faultSequence="ConfigurationManagementAPI_01_GetApplicationListFaultSequence_01"
    methods="POST" protocol="http" uri-template="/applications/get">
    <inSequence>
      <sequence key="ConfigurationManagementAPI_01_GetApplicationListInSequence_01"/>
    </inSequence>
    <outSequence>
      <sequence key="ConfigurationManagementAPI_01_GetApplicationListOutSequence_01"/>
    </outSequence>
  </resource>
  <resource
    faultSequence="ConfigurationManagementAPI_01_GetApplicationGroupFaultSequence_01"
    methods="POST" protocol="http" uri-template="/groups/get">
    <inSequence>
      <sequence key="ConfigurationManagementAPI_01_GetApplicationGroupInSequence_01"/>
    </inSequence>
    <outSequence>
      <sequence key="ConfigurationManagementAPI_01_GetApplicationGroupOutSequence_01"/>
    </outSequence>
  </resource>
  <resource
    faultSequence="ConfigurationManagementAPI_01_DeleteApplicationGroupFaultSequence_01"
    methods="POST" protocol="http" uri-template="/groups/delete">
    <inSequence>
      <sequence key="ConfigurationManagementAPI_01_DeleteApplicationGroupInSequence_01"/>
    </inSequence>
    <outSequence>
      <sequence key="ConfigurationManagementAPI_01_DeleteApplicationGroupOutSequence_01"/>
    </outSequence>
  </resource>
  <resource
    faultSequence="ConfigurationManagementAPI_01_UpdateApplicationGroupFaultSequence_01"
    methods="PUT" protocol="http" uri-template="/groups">
    <inSequence>
      <sequence key="ConfigurationManagementAPI_01_UpdateApplicationGroupInSequence_01"/>
    </inSequence>
    <outSequence>
      <sequence key="ConfigurationManagementAPI_01_UpdateApplicationGroupOutSequence_01"/>
    </outSequence>
  </resource>
  <resource
    faultSequence="ConfigurationManagementAPI_01_ModifyApplicationGroupWithUsersFaultSequence_01"
    methods="PUT" protocol="http" uri-template="/groups/users">
    <inSequence>
      <sequence key="ConfigurationManagementAPI_01_ModifyApplicationGroupWithUsersInSequence_01"/>
    </inSequence>
    <outSequence>
      <sequence key="ConfigurationManagementAPI_01_ModifyApplicationGroupWithUsersOutSequence_01"/>
    </outSequence>
  </resource>
  <resource
    faultSequence="ConfigurationManagementAPI_01_GetClientAdminListFaultSequence_01"
    methods="POST" protocol="http" uri-template="/users/clientadmin/list">
    <inSequence>
      <sequence key="ConfigurationManagementAPI_01_GetClientAdminListInSequence_01"/>
    </inSequence>
    <outSequence>
      <sequence key="ConfigurationManagementAPI_01_GetClientAdminListOutSequence_01"/>
    </outSequence>
  </resource>
  <resource
    faultSequence="ConfigurationManagementAPI_01_GetClientAdminUserListFaultSequence_01"
    methods="POST" protocol="http" uri-template="/users/clientadmin/userlist">
    <inSequence>
      <sequence key="ConfigurationManagementAPI_01_GetClientAdminUserListInSequence_01"/>
    </inSequence>
    <outSequence>
      <sequence key="ConfigurationManagementAPI_01_GetClientAdminUserListOutSequence_01"/>
    </outSequence>
  </resource>
  <resource
    faultSequence="ConfigurationManagementAPI_01_GetClientAdminApplicationGroupListFaultSequence_01"
    methods="POST" protocol="http" uri-template="/groups/list">
    <inSequence>
      <sequence key="ConfigurationManagementAPI_01_GetClientAdminApplicationGroupListInSequence_01"/>
    </inSequence>
    <outSequence>
      <sequence key="ConfigurationManagementAPI_01_GetClientAdminApplicationGroupListOutSequence_01"/>
    </outSequence>
  </resource>
  <resource
    faultSequence="ConfigurationManagementAPI_01_RegisterWeAgentFaultSequence_01"
    methods="POST" protocol="http" url-mapping="/users/register/weagent">
    <inSequence>
      <sequence key="ConfigurationManagementAPI_01_RegisterWeAgentInSequence_01"/>
    </inSequence>
    <outSequence>
      <sequence key="ConfigurationManagementAPI_01_RegisterWeAgentOutSequence_01"/>
    </outSequence>
  </resource>
  <resource
    faultSequence="ConfigurationManagementAPI_01_DeleteApplicationFaultSequence_01"
    methods="POST" protocol="http" uri-template="/applications/delete">
    <inSequence>
      <sequence key="ConfigurationManagementAPI_01_DeleteApplicationInSequence_01"/>
    </inSequence>
    <outSequence>
      <sequence key="ConfigurationManagementAPI_01_DeleteApplicationOutSequence_01"/>
    </outSequence>
  </resource>
  <resource
    faultSequence="ConfigurationManagementAPI_01_AssignApplicationToGroupFaultSequence_01"
    methods="POST" protocol="http" uri-template="/applications/assign">
    <inSequence>
      <sequence key="ConfigurationManagementAPI_01_AssignApplicationToGroupInSequence_01"/>
    </inSequence>
    <outSequence>
      <sequence key="ConfigurationManagementAPI_01_AssignApplicationToGroupOutSequence_01"/>
    </outSequence>
  </resource>
  <resource
    faultSequence="ConfigurationManagementAPI_01_DeleteClientAdminFaultSequence_01"
    methods="POST" protocol="http" uri-template="/users/clientadmin/delete">
    <inSequence>
      <sequence key="ConfigurationManagementAPI_01_DeleteClientAdminInSequence_01"/>
    </inSequence>
    <outSequence>
      <sequence key="ConfigurationManagementAPI_01_DeleteClientAdminOutSequence_01"/>
    </outSequence>
  </resource>
  <resource
    faultSequence="ConfigurationManagementAPI_01_GetTopicNameFaultSequence_01"
    methods="POST" protocol="http" uri-template="/applications/topicname/get">
    <inSequence>
      <sequence key="ConfigurationManagementAPI_01_GetTopicNameInSequence_01"/>
    </inSequence>
    <outSequence>
      <sequence key="ConfigurationManagementAPI_01_GetTopicNameOutSequence_01"/>
    </outSequence>
  </resource>
  <resource
    faultSequence="ConfigurationManagementAPI_01_AuthorizeMemberUserFaultSequence_01"
    methods="POST" protocol="http" uri-template="/users/authorization">
    <inSequence>
      <sequence key="ConfigurationManagementAPI_01_AuthorizeMemberUserInSequence_01"/>
    </inSequence>
    <outSequence>
      <sequence key="ConfigurationManagementAPI_01_AuthorizeMemberUserOutSequence_01"/>
    </outSequence>
  </resource>
  <resource
    faultSequence="ConfigurationManagementAPI_01_ChangePasswordFaultSequence_01"
    methods="POST" protocol="http" uri-template="/users/changepassword">
    <inSequence>
      <sequence key="ConfigurationManagementAPI_01_ChangePasswordInSequence_01"/>
    </inSequence>
    <outSequence>
      <sequence key="ConfigurationManagementAPI_01_ChangePasswordOutSequence_01"/>
    </outSequence>
  </resource>
  <resource
    faultSequence="ConfigurationManagementAPI_01_RegisterMobileFaultSequence_01"
    methods="POST" protocol="http" uri-template="/mobiles/register">
    <inSequence>
      <sequence key="ConfigurationManagementAPI_01_RegisterMobileInSequence_01"/>
    </inSequence>
    <outSequence>
      <sequence key="ConfigurationManagementAPI_01_RegisterMobileOutSequence_01"/>
    </outSequence>
  </resource>
  <resource
    faultSequence="ConfigurationManagementAPI_01_ModifyApplicationGroupWithApplicationsFaultSequence_01"
    methods="PUT" protocol="http" uri-template="/groups/applications">
    <inSequence>
      <sequence key="ConfigurationManagementAPI_01_ModifyApplicationGroupWithApplicationsInSequence_01"/>
    </inSequence>
    <outSequence>
      <sequence key="ConfigurationManagementAPI_01_ModifyApplicationGroupWithApplicationsOutSequence_01"/>
    </outSequence>
  </resource>
  <resource
    faultSequence="ConfigurationManagementAPI_01_UpdateApplicationFaultSequence_01"
    methods="PUT" protocol="http" uri-template="/applications">
    <inSequence>
      <sequence key="ConfigurationManagementAPI_01_UpdateApplicationInSequence_01"/>
    </inSequence>
    <outSequence>
      <sequence key="ConfigurationManagementAPI_01_UpdateApplicationOutSequence_01"/>
    </outSequence>
  </resource>
  <resource
    faultSequence="ConfigurationManagementAPI_01_GetGroupForUserFaultSequence_01"
    methods="POST" protocol="http" uri-template="/users/group">
    <inSequence>
      <sequence key="ConfigurationManagementAPI_01_GetGroupForUserInSequence_01"/>
    </inSequence>
    <outSequence>
      <sequence key="ConfigurationManagementAPI_01_GetGroupForUserOutSequence_01"/>
    </outSequence>
  </resource>
</api>
