<soapenv:Envelope xmlns:soapenv="http://schemas.xmlsoap.org/soap/envelope/" xmlns:xsd="http://org.apache.axis2/xsd" xmlns:xsd1="http://dto.entitlement.identity.carbon.wso2.org/xsd">
   <soapenv:Header/>
   <soapenv:Body>
      <xsd:addPolicy>
                        <xsd:policyDTO>
                            <xsd1:active>true</xsd1:active>
                            <xsd1:policy>&lt;Policy xmlns="urn:oasis:names:tc:xacml:3.0:core:schema:wd-17"  PolicyId="w-alertdemo.com-1614" RuleCombiningAlgId="urn:oasis:names:tc:xacml:3.0:rule-combining-algorithm:permit-overrides" Version="1.0"&gt;
   &lt;Target&gt;&lt;/Target&gt;
   &lt;Rule Effect="Permit" RuleId="Rule"&gt;
      &lt;Target&gt;
         &lt;AnyOf&gt;
            &lt;AllOf&gt;
               &lt;Match MatchId="urn:oasis:names:tc:xacml:1.0:function:string-equal"&gt;
                  &lt;AttributeValue DataType="http://www.w3.org/2001/XMLSchema#string"&gt;w-alertdemo.com&lt;/AttributeValue&gt;
                  &lt;AttributeDesignator AttributeId="urn:oasis:names:tc:xacml:1.0:resource:resource-id" Category="urn:oasis:names:tc:xacml:3.0:attribute-category:resource" DataType="http://www.w3.org/2001/XMLSchema#string" MustBePresent="true"&gt;&lt;/AttributeDesignator&gt;
               &lt;/Match&gt;
            &lt;/AllOf&gt;
         &lt;/AnyOf&gt;
         &lt;AnyOf&gt;
            &lt;AllOf&gt;
               &lt;Match MatchId="urn:oasis:names:tc:xacml:1.0:function:string-equal"&gt;
                  &lt;AttributeValue DataType="http://www.w3.org/2001/XMLSchema#string"&gt;Register&lt;/AttributeValue&gt;
                  &lt;AttributeDesignator AttributeId="urn:oasis:names:tc:xacml:1.0:action:action-id" Category="urn:oasis:names:tc:xacml:3.0:attribute-category:action" DataType="http://www.w3.org/2001/XMLSchema#string" MustBePresent="true"&gt;&lt;/AttributeDesignator&gt;
               &lt;/Match&gt;
            &lt;/AllOf&gt;
         &lt;/AnyOf&gt;
      &lt;/Target&gt;
      &lt;Condition&gt;
         &lt;Apply FunctionId="urn:oasis:names:tc:xacml:1.0:function:string-at-least-one-member-of"&gt;
            &lt;Apply FunctionId="urn:oasis:names:tc:xacml:1.0:function:string-bag"&gt;
               
            &lt;/Apply&gt;
            &lt;AttributeDesignator AttributeId="http://wso2.org/claims/role" Category="urn:oasis:names:tc:xacml:1.0:subject-category:access-subject" DataType="http://www.w3.org/2001/XMLSchema#string" MustBePresent="true"&gt;&lt;/AttributeDesignator&gt;
         &lt;/Apply&gt;
      &lt;/Condition&gt;
   &lt;/Rule&gt;
&lt;/Policy&gt;</xsd1:policy>
                            <xsd1:policyId>w-alertdemo.com-1614</xsd1:policyId>
                            <xsd1:promote>true</xsd1:promote>
                            <xsd1:version>1.0</xsd1:version>
                        </xsd:policyDTO>
                    </xsd:addPolicy>
   </soapenv:Body>
</soapenv:Envelope>
