{
  "swagger" : "2.0",
  "info" : {
    "version" : "1.0",
    "title" : "Customer API to Get Customer Data Based on Customer Number",
    "description" : "Customer API to Get Customer Data Based on Customer Number"
  },
  "host" : "localhost:8080",
  "basePath" : "/",
  "schemes" : [ "http" ],
  "consumes" : [ "application/json" ],
  "produces" : [ "application/json" ],
  "paths" : {
    "/customers?CustomerNumber={CustomerNumber}" : {
      "get" : {
        "description" : "",
        "operationId" : "get-customers",
        "consumes" : [ "application/json", "application/xml" ],
        "produces" : [ "application/json", "application/xml" ],
        "parameters" : [ {
          "name" : "CustomerNumber",
          "in" : "query",
          "description" : "",
          "type" : "string",
          "required" : true,
          "allowMultiple" : false
        } ],
        "responses" : {
          "200" : {
            "description" : "a GetCustomerResponse to be returned",
            "schema" : {
              "$ref" : "#/definitions/GetCustomerResponse"
            }
          },
          "304" : {
            "description" : "Not Modified"
          },
          "400" : {
            "description" : "Bad Request"
          },
          "401" : {
            "description" : "Unauthorized"
          },
          "307" : {
            "description" : "Temporary Redirect"
          },
          "403" : {
            "description" : "Forbidden"
          },
          "200" : {
            "description" : "OK"
          },
          "201" : {
            "description" : "Created"
          },
          "202" : {
            "description" : "Accepted"
          },
          "204" : {
            "description" : "No Content"
          },
          "301" : {
            "description" : "Moved Permanently"
          },
          "303" : {
            "description" : "See Other"
          }
        }
      }
    }
  },
  "authorizations" : { },
  "definitions" : {
    "Organization" : {
      "type" : "object",
      "required" : [ "OrganizationName", "OrganizationRegistrationNumber", "OrganizationOwner", "OrganizationNTN", "OrganizationId", "OrganizationType" ],
      "properties" : {
        "OrganizationId" : {
          "type" : "string"
        },
        "OrganizationRegistrationNumber" : {
          "type" : "string"
        },
        "OrganizationName" : {
          "type" : "string"
        },
        "OrganizationType" : {
          "type" : "string"
        },
        "OrganizationNTN" : {
          "type" : "string"
        },
        "OrganizationOwner" : {
          "type" : "string"
        },
        "Address" : {
          "$ref" : "#/definitions/Address"
        }
      }
    },
    "Address" : {
      "type" : "object",
      "required" : [ "Town", "State", "OfficeNumber", "Street", "Country", "PostalCode", "AddressCode", "City" ],
      "properties" : {
        "AddressCode" : {
          "type" : "string"
        },
        "OfficeNumber" : {
          "type" : "string"
        },
        "Street" : {
          "type" : "string"
        },
        "Town" : {
          "type" : "string"
        },
        "City" : {
          "type" : "string"
        },
        "State" : {
          "type" : "string"
        },
        "Country" : {
          "type" : "string"
        },
        "PostalCode" : {
          "type" : "string"
        }
      }
    },
    "Customer" : {
      "type" : "object",
      "required" : [ "Organization", "CustomerNumber" ],
      "properties" : {
        "CustomerNumber" : {
          "type" : "string"
        },
        "Organization" : {
          "$ref" : "#/definitions/Organization"
        }
      }
    },
    "GetCustomerResponse" : {
      "type" : "object",
      "required" : [ "ResponseCode", "ResponseMessage" ],
      "properties" : {
        "ResponseCode" : {
          "type" : "string"
        },
        "ResponseMessage" : {
          "type" : "string"
        },
        "Customer" : {
          "$ref" : "#/definitions/Customer"
        }
      }
    }
  }
}