<?xml version="1.0" encoding="UTF-8"?>

<mule xmlns:db="http://www.mulesoft.org/schema/mule/db"
	xmlns:jms="http://www.mulesoft.org/schema/mule/jms" xmlns="http://www.mulesoft.org/schema/mule/core"
	xmlns:doc="http://www.mulesoft.org/schema/mule/documentation"
	xmlns:xsi="http://www.w3.org/2001/XMLSchema-instance" xsi:schemaLocation="
http://www.mulesoft.org/schema/mule/db http://www.mulesoft.org/schema/mule/db/current/mule-db.xsd http://www.mulesoft.org/schema/mule/core http://www.mulesoft.org/schema/mule/core/current/mule.xsd
http://www.mulesoft.org/schema/mule/jms http://www.mulesoft.org/schema/mule/jms/current/mule-jms.xsd">
	<jms:config name="JMS_Config" doc:name="JMS Config"
		doc:id="86714ae7-7cf4-44a1-9b90-fb697d2409b8">
		<jms:active-mq-connection username="admin"
			password="admin">
			<jms:factory-configuration brokerUrl="tcp://localhost:61616" />
		</jms:active-mq-connection>
	</jms:config>
	<db:config name="Database_Config" doc:name="Database Config"
		doc:id="db288689-54e9-419d-968c-834f54c42365">
		<db:my-sql-connection host="localhost" port="3306"
			user="GGMD" password="nhf64tw2!dcDDn" database="GGMDLOAD">
			<db:connection-properties>
			</db:connection-properties>
			
		</db:my-sql-connection>
	</db:config>
	<flow name="geoDSFlow" doc:id="4d72ca09-dca2-4511-a0a1-86e3cce1d3de">
		<jms:listener doc:name="Listener"
			doc:id="4d18fdb9-5963-4bbf-879d-01d30db043f4" config-ref="JMS_Config"
			destination="calculated_routes_queue" />
		<db:stored-procedure doc:name="Store_calculated_route" doc:id="9044795e-a845-42e3-b3f3-7ff0cba8b78a" config-ref="Database_Config">
		<db:sql >call GGMDLOAD.load_calculated_routes(
:idA,
:idB, 
:vehicle, 
:distance, 
:time,
:RouteId
);</db:sql>
				<db:input-parameters ><![CDATA[#[{
	idA:payload.calculated_route.idA,
	idB:payload.calculated_route.idB,
	vehicle:payload.calculated_route.vehicle,
	distance:payload.calculated_route.distance,
	time:payload.calculated_route.time,
	RouteId:payload.calculated_route.RouteId
}]]]></db:input-parameters>
		</db:stored-procedure>
		<error-handler>
			<on-error-propagate enableNotifications="true"
				logException="false" doc:name="no-jms-connection" doc:id="d8710da2-4e17-4165-b090-ed4c796e1a37" type="ANY">
				<logger level="ERROR" doc:name="no-database-connection"
					doc:id="b6a494a0-195a-4109-b90d-36b4d0ce59f2" message="**no db**" />
			</on-error-propagate>
			<on-error-propagate enableNotifications="true" logException="true" doc:name="duplicate_key" doc:id="95fd34a0-536a-4fcc-95cb-5ed381d0bdc8" type="DB:QUERY_EXECUTION">
				<logger level="ERROR" doc:name="duplicate_key" doc:id="49ac715e-318c-4e49-a1bb-604d5cdf4dd6" message="**duplicate key because the table was not truncated firts**"/>
			</on-error-propagate>
		</error-handler>
	</flow>
</mule>
