<?xml version="1.0" encoding="UTF-8"?><artifacts>
    <artifact name="AuthorizationPolicyAPI_01" groupId="nl.weintegrate.wealert.api.authorizationpolicy.wso2.api" version="1.0.0" type="synapse/api" serverRole="EnterpriseServiceBus">
        <file>src/main/synapse-config/api/AuthorizationPolicyAPI_01.xml</file>
    </artifact>
    <artifact name="AuthorizationPolicyAPI_01_GetAuthorizationPolicyPerCodeInSequence_01" groupId="nl.weintegrate.wealert.api.authorizationpolicy.wso2.sequence" version="1.0.0" type="synapse/sequence" serverRole="EnterpriseServiceBus">
        <file>src/main/synapse-config/sequences/AuthorizationPolicyAPI_01_GetAuthorizationPolicyPerCodeInSequence_01.xml</file>
    </artifact>
    <artifact name="AuthorizationPolicyAPI_01_ValidateGetAuthorizationPolicyPerCodeCDMRequest_01" groupId="nl.weintegrate.wealert.api.authorizationpolicy.wso2.sequence" version="1.0.0" type="synapse/sequence" serverRole="EnterpriseServiceBus">
        <file>src/main/synapse-config/sequences/AuthorizationPolicyAPI_01_ValidateGetAuthorizationPolicyPerCodeCDMRequest_01.xml</file>
    </artifact>
    <artifact name="AuthorizationPolicyAPI_01_ConvertGetAuthorizationPolicyPerCodeCDMRequestToISRequest_01" groupId="nl.weintegrate.wealert.api.authorizationpolicy.wso2.sequence" version="1.0.0" type="synapse/sequence" serverRole="EnterpriseServiceBus">
        <file>src/main/synapse-config/sequences/AuthorizationPolicyAPI_01_ConvertGetAuthorizationPolicyPerCodeCDMRequestToISRequest_01.xml</file>
    </artifact>
    <artifact name="AuthorizationPolicyAPI_01_GetAuthorizationPolicyPerCodeOutSequence_01" groupId="nl.weintegrate.wealert.api.authorizationpolicy.wso2.sequence" version="1.0.0" type="synapse/sequence" serverRole="EnterpriseServiceBus">
        <file>src/main/synapse-config/sequences/AuthorizationPolicyAPI_01_GetAuthorizationPolicyPerCodeOutSequence_01.xml</file>
    </artifact>
    <artifact name="AuthorizationPolicyAPI_01_ValidateGetAuthorizationPolicyPerCodeCDMResponse_01" groupId="nl.weintegrate.wealert.api.authorizationpolicy.wso2.sequence" version="1.0.0" type="synapse/sequence" serverRole="EnterpriseServiceBus">
        <file>src/main/synapse-config/sequences/AuthorizationPolicyAPI_01_ValidateGetAuthorizationPolicyPerCodeCDMResponse_01.xml</file>
    </artifact>
    <artifact name="AuthorizationPolicyAPI_01_ConvertGetAuthorizationPolicyPerCodeISResponseToCDMResponse_01" groupId="nl.weintegrate.wealert.api.authorizationpolicy.wso2.sequence" version="1.0.0" type="synapse/sequence" serverRole="EnterpriseServiceBus">
        <file>src/main/synapse-config/sequences/AuthorizationPolicyAPI_01_ConvertGetAuthorizationPolicyPerCodeISResponseToCDMResponse_01.xml</file>
    </artifact>
    <artifact name="AuthorizationPolicyAPI_01_GetAuthorizationPolicyPerCodeFaultSequence_01" groupId="nl.weintegrate.wealert.api.authorizationpolicy.wso2.sequence" version="1.0.0" type="synapse/sequence" serverRole="EnterpriseServiceBus">
        <file>src/main/synapse-config/sequences/AuthorizationPolicyAPI_01_GetAuthorizationPolicyPerCodeFaultSequence_01.xml</file>
    </artifact>
    <artifact name="AuthorizationPolicyAPI_01_AuthorizeAuthorizationPolicyInSequence_01" groupId="nl.weintegrate.wealert.api.authorizationpolicy.wso2.sequence" version="1.0.0" type="synapse/sequence" serverRole="EnterpriseServiceBus">
        <file>src/main/synapse-config/sequences/AuthorizationPolicyAPI_01_AuthorizeAuthorizationPolicyInSequence_01.xml</file>
    </artifact>
    <artifact name="AuthorizationPolicyAPI_01_ValidateAuthorizeAuthorizationPolicyCDMRequest_01" groupId="nl.weintegrate.wealert.api.authorizationpolicy.wso2.sequence" version="1.0.0" type="synapse/sequence" serverRole="EnterpriseServiceBus">
        <file>src/main/synapse-config/sequences/AuthorizationPolicyAPI_01_ValidateAuthorizeAuthorizationPolicyCDMRequest_01.xml</file>
    </artifact>
    <artifact name="AuthorizationPolicyAPI_01_ConvertAuthorizeAuthorizationPolicyCDMRequestToISRequest_01" groupId="nl.weintegrate.wealert.api.authorizationpolicy.wso2.sequence" version="1.0.0" type="synapse/sequence" serverRole="EnterpriseServiceBus">
        <file>src/main/synapse-config/sequences/AuthorizationPolicyAPI_01_ConvertAuthorizeAuthorizationPolicyCDMRequestToISRequest_01.xml</file>
    </artifact>
    <artifact name="AuthorizationPolicyAPI_01_AuthorizeAuthorizationPolicyOutSequence_01" groupId="nl.weintegrate.wealert.api.authorizationpolicy.wso2.sequence" version="1.0.0" type="synapse/sequence" serverRole="EnterpriseServiceBus">
        <file>src/main/synapse-config/sequences/AuthorizationPolicyAPI_01_AuthorizeAuthorizationPolicyOutSequence_01.xml</file>
    </artifact>
    <artifact name="AuthorizationPolicyAPI_01_ValidateAuthorizeAuthorizationPolicyCDMResponse_01" groupId="nl.weintegrate.wealert.api.authorizationpolicy.wso2.sequence" version="1.0.0" type="synapse/sequence" serverRole="EnterpriseServiceBus">
        <file>src/main/synapse-config/sequences/AuthorizationPolicyAPI_01_ValidateAuthorizeAuthorizationPolicyCDMResponse_01.xml</file>
    </artifact>
    <artifact name="AuthorizationPolicyAPI_01_ConvertAuthorizeAuthorizationPolicyISResponseToCDMResponse_01" groupId="nl.weintegrate.wealert.api.authorizationpolicy.wso2.sequence" version="1.0.0" type="synapse/sequence" serverRole="EnterpriseServiceBus">
        <file>src/main/synapse-config/sequences/AuthorizationPolicyAPI_01_ConvertAuthorizeAuthorizationPolicyISResponseToCDMResponse_01.xml</file>
    </artifact>
    <artifact name="AuthorizationPolicyAPI_01_AuthorizeAuthorizationPolicyFaultSequence_01" groupId="nl.weintegrate.wealert.api.authorizationpolicy.wso2.sequence" version="1.0.0" type="synapse/sequence" serverRole="EnterpriseServiceBus">
        <file>src/main/synapse-config/sequences/AuthorizationPolicyAPI_01_AuthorizeAuthorizationPolicyFaultSequence_01.xml</file>
    </artifact>
    <artifact name="AuthorizationPolicyAPI_01_CreateAuthorizationPolicyInSequence_01" groupId="nl.weintegrate.wealert.api.authorizationpolicy.wso2.sequence" version="1.0.0" type="synapse/sequence" serverRole="EnterpriseServiceBus">
        <file>src/main/synapse-config/sequences/AuthorizationPolicyAPI_01_CreateAuthorizationPolicyInSequence_01.xml</file>
    </artifact>
    <artifact name="AuthorizationPolicyAPI_01_ValidateCreateAuthorizationPolicyCDMRequest_01" groupId="nl.weintegrate.wealert.api.authorizationpolicy.wso2.sequence" version="1.0.0" type="synapse/sequence" serverRole="EnterpriseServiceBus">
        <file>src/main/synapse-config/sequences/AuthorizationPolicyAPI_01_ValidateCreateAuthorizationPolicyCDMRequest_01.xml</file>
    </artifact>
    <artifact name="AuthorizationPolicyAPI_01_ConvertCreateAuthorizationPolicyCDMRequestToISRequest_01" groupId="nl.weintegrate.wealert.api.authorizationpolicy.wso2.sequence" version="1.0.0" type="synapse/sequence" serverRole="EnterpriseServiceBus">
        <file>src/main/synapse-config/sequences/AuthorizationPolicyAPI_01_ConvertCreateAuthorizationPolicyCDMRequestToISRequest_01.xml</file>
    </artifact>
    <artifact name="AuthorizationPolicyAPI_01_CreateAuthorizationPolicyOutSequence_01" groupId="nl.weintegrate.wealert.api.authorizationpolicy.wso2.sequence" version="1.0.0" type="synapse/sequence" serverRole="EnterpriseServiceBus">
        <file>src/main/synapse-config/sequences/AuthorizationPolicyAPI_01_CreateAuthorizationPolicyOutSequence_01.xml</file>
    </artifact>
    <artifact name="AuthorizationPolicyAPI_01_ValidateCreateAuthorizationPolicyCDMResponse_01" groupId="nl.weintegrate.wealert.api.authorizationpolicy.wso2.sequence" version="1.0.0" type="synapse/sequence" serverRole="EnterpriseServiceBus">
        <file>src/main/synapse-config/sequences/AuthorizationPolicyAPI_01_ValidateCreateAuthorizationPolicyCDMResponse_01.xml</file>
    </artifact>
    <artifact name="AuthorizationPolicyAPI_01_ConvertCreateAuthorizationPolicyISResponseToCDMResponse_01" groupId="nl.weintegrate.wealert.api.authorizationpolicy.wso2.sequence" version="1.0.0" type="synapse/sequence" serverRole="EnterpriseServiceBus">
        <file>src/main/synapse-config/sequences/AuthorizationPolicyAPI_01_ConvertCreateAuthorizationPolicyISResponseToCDMResponse_01.xml</file>
    </artifact>
    <artifact name="AuthorizationPolicyAPI_01_CreateAuthorizationPolicyFaultSequence_01" groupId="nl.weintegrate.wealert.api.authorizationpolicy.wso2.sequence" version="1.0.0" type="synapse/sequence" serverRole="EnterpriseServiceBus">
        <file>src/main/synapse-config/sequences/AuthorizationPolicyAPI_01_CreateAuthorizationPolicyFaultSequence_01.xml</file>
    </artifact>
    <artifact name="AuthorizationPolicyAPI_01_UpdateAuthorizationPolicyInSequence_01" groupId="nl.weintegrate.wealert.api.authorizationpolicy.wso2.sequence" version="1.0.0" type="synapse/sequence" serverRole="EnterpriseServiceBus">
        <file>src/main/synapse-config/sequences/AuthorizationPolicyAPI_01_UpdateAuthorizationPolicyInSequence_01.xml</file>
    </artifact>
    <artifact name="AuthorizationPolicyAPI_01_ValidateUpdateAuthorizationPolicyCDMRequest_01" groupId="nl.weintegrate.wealert.api.authorizationpolicy.wso2.sequence" version="1.0.0" type="synapse/sequence" serverRole="EnterpriseServiceBus">
        <file>src/main/synapse-config/sequences/AuthorizationPolicyAPI_01_ValidateUpdateAuthorizationPolicyCDMRequest_01.xml</file>
    </artifact>
    <artifact name="AuthorizationPolicyAPI_01_ConvertUpdateAuthorizationPolicyCDMRequestToISRequest_01" groupId="nl.weintegrate.wealert.api.authorizationpolicy.wso2.sequence" version="1.0.0" type="synapse/sequence" serverRole="EnterpriseServiceBus">
        <file>src/main/synapse-config/sequences/AuthorizationPolicyAPI_01_ConvertUpdateAuthorizationPolicyCDMRequestToISRequest_01.xml</file>
    </artifact>
    <artifact name="AuthorizationPolicyAPI_01_UpdateAuthorizationPolicyOutSequence_01" groupId="nl.weintegrate.wealert.api.authorizationpolicy.wso2.sequence" version="1.0.0" type="synapse/sequence" serverRole="EnterpriseServiceBus">
        <file>src/main/synapse-config/sequences/AuthorizationPolicyAPI_01_UpdateAuthorizationPolicyOutSequence_01.xml</file>
    </artifact>
    <artifact name="AuthorizationPolicyAPI_01_ValidateUpdateAuthorizationPolicyCDMResponse_01" groupId="nl.weintegrate.wealert.api.authorizationpolicy.wso2.sequence" version="1.0.0" type="synapse/sequence" serverRole="EnterpriseServiceBus">
        <file>src/main/synapse-config/sequences/AuthorizationPolicyAPI_01_ValidateUpdateAuthorizationPolicyCDMResponse_01.xml</file>
    </artifact>
    <artifact name="AuthorizationPolicyAPI_01_ConvertUpdateAuthorizationPolicyISResponseToCDMResponse_01" groupId="nl.weintegrate.wealert.api.authorizationpolicy.wso2.sequence" version="1.0.0" type="synapse/sequence" serverRole="EnterpriseServiceBus">
        <file>src/main/synapse-config/sequences/AuthorizationPolicyAPI_01_ConvertUpdateAuthorizationPolicyISResponseToCDMResponse_01.xml</file>
    </artifact>
    <artifact name="AuthorizationPolicyAPI_01_UpdateAuthorizationPolicyFaultSequence_01" groupId="nl.weintegrate.wealert.api.authorizationpolicy.wso2.sequence" version="1.0.0" type="synapse/sequence" serverRole="EnterpriseServiceBus">
        <file>src/main/synapse-config/sequences/AuthorizationPolicyAPI_01_UpdateAuthorizationPolicyFaultSequence_01.xml</file>
    </artifact>
    <artifact name="AuthorizationPolicyAPI_01_DeleteAuthorizationPolicyInSequence_01" groupId="nl.weintegrate.wealert.api.authorizationpolicy.wso2.sequence" version="1.0.0" type="synapse/sequence" serverRole="EnterpriseServiceBus">
        <file>src/main/synapse-config/sequences/AuthorizationPolicyAPI_01_DeleteAuthorizationPolicyInSequence_01.xml</file>
    </artifact>
    <artifact name="AuthorizationPolicyAPI_01_ValidateDeleteAuthorizationPolicyCDMRequest_01" groupId="nl.weintegrate.wealert.api.authorizationpolicy.wso2.sequence" version="1.0.0" type="synapse/sequence" serverRole="EnterpriseServiceBus">
        <file>src/main/synapse-config/sequences/AuthorizationPolicyAPI_01_ValidateDeleteAuthorizationPolicyCDMRequest_01.xml</file>
    </artifact>
    <artifact name="AuthorizationPolicyAPI_01_ConvertDeleteAuthorizationPolicyCDMRequestToISRequest_01" groupId="nl.weintegrate.wealert.api.authorizationpolicy.wso2.sequence" version="1.0.0" type="synapse/sequence" serverRole="EnterpriseServiceBus">
        <file>src/main/synapse-config/sequences/AuthorizationPolicyAPI_01_ConvertDeleteAuthorizationPolicyCDMRequestToISRequest_01.xml</file>
    </artifact>
    <artifact name="AuthorizationPolicyAPI_01_DeleteAuthorizationPolicyOutSequence_01" groupId="nl.weintegrate.wealert.api.authorizationpolicy.wso2.sequence" version="1.0.0" type="synapse/sequence" serverRole="EnterpriseServiceBus">
        <file>src/main/synapse-config/sequences/AuthorizationPolicyAPI_01_DeleteAuthorizationPolicyOutSequence_01.xml</file>
    </artifact>
    <artifact name="AuthorizationPolicyAPI_01_ValidateDeleteAuthorizationPolicyCDMResponse_01" groupId="nl.weintegrate.wealert.api.authorizationpolicy.wso2.sequence" version="1.0.0" type="synapse/sequence" serverRole="EnterpriseServiceBus">
        <file>src/main/synapse-config/sequences/AuthorizationPolicyAPI_01_ValidateDeleteAuthorizationPolicyCDMResponse_01.xml</file>
    </artifact>
    <artifact name="AuthorizationPolicyAPI_01_ConvertDeleteAuthorizationPolicyISResponseToCDMResponse_01" groupId="nl.weintegrate.wealert.api.authorizationpolicy.wso2.sequence" version="1.0.0" type="synapse/sequence" serverRole="EnterpriseServiceBus">
        <file>src/main/synapse-config/sequences/AuthorizationPolicyAPI_01_ConvertDeleteAuthorizationPolicyISResponseToCDMResponse_01.xml</file>
    </artifact>
    <artifact name="AuthorizationPolicyAPI_01_DeleteAuthorizationPolicyFaultSequence_01" groupId="nl.weintegrate.wealert.api.authorizationpolicy.wso2.sequence" version="1.0.0" type="synapse/sequence" serverRole="EnterpriseServiceBus">
        <file>src/main/synapse-config/sequences/AuthorizationPolicyAPI_01_DeleteAuthorizationPolicyFaultSequence_01.xml</file>
    </artifact>
    <artifact name="AuthorizationPolicyAPI_01_SendRequestToIS_01" groupId="nl.weintegrate.wealert.api.authorizationpolicy.wso2.sequence" version="1.0.0" type="synapse/sequence" serverRole="EnterpriseServiceBus">
        <file>src/main/synapse-config/sequences/AuthorizationPolicyAPI_01_SendRequestToIS_01.xml</file>
    </artifact>
    <artifact name="AuthorizationPolicyAPI_01_ConvertAuthorizeAuthorizationPolicyCDATAtoXML_01" groupId="nl.weintegrate.wealert.api.authorizationpolicy.wso2.sequence" version="1.0.0" type="synapse/sequence" serverRole="EnterpriseServiceBus">
        <file>src/main/synapse-config/sequences/AuthorizationPolicyAPI_01_ConvertAuthorizeAuthorizationPolicyCDATAtoXML_01.xml</file>
    </artifact>
    <artifact name="AuthorizationPolicyAPI_01_ConvertGetAuthorizationPolicyPerCodeCDMRequestToISRequest_02" groupId="nl.weintegrate.wealert.api.authorizationpolicy.wso2.sequence" version="1.0.0" type="synapse/sequence" serverRole="EnterpriseServiceBus">
        <file>src/main/synapse-config/sequences/AuthorizationPolicyAPI_01_ConvertGetAuthorizationPolicyPerCodeCDMRequestToISRequest_02.xml</file>
    </artifact>
    <artifact name="AuthorizationPolicyAPI_01_UpdateAuthorizationPolicyWithDeviceIdInSequence_01" groupId="nl.weintegrate.wealert.api.authorizationpolicy.wso2.sequence" version="1.0.0" type="synapse/sequence" serverRole="EnterpriseServiceBus">
        <file>src/main/synapse-config/sequences/AuthorizationPolicyAPI_01_UpdateAuthorizationPolicyWithDeviceIdInSequence_01.xml</file>
    </artifact>
    <artifact name="AuthorizationPolicyAPI_01_UpdateAuthorizationPolicyWithDeviceIdOutSequence_01" groupId="nl.weintegrate.wealert.api.authorizationpolicy.wso2.sequence" version="1.0.0" type="synapse/sequence" serverRole="EnterpriseServiceBus">
        <file>src/main/synapse-config/sequences/AuthorizationPolicyAPI_01_UpdateAuthorizationPolicyWithDeviceIdOutSequence_01.xml</file>
    </artifact>
    <artifact name="AuthorizationPolicyAPI_01_UpdateAuthorizationPolicyWithDeviceIdFaultSequence_01" groupId="nl.weintegrate.wealert.api.authorizationpolicy.wso2.sequence" version="1.0.0" type="synapse/sequence" serverRole="EnterpriseServiceBus">
        <file>src/main/synapse-config/sequences/AuthorizationPolicyAPI_01_UpdateAuthorizationPolicyWithDeviceIdFaultSequence_01.xml</file>
    </artifact>
    <artifact name="AuthorizationPolicyAPI_01_RemoveUserFromPolicyInSequence_01" groupId="nl.weintegrate.wealert.api.authorizationpolicy.wso2.sequence" version="1.0.0" type="synapse/sequence" serverRole="EnterpriseServiceBus">
        <file>src/main/synapse-config/sequences/AuthorizationPolicyAPI_01_RemoveUserFromPolicyInSequence_01.xml</file>
    </artifact>
    <artifact name="AuthorizationPolicyAPI_01_RemoveUserFromPolicyOutSequence_01" groupId="nl.weintegrate.wealert.api.authorizationpolicy.wso2.sequence" version="1.0.0" type="synapse/sequence" serverRole="EnterpriseServiceBus">
        <file>src/main/synapse-config/sequences/AuthorizationPolicyAPI_01_RemoveUserFromPolicyOutSequence_01.xml</file>
    </artifact>
</artifacts>
