<ns6:GetCustomerResponse xmlns:ns6="http://www.ciber.nl/uiab/cdm/xsd/customer_requestresponse_01" xmlns:ns2="http://www.ciber.nl/uiab/cdm/xsd/contactperson_01" xmlns:ns1="http://www.ciber.nl/uiab/cdm/xsd/contactinformation_01" xmlns:ns4="http://www.ciber.nl/uiab/cdm/xsd/address_01" xmlns:organization="http://www.ciber.nl/uiab/cdm/xsd/organization_01" xmlns:ns3="http://www.ciber.nl/uiab/cdm/xsd/customer_01" xmlns:customfields="http://www.ciber.nl/uiab/cdm/xsd/customfield_01" xmlns:ns8="http://www.ciber.nl/uiab/cdm/xsd/actionstatus_01">
   <ns6:ActionStatus>
      <ns8:Status>SUCCESS</ns8:Status>
      <ns8:ErrorCode/>
      <ns8:Message/>
   </ns6:ActionStatus>
   <ns6:Customer>
      <ns3:CustomerCode>Cust-1804040000041</ns3:CustomerCode>
      <ns3:CustomerType>Consumer Customer</ns3:CustomerType>
      <ns3:ExternalReference>customer:ExternalReference</ns3:ExternalReference>
      <ns3:ExternalReference>customer:ExternalReference</ns3:ExternalReference>
      <ns3:Description>Sumayya Test</ns3:Description>
      <ns3:CustomerCategoryCode>Customer</ns3:CustomerCategoryCode>
      <ns3:CustomerBrandCode>BRAND1</ns3:CustomerBrandCode>
      <ns3:CustomerSellerCode>MAIN</ns3:CustomerSellerCode>
      <ns3:CustomerAddress>
         <ns4:Street>Doolhof</ns4:Street>
         <ns4:Number>address:Number</ns4:Number>
         <ns4:NumberExtension>41-E</ns4:NumberExtension>
         <ns4:Postcode>3121</ns4:Postcode>
         <ns4:City>Nistelrode</ns4:City>
         <ns4:State>NL</ns4:State>
         <ns4:CountryCode>PK</ns4:CountryCode>
         <ns4:AddressType>Woonboot</ns4:AddressType>
      </ns3:CustomerAddress>
      <ns3:Organization>
         <organization:OrganizationName>organization:OrganizationName</organization:OrganizationName>
         <organization:OrganizationType>BV</organization:OrganizationType>
         <organization:OrganizationNameType>Public</organization:OrganizationNameType>
         <organization:BusinessRegisterNumber>Business</organization:BusinessRegisterNumber>
      </ns3:Organization>
      <ns3:CustomerContactPerson>
         <ns2:ContactPersonTitle>Mr</ns2:ContactPersonTitle>
         <ns2:ContactPersonInitials>WD</ns2:ContactPersonInitials>
         <ns2:ContactPersonFirstName>Wiebe</ns2:ContactPersonFirstName>
         <ns2:ContactPersonLastName>Donk</ns2:ContactPersonLastName>
         <ns2:ContactPersonMiddleName>contactperson:ContactPersonMiddleName</ns2:ContactPersonMiddleName>
         <ns2:ContactPersonLastNamePrefix>contactperson:ContactPersonLastNamePrefix</ns2:ContactPersonLastNamePrefix>
         <ns2:ContactPersonGeneralSuffix>contactperson:ContactPersonGeneralSuffix</ns2:ContactPersonGeneralSuffix>
      </ns3:CustomerContactPerson>
      <ns3:CustomerContactInformation>
         <ns1:Email>email@123.com</ns1:Email>
         <ns1:Phone>Phone</ns1:Phone>
         <ns1:Mobile>Mobile</ns1:Mobile>
         <ns1:Fax>Fax</ns1:Fax>
      </ns3:CustomerContactInformation>
   </ns6:Customer>
</ns6:GetCustomerResponse>