<?xml version="1.0" encoding="UTF-8"?><artifacts>
    <artifact name="AuthenticateCDMRequestToISRequest" groupId="nl.ggmd.wso2.identity.accessmanagement.resource" version="1.0.0" type="registry/resource" serverRole="GovernanceRegistry">
        <item>
            <file>AuthenticateCDMRequestToISRequest.xslt</file>
            <path>/_system/governance/nl/ggmd/service/iam/v1/xslt</path>
            <mediaType>application/xslt+xml</mediaType>
        </item>
    </artifact>
    <artifact name="AuthenticateISResponseToCDMResponse" groupId="nl.ggmd.wso2.identity.accessmanagement.resource" version="1.0.0" type="registry/resource" serverRole="GovernanceRegistry">
        <item>
            <file>AuthenticateISResponseToCDMResponse.xslt</file>
            <path>/_system/governance/nl/ggmd/service/iam/v1/xslt</path>
            <mediaType>application/xslt+xml</mediaType>
        </item>
    </artifact>
    <artifact name="AuthenticateJsonToCDMRequest" groupId="nl.ggmd.wso2.identity.accessmanagement.resource" version="1.0.0" type="registry/resource" serverRole="GovernanceRegistry">
        <item>
            <file>AuthenticateJsonToCDMRequest.xslt</file>
            <path>/_system/governance/nl/ggmd/service/iam/v1/xslt</path>
            <mediaType>application/xslt+xml</mediaType>
        </item>
    </artifact>
    <artifact name="AuthenticateISEndpoint" groupId="nl.ggmd.wso2.identity.accessmanagement.resource" version="1.0.0" type="registry/resource" serverRole="GovernanceRegistry">
        <item>
            <file>AuthenticateISEndpoint.xml</file>
            <path>/_system/governance/nl/ggmd/service/iam/v1/endpoint</path>
            <mediaType>application/vnd.wso2.esb.endpoint</mediaType>
        </item>
    </artifact>
    <artifact name="ErrorQueueEndpoint" groupId="nl.ggmd.wso2.identity.accessmanagement.resource" version="1.0.0" type="registry/resource" serverRole="GovernanceRegistry">
        <item>
            <file>ErrorQueueEndpoint.xml</file>
            <path>/_system/governance/nl/ggmd/service/iam/v1/endpoint</path>
            <mediaType>application/vnd.wso2.esb.endpoint</mediaType>
        </item>
    </artifact>
    <artifact name="ChangePasswordCDMRequestToISRequest_xslt" groupId="nl.ggmd.wso2.identity.accessmanagement.resource" version="1.0.0" type="registry/resource" serverRole="GovernanceRegistry">
        <item>
            <file>ChangePasswordCDMRequestToISRequest.xslt</file>
            <path>/_system/governance/nl/ggmd/service/iam/v1/xslt</path>
            <mediaType>application/xslt+xml</mediaType>
        </item>
    </artifact>
    <artifact name="ChangePasswordISResponseToCDMResponse_xslt" groupId="nl.ggmd.wso2.identity.accessmanagement.resource" version="1.0.0" type="registry/resource" serverRole="GovernanceRegistry">
        <item>
            <file>ChangePasswordISResponseToCDMResponse.xslt</file>
            <path>/_system/governance/nl/ggmd/service/iam/v1/xslt</path>
            <mediaType>application/xslt+xml</mediaType>
        </item>
    </artifact>
    <artifact name="ChangePasswordJsonToCDMRequest_xslt" groupId="nl.ggmd.wso2.identity.accessmanagement.resource" version="1.0.0" type="registry/resource" serverRole="GovernanceRegistry">
        <item>
            <file>ChangePasswordJsonToCDMRequest.xslt</file>
            <path>/_system/governance/nl/ggmd/service/iam/v1/xslt</path>
            <mediaType>application/xslt+xml</mediaType>
        </item>
    </artifact>
    <artifact name="ChangePasswordISEndpoint_xml" groupId="nl.ggmd.wso2.identity.accessmanagement.resource" version="1.0.0" type="registry/resource" serverRole="GovernanceRegistry">
        <item>
            <file>ChangePasswordISEndpoint.xml</file>
            <path>/_system/governance/nl/ggmd/service/iam/v1/endpoint</path>
            <mediaType>application/vnd.wso2.esb.endpoint</mediaType>
        </item>
    </artifact>
</artifacts>
