<?xml version="1.0" encoding="UTF-8"?>
<sequence name="ConvertPlainXMLToAccountingDataXML" trace="disable" xmlns="http://ws.apache.org/ns/synapse">
    <call-template description="Log-INFO" target="gov:com/commons/util/v1/templates/LoggerTemplate.xml">
        <with-param name="SequenceName" value="ConvertPlainXMLToAccountingDataXML"/>
        <with-param name="Message" value="Going to convert  Plain Deliveries XML to Accounting Data service Request"/>
        <with-param name="LogLevel" value="INFO"/>
    </call-template>
    <xslt description="ConvertPlainXMLToDataXML" key="gov:nl/ggmd/accounting/service/delivery/v1/xslt/ConvertPlainXMLToAccountingDataServiceRequest.xslt">
        <resource key="gov:nl/ggmd/accounting/service/delivery/v1/xslt/ConvertPlainXMLToAccountingDataServiceRequest.xslt" location="gov:nl/ggmd/accounting/service/delivery/v1/xslt/ConvertPlainXMLToAccountingDataServiceRequest.xslt"/>
    </xslt>
    <call-template description="Log-INFO" target="gov:com/commons/util/v1/templates/LoggerTemplate.xml">
        <with-param name="SequenceName" value="ConvertPlainXMLToAccountingDataXML"/>
        <with-param name="Message" value="Converted Plain Deliveries XML to Accounting Data service Request successfully."/>
        <with-param name="LogLevel" value="INFO"/>
    </call-template>
</sequence>
