<?xml version="1.0" encoding="UTF-8"?>
<sequence name="DeliveriesAccountingInSequence" trace="disable" xmlns="http://ws.apache.org/ns/synapse">
  <call-template description="LogINFO" target="gov:com/commons/util/v1/templates/LoggerTemplate.xml">
    <with-param name="SequenceName" value="DeliveriesAccountingInSequence"/>
    <with-param name="Message" value="Deliveries Accounting File Processing InSequence Started"/>
    <with-param name="LogLevel" value="INFO"/>
  </call-template>
  <sequence key="TransformDeliveriesAccountingCSVRecordIntoXML"/>
  <iterate expression="//Deliveries/Delivery" id="ggmd_deliveries"
    sequential="true" xmlns:ns="http://org.apache.synapse/xsd">
    <target>
      <sequence>
        <filter xpath="//client_id!='' and //direct_time!='' and //direct_time!='0'">
          <then>
            <log description="Log-INFO" level="full" separator="--=== Check Criteria for product_id field ===---"/>
            <filter xpath="//*[local-name()='product_id'] = '2499' or //*[local-name()='product_id'] = '1103' or //*[local-name()='product_id'] = '2500' or //*[local-name()='product_id'] = '2970' or //*[local-name()='product_id'] = '2497'">
              <then>
                <log separator="--=== product_id filter matched ===---"/>
                <sequence key="ConvertPlainXMLToAccountingDataXML"/>
                <sequence key="SendDeliveriesAccountingMessageToDataService"/>
              </then>
              <else>
                <log separator="--=== product_id filter does not matched Drop ===---"/>
                <sequence key="ConvertPlainXMLToAccountingDataXML"/>
                <sequence key="SendDeliveriesAccountingMessageToDataService"/>
              </else>
            </filter>
          </then>
          <else>
            <filter xpath="//client_id!='' and //indirect_time!='' and //indirect_time!='0' and fn:contains(//*[local-name()='activity_name'],'Overleg met derden namens')">
              <then>
                <filter xpath="//*[local-name()='product_id'] = '2499' or //*[local-name()='product_id'] = '1103' or //*[local-name()='product_id'] = '2500' or //*[local-name()='product_id'] = '2970' or //*[local-name()='product_id'] = '2497'">
                  <then>
                    <log separator="--=== Indirect Time and Activityname filter matched ===---"/>
                    <sequence key="ConvertPlainXMLToAccountingDataXML"/>
                    <sequence key="SendDeliveriesAccountingMessageToDataService"/>
                  </then>
                  <else>
                    <log separator="--=== product_id filter does not matched Drop ===---"/>
                    <sequence key="ConvertPlainXMLToAccountingDataXML"/>
                    <sequence key="SendDeliveriesAccountingMessageToDataService"/>
                  </else>
                </filter>
              </then>
              <else>
                <log separator="--=== Drop ===---"/>
                <sequence key="ConvertPlainXMLToAccountingDataXML"/>
                <sequence key="SendDeliveriesAccountingMessageToDataService"/>
              </else>
            </filter>
          </else>
        </filter>
      </sequence>
    </target>
  </iterate>
</sequence>
