<?xml version="1.0" encoding="UTF-8"?>
<sequence name="DiscardDeliveriesAccountingMessage" trace="disable" xmlns="http://ws.apache.org/ns/synapse">
    <call-template description="LogINFO" target="gov:com/commons/util/v1/templates/LoggerTemplate.xml">
        <with-param name="SequenceName" value="DiscardDeliveriesAccountingMessage"/>
        <with-param name="Message" value="Going to write the accounting discarded message on file."/>
        <with-param name="LogLevel" value="INFO"/>
    </call-template>
    <payloadFactory media-type="xml">
        <format>
            <discardedmessage xmlns="">
                <message>$1</message>
            </discardedmessage>
        </format>
        <args>
            <arg evaluator="xml" expression="//*[local-name()='Delivery']"/>
        </args>
    </payloadFactory>
    <property expression="fn:concat('DisgardedDeliveriesAccountingRows-',get-property('SYSTEM_DATE', 'ddMMyy'), '.xml')" name="transport.vfs.ReplyFileName" scope="default" type="STRING"/>
    <property description="uri.var.discardfileurl" expression="get-property('transport.vfs.ReplyFileName')" name="uri.var.discardfileurl" scope="default" type="STRING"/>
    <property description="SetOutOnly" name="OUT_ONLY" scope="default" type="STRING" value="true"/>
    <property action="remove" description="RemoveClientApiNonBlocking" name="ClientApiNonBlocking" scope="axis2"/>
    <send>
        <endpoint key="gov:nl/ggmd/accounting/service/delivery/v1/endpoint/DiscardedDeliveryAccountRowsFileEndpoint.xml"/>
    </send>
</sequence>
