<?xml version="1.0" encoding="UTF-8"?>
<sequence name="SendDeliveriesAccountingMessageToDataService" trace="disable" xmlns="http://ws.apache.org/ns/synapse">
    <header name="Action" scope="default" value="urn:CreateDelivery"/>
    <call>
        <endpoint key="gov:nl/ggmd/accounting/service/delivery/v1/endpoint/DeliveryAccountingDataServiceEndpoint.xml"/>
    </call>
    <filter xpath="//*[local-name()='faultstring']">
        <then>
            <call-template description="LogINFO" target="gov:com/commons/util/v1/templates/LoggerTemplate.xml">
                <with-param name="SequenceName" value="SendDeliveriesAccountingMessageToDataService"/>
                <with-param name="Message" value="Accounting Delivery Message sent to Error Queue."/>
                <with-param name="LogLevel" value="INFO"/>
            </call-template>
            <property description="SetOutOnly" name="OUT_ONLY" scope="default" type="STRING" value="true"/>
            <call>
                <endpoint key="gov:nl/ggmd/accounting/service/delivery/v1/endpoint/DeliveriesAccountingErrorQueueEndpoint.xml"/>
            </call>
        </then>
        <else/>
    </filter>
</sequence>
