<?xml version="1.0" encoding="UTF-8"?>
<sequence name="TransformDeliveriesAccountingCSVRecordIntoXML" trace="disable" xmlns="http://ws.apache.org/ns/synapse">
    <call-template description="LogINFO" target="gov:com/commons/util/v1/templates/LoggerTemplate.xml">
        <with-param name="SequenceName" value="TransformDeliveriesAccountingCSVRecordIntoXML"/>
        <with-param name="Message" value="Going to transform Accounting Deliveries CSV into XML using Smooks"/>
        <with-param name="LogLevel" value="INFO"/>
    </call-template>
    <smooks config-key="gov:nl/ggmd/accounting/service/delivery/v1/smooks/smooks-DeliveriesAccountingConfiguration.xml" description="TransformAccountingDeliveriesCSV">
        <input type="text"/>
        <output type="xml"/>
    </smooks>
    <call-template description="LogINFO" target="gov:com/commons/util/v1/templates/LoggerTemplate.xml">
        <with-param name="SequenceName" value="TransformDeliveriesAccountingCSVRecordIntoXML"/>
        <with-param name="Message" value="Smooks Transformation completed successfully."/>
        <with-param name="LogLevel" value="INFO"/>
    </call-template>
</sequence>
