<?xml version="1.0" encoding="UTF-8"?><artifacts>
    <artifact name="ProvisionUserInSequence" groupId="nl.weintegrate.wealert.services.identityandaccessmanagement.wso2.sequence" version="1.0.0" type="synapse/sequence" serverRole="EnterpriseServiceBus">
        <file>src/main/synapse-config/sequences/ProvisionUserInSequence.xml</file>
    </artifact>
    <artifact name="ValidateProvisionUserCDMRequest" groupId="nl.weintegrate.wealert.services.identityandaccessmanagement.wso2.sequence" version="1.0.0" type="synapse/sequence" serverRole="EnterpriseServiceBus">
        <file>src/main/synapse-config/sequences/ValidateProvisionUserCDMRequest.xml</file>
    </artifact>
    <artifact name="ConvertProvisionUserCDMRequestToISRequest" groupId="nl.weintegrate.wealert.services.identityandaccessmanagement.wso2.sequence" version="1.0.0" type="synapse/sequence" serverRole="EnterpriseServiceBus">
        <file>src/main/synapse-config/sequences/ConvertProvisionUserCDMRequestToISRequest.xml</file>
    </artifact>
    <artifact name="ProvisionUserOutSequence" groupId="nl.weintegrate.wealert.services.identityandaccessmanagement.wso2.sequence" version="1.0.0" type="synapse/sequence" serverRole="EnterpriseServiceBus">
        <file>src/main/synapse-config/sequences/ProvisionUserOutSequence.xml</file>
    </artifact>
    <artifact name="ValidateProvisionUserCDMResponse" groupId="nl.weintegrate.wealert.services.identityandaccessmanagement.wso2.sequence" version="1.0.0" type="synapse/sequence" serverRole="EnterpriseServiceBus">
        <file>src/main/synapse-config/sequences/ValidateProvisionUserCDMResponse.xml</file>
    </artifact>
    <artifact name="ConvertProvisionUserISResponseToCDMResponse" groupId="nl.weintegrate.wealert.services.identityandaccessmanagement.wso2.sequence" version="1.0.0" type="synapse/sequence" serverRole="EnterpriseServiceBus">
        <file>src/main/synapse-config/sequences/ConvertProvisionUserISResponseToCDMResponse.xml</file>
    </artifact>
    <artifact name="ProvisionUserFaultSequence" groupId="nl.weintegrate.wealert.services.identityandaccessmanagement.wso2.sequence" version="1.0.0" type="synapse/sequence" serverRole="EnterpriseServiceBus">
        <file>src/main/synapse-config/sequences/ProvisionUserFaultSequence.xml</file>
    </artifact>
    <artifact name="RemoveUserInSequence" groupId="nl.weintegrate.wealert.services.identityandaccessmanagement.wso2.sequence" version="1.0.0" type="synapse/sequence" serverRole="EnterpriseServiceBus">
        <file>src/main/synapse-config/sequences/RemoveUserInSequence.xml</file>
    </artifact>
    <artifact name="ValidateRemoveUserCDMRequest" groupId="nl.weintegrate.wealert.services.identityandaccessmanagement.wso2.sequence" version="1.0.0" type="synapse/sequence" serverRole="EnterpriseServiceBus">
        <file>src/main/synapse-config/sequences/ValidateRemoveUserCDMRequest.xml</file>
    </artifact>
    <artifact name="ConvertRemoveUserCDMRequestToISRequest" groupId="nl.weintegrate.wealert.services.identityandaccessmanagement.wso2.sequence" version="1.0.0" type="synapse/sequence" serverRole="EnterpriseServiceBus">
        <file>src/main/synapse-config/sequences/ConvertRemoveUserCDMRequestToISRequest.xml</file>
    </artifact>
    <artifact name="RemoveUserOutSequence" groupId="nl.weintegrate.wealert.services.identityandaccessmanagement.wso2.sequence" version="1.0.0" type="synapse/sequence" serverRole="EnterpriseServiceBus">
        <file>src/main/synapse-config/sequences/RemoveUserOutSequence.xml</file>
    </artifact>
    <artifact name="ValidateRemoveUserCDMResponse" groupId="nl.weintegrate.wealert.services.identityandaccessmanagement.wso2.sequence" version="1.0.0" type="synapse/sequence" serverRole="EnterpriseServiceBus">
        <file>src/main/synapse-config/sequences/ValidateRemoveUserCDMResponse.xml</file>
    </artifact>
    <artifact name="ConvertRemoveUserISResponseToCDMResponse" groupId="nl.weintegrate.wealert.services.identityandaccessmanagement.wso2.sequence" version="1.0.0" type="synapse/sequence" serverRole="EnterpriseServiceBus">
        <file>src/main/synapse-config/sequences/ConvertRemoveUserISResponseToCDMResponse.xml</file>
    </artifact>
    <artifact name="RemoveUserFaultSequence" groupId="nl.weintegrate.wealert.services.identityandaccessmanagement.wso2.sequence" version="1.0.0" type="synapse/sequence" serverRole="EnterpriseServiceBus">
        <file>src/main/synapse-config/sequences/RemoveUserFaultSequence.xml</file>
    </artifact>
    <artifact name="UpdateUserInSequence" groupId="nl.weintegrate.wealert.services.identityandaccessmanagement.wso2.sequence" version="1.0.0" type="synapse/sequence" serverRole="EnterpriseServiceBus">
        <file>src/main/synapse-config/sequences/UpdateUserInSequence.xml</file>
    </artifact>
    <artifact name="ValidateUpdateUserCDMRequest" groupId="nl.weintegrate.wealert.services.identityandaccessmanagement.wso2.sequence" version="1.0.0" type="synapse/sequence" serverRole="EnterpriseServiceBus">
        <file>src/main/synapse-config/sequences/ValidateUpdateUserCDMRequest.xml</file>
    </artifact>
    <artifact name="ConvertUpdateUserCDMRequestToISRequest" groupId="nl.weintegrate.wealert.services.identityandaccessmanagement.wso2.sequence" version="1.0.0" type="synapse/sequence" serverRole="EnterpriseServiceBus">
        <file>src/main/synapse-config/sequences/ConvertUpdateUserCDMRequestToISRequest.xml</file>
    </artifact>
    <artifact name="UpdateUserOutSequence" groupId="nl.weintegrate.wealert.services.identityandaccessmanagement.wso2.sequence" version="1.0.0" type="synapse/sequence" serverRole="EnterpriseServiceBus">
        <file>src/main/synapse-config/sequences/UpdateUserOutSequence.xml</file>
    </artifact>
    <artifact name="ValidateUpdateUserCDMResponse" groupId="nl.weintegrate.wealert.services.identityandaccessmanagement.wso2.sequence" version="1.0.0" type="synapse/sequence" serverRole="EnterpriseServiceBus">
        <file>src/main/synapse-config/sequences/ValidateUpdateUserCDMResponse.xml</file>
    </artifact>
    <artifact name="ConvertUpdateUserISResponseToCDMResponse" groupId="nl.weintegrate.wealert.services.identityandaccessmanagement.wso2.sequence" version="1.0.0" type="synapse/sequence" serverRole="EnterpriseServiceBus">
        <file>src/main/synapse-config/sequences/ConvertUpdateUserISResponseToCDMResponse.xml</file>
    </artifact>
    <artifact name="UpdateUserFaultSequence" groupId="nl.weintegrate.wealert.services.identityandaccessmanagement.wso2.sequence" version="1.0.0" type="synapse/sequence" serverRole="EnterpriseServiceBus">
        <file>src/main/synapse-config/sequences/UpdateUserFaultSequence.xml</file>
    </artifact>
    <artifact name="ProvisionClientInSequence" groupId="nl.weintegrate.wealert.services.identityandaccessmanagement.wso2.sequence" version="1.0.0" type="synapse/sequence" serverRole="EnterpriseServiceBus">
        <file>src/main/synapse-config/sequences/ProvisionClientInSequence.xml</file>
    </artifact>
    <artifact name="ValidateProvisionClientCDMRequest" groupId="nl.weintegrate.wealert.services.identityandaccessmanagement.wso2.sequence" version="1.0.0" type="synapse/sequence" serverRole="EnterpriseServiceBus">
        <file>src/main/synapse-config/sequences/ValidateProvisionClientCDMRequest.xml</file>
    </artifact>
    <artifact name="ConvertProvisionClientCDMRequestToISRequest" groupId="nl.weintegrate.wealert.services.identityandaccessmanagement.wso2.sequence" version="1.0.0" type="synapse/sequence" serverRole="EnterpriseServiceBus">
        <file>src/main/synapse-config/sequences/ConvertProvisionClientCDMRequestToISRequest.xml</file>
    </artifact>
    <artifact name="ProvisionClientOutSequence" groupId="nl.weintegrate.wealert.services.identityandaccessmanagement.wso2.sequence" version="1.0.0" type="synapse/sequence" serverRole="EnterpriseServiceBus">
        <file>src/main/synapse-config/sequences/ProvisionClientOutSequence.xml</file>
    </artifact>
    <artifact name="ValidateProvisionClientCDMResponse" groupId="nl.weintegrate.wealert.services.identityandaccessmanagement.wso2.sequence" version="1.0.0" type="synapse/sequence" serverRole="EnterpriseServiceBus">
        <file>src/main/synapse-config/sequences/ValidateProvisionClientCDMResponse.xml</file>
    </artifact>
    <artifact name="ConvertProvisionClientISResponseToCDMResponse" groupId="nl.weintegrate.wealert.services.identityandaccessmanagement.wso2.sequence" version="1.0.0" type="synapse/sequence" serverRole="EnterpriseServiceBus">
        <file>src/main/synapse-config/sequences/ConvertProvisionClientISResponseToCDMResponse.xml</file>
    </artifact>
    <artifact name="ProvisionClientFaultSequence" groupId="nl.weintegrate.wealert.services.identityandaccessmanagement.wso2.sequence" version="1.0.0" type="synapse/sequence" serverRole="EnterpriseServiceBus">
        <file>src/main/synapse-config/sequences/ProvisionClientFaultSequence.xml</file>
    </artifact>
    <artifact name="ProvisionApplicationGroupInSequence" groupId="nl.weintegrate.wealert.services.identityandaccessmanagement.wso2.sequence" version="1.0.0" type="synapse/sequence" serverRole="EnterpriseServiceBus">
        <file>src/main/synapse-config/sequences/ProvisionApplicationGroupInSequence.xml</file>
    </artifact>
    <artifact name="ValidateProvisionApplicationGroupCDMRequest" groupId="nl.weintegrate.wealert.services.identityandaccessmanagement.wso2.sequence" version="1.0.0" type="synapse/sequence" serverRole="EnterpriseServiceBus">
        <file>src/main/synapse-config/sequences/ValidateProvisionApplicationGroupCDMRequest.xml</file>
    </artifact>
    <artifact name="ConvertProvisionApplicationGroupCDMRequestToISRequest" groupId="nl.weintegrate.wealert.services.identityandaccessmanagement.wso2.sequence" version="1.0.0" type="synapse/sequence" serverRole="EnterpriseServiceBus">
        <file>src/main/synapse-config/sequences/ConvertProvisionApplicationGroupCDMRequestToISRequest.xml</file>
    </artifact>
    <artifact name="ProvisionApplicationGroupOutSequence" groupId="nl.weintegrate.wealert.services.identityandaccessmanagement.wso2.sequence" version="1.0.0" type="synapse/sequence" serverRole="EnterpriseServiceBus">
        <file>src/main/synapse-config/sequences/ProvisionApplicationGroupOutSequence.xml</file>
    </artifact>
    <artifact name="ValidateProvisionApplicationGroupCDMResponse" groupId="nl.weintegrate.wealert.services.identityandaccessmanagement.wso2.sequence" version="1.0.0" type="synapse/sequence" serverRole="EnterpriseServiceBus">
        <file>src/main/synapse-config/sequences/ValidateProvisionApplicationGroupCDMResponse.xml</file>
    </artifact>
    <artifact name="ConvertProvisionApplicationGroupISResponseToCDMResponse" groupId="nl.weintegrate.wealert.services.identityandaccessmanagement.wso2.sequence" version="1.0.0" type="synapse/sequence" serverRole="EnterpriseServiceBus">
        <file>src/main/synapse-config/sequences/ConvertProvisionApplicationGroupISResponseToCDMResponse.xml</file>
    </artifact>
    <artifact name="ProvisionApplicationGroupFaultSequence" groupId="nl.weintegrate.wealert.services.identityandaccessmanagement.wso2.sequence" version="1.0.0" type="synapse/sequence" serverRole="EnterpriseServiceBus">
        <file>src/main/synapse-config/sequences/ProvisionApplicationGroupFaultSequence.xml</file>
    </artifact>
    <artifact name="AssignUserToApplicationGroupInSequence" groupId="nl.weintegrate.wealert.services.identityandaccessmanagement.wso2.sequence" version="1.0.0" type="synapse/sequence" serverRole="EnterpriseServiceBus">
        <file>src/main/synapse-config/sequences/AssignUserToApplicationGroupInSequence.xml</file>
    </artifact>
    <artifact name="ValidateAssignUserToApplicationGroupCDMRequest" groupId="nl.weintegrate.wealert.services.identityandaccessmanagement.wso2.sequence" version="1.0.0" type="synapse/sequence" serverRole="EnterpriseServiceBus">
        <file>src/main/synapse-config/sequences/ValidateAssignUserToApplicationGroupCDMRequest.xml</file>
    </artifact>
    <artifact name="ConvertAssignUserToApplicationGroupCDMRequestToISRequest" groupId="nl.weintegrate.wealert.services.identityandaccessmanagement.wso2.sequence" version="1.0.0" type="synapse/sequence" serverRole="EnterpriseServiceBus">
        <file>src/main/synapse-config/sequences/ConvertAssignUserToApplicationGroupCDMRequestToISRequest.xml</file>
    </artifact>
    <artifact name="AssignUserToApplicationGroupOutSequence" groupId="nl.weintegrate.wealert.services.identityandaccessmanagement.wso2.sequence" version="1.0.0" type="synapse/sequence" serverRole="EnterpriseServiceBus">
        <file>src/main/synapse-config/sequences/AssignUserToApplicationGroupOutSequence.xml</file>
    </artifact>
    <artifact name="ValidateAssignUserToApplicationGroupCDMResponse" groupId="nl.weintegrate.wealert.services.identityandaccessmanagement.wso2.sequence" version="1.0.0" type="synapse/sequence" serverRole="EnterpriseServiceBus">
        <file>src/main/synapse-config/sequences/ValidateAssignUserToApplicationGroupCDMResponse.xml</file>
    </artifact>
    <artifact name="ConvertAssignUserToApplicationGroupISResponseToCDMResponse" groupId="nl.weintegrate.wealert.services.identityandaccessmanagement.wso2.sequence" version="1.0.0" type="synapse/sequence" serverRole="EnterpriseServiceBus">
        <file>src/main/synapse-config/sequences/ConvertAssignUserToApplicationGroupISResponseToCDMResponse.xml</file>
    </artifact>
    <artifact name="AssignUserToApplicationGroupFaultSequence" groupId="nl.weintegrate.wealert.services.identityandaccessmanagement.wso2.sequence" version="1.0.0" type="synapse/sequence" serverRole="EnterpriseServiceBus">
        <file>src/main/synapse-config/sequences/AssignUserToApplicationGroupFaultSequence.xml</file>
    </artifact>
    <artifact name="RemoveUserFromApplicationGroupInSequence" groupId="nl.weintegrate.wealert.services.identityandaccessmanagement.wso2.sequence" version="1.0.0" type="synapse/sequence" serverRole="EnterpriseServiceBus">
        <file>src/main/synapse-config/sequences/RemoveUserFromApplicationGroupInSequence.xml</file>
    </artifact>
    <artifact name="ValidateRemoveUserFromApplicationGroupCDMRequest" groupId="nl.weintegrate.wealert.services.identityandaccessmanagement.wso2.sequence" version="1.0.0" type="synapse/sequence" serverRole="EnterpriseServiceBus">
        <file>src/main/synapse-config/sequences/ValidateRemoveUserFromApplicationGroupCDMRequest.xml</file>
    </artifact>
    <artifact name="ConvertRemoveUserFromApplicationGroupCDMRequestToISRequest" groupId="nl.weintegrate.wealert.services.identityandaccessmanagement.wso2.sequence" version="1.0.0" type="synapse/sequence" serverRole="EnterpriseServiceBus">
        <file>src/main/synapse-config/sequences/ConvertRemoveUserFromApplicationGroupCDMRequestToISRequest.xml</file>
    </artifact>
    <artifact name="RemoveUserFromApplicationGroupOutSequence" groupId="nl.weintegrate.wealert.services.identityandaccessmanagement.wso2.sequence" version="1.0.0" type="synapse/sequence" serverRole="EnterpriseServiceBus">
        <file>src/main/synapse-config/sequences/RemoveUserFromApplicationGroupOutSequence.xml</file>
    </artifact>
    <artifact name="ValidateRemoveUserFromApplicationGroupCDMResponse" groupId="nl.weintegrate.wealert.services.identityandaccessmanagement.wso2.sequence" version="1.0.0" type="synapse/sequence" serverRole="EnterpriseServiceBus">
        <file>src/main/synapse-config/sequences/ValidateRemoveUserFromApplicationGroupCDMResponse.xml</file>
    </artifact>
    <artifact name="ConvertRemoveUserFromApplicationGroupISResponseToCDMResponse" groupId="nl.weintegrate.wealert.services.identityandaccessmanagement.wso2.sequence" version="1.0.0" type="synapse/sequence" serverRole="EnterpriseServiceBus">
        <file>src/main/synapse-config/sequences/ConvertRemoveUserFromApplicationGroupISResponseToCDMResponse.xml</file>
    </artifact>
    <artifact name="RemoveUserFromApplicationGroupFaultSequence" groupId="nl.weintegrate.wealert.services.identityandaccessmanagement.wso2.sequence" version="1.0.0" type="synapse/sequence" serverRole="EnterpriseServiceBus">
        <file>src/main/synapse-config/sequences/RemoveUserFromApplicationGroupFaultSequence.xml</file>
    </artifact>
    <artifact name="AuthenticateInSequence" groupId="nl.weintegrate.wealert.services.identityandaccessmanagement.wso2.sequence" version="1.0.0" type="synapse/sequence" serverRole="EnterpriseServiceBus">
        <file>src/main/synapse-config/sequences/AuthenticateInSequence.xml</file>
    </artifact>
    <artifact name="ValidateAuthenticateCDMRequest" groupId="nl.weintegrate.wealert.services.identityandaccessmanagement.wso2.sequence" version="1.0.0" type="synapse/sequence" serverRole="EnterpriseServiceBus">
        <file>src/main/synapse-config/sequences/ValidateAuthenticateCDMRequest.xml</file>
    </artifact>
    <artifact name="ConvertAuthenticateCDMRequestToISRequest" groupId="nl.weintegrate.wealert.services.identityandaccessmanagement.wso2.sequence" version="1.0.0" type="synapse/sequence" serverRole="EnterpriseServiceBus">
        <file>src/main/synapse-config/sequences/ConvertAuthenticateCDMRequestToISRequest.xml</file>
    </artifact>
    <artifact name="AuthenticateOutSequence" groupId="nl.weintegrate.wealert.services.identityandaccessmanagement.wso2.sequence" version="1.0.0" type="synapse/sequence" serverRole="EnterpriseServiceBus">
        <file>src/main/synapse-config/sequences/AuthenticateOutSequence.xml</file>
    </artifact>
    <artifact name="ValidateAuthenticateCDMResponse" groupId="nl.weintegrate.wealert.services.identityandaccessmanagement.wso2.sequence" version="1.0.0" type="synapse/sequence" serverRole="EnterpriseServiceBus">
        <file>src/main/synapse-config/sequences/ValidateAuthenticateCDMResponse.xml</file>
    </artifact>
    <artifact name="ConvertAuthenticateISResponseToCDMResponse" groupId="nl.weintegrate.wealert.services.identityandaccessmanagement.wso2.sequence" version="1.0.0" type="synapse/sequence" serverRole="EnterpriseServiceBus">
        <file>src/main/synapse-config/sequences/ConvertAuthenticateISResponseToCDMResponse.xml</file>
    </artifact>
    <artifact name="AuthenticateFaultSequence" groupId="nl.weintegrate.wealert.services.identityandaccessmanagement.wso2.sequence" version="1.0.0" type="synapse/sequence" serverRole="EnterpriseServiceBus">
        <file>src/main/synapse-config/sequences/AuthenticateFaultSequence.xml</file>
    </artifact>
    <artifact name="ChangePasswordInSequence" groupId="nl.weintegrate.wealert.services.identityandaccessmanagement.wso2.sequence" version="1.0.0" type="synapse/sequence" serverRole="EnterpriseServiceBus">
        <file>src/main/synapse-config/sequences/ChangePasswordInSequence.xml</file>
    </artifact>
    <artifact name="ValidateChangePasswordCDMRequest" groupId="nl.weintegrate.wealert.services.identityandaccessmanagement.wso2.sequence" version="1.0.0" type="synapse/sequence" serverRole="EnterpriseServiceBus">
        <file>src/main/synapse-config/sequences/ValidateChangePasswordCDMRequest.xml</file>
    </artifact>
    <artifact name="ConvertChangePasswordCDMRequestToISRequest" groupId="nl.weintegrate.wealert.services.identityandaccessmanagement.wso2.sequence" version="1.0.0" type="synapse/sequence" serverRole="EnterpriseServiceBus">
        <file>src/main/synapse-config/sequences/ConvertChangePasswordCDMRequestToISRequest.xml</file>
    </artifact>
    <artifact name="ChangePasswordOutSequence" groupId="nl.weintegrate.wealert.services.identityandaccessmanagement.wso2.sequence" version="1.0.0" type="synapse/sequence" serverRole="EnterpriseServiceBus">
        <file>src/main/synapse-config/sequences/ChangePasswordOutSequence.xml</file>
    </artifact>
    <artifact name="ValidateChangePasswordCDMResponse" groupId="nl.weintegrate.wealert.services.identityandaccessmanagement.wso2.sequence" version="1.0.0" type="synapse/sequence" serverRole="EnterpriseServiceBus">
        <file>src/main/synapse-config/sequences/ValidateChangePasswordCDMResponse.xml</file>
    </artifact>
    <artifact name="ConvertChangePasswordISResponseToCDMResponse" groupId="nl.weintegrate.wealert.services.identityandaccessmanagement.wso2.sequence" version="1.0.0" type="synapse/sequence" serverRole="EnterpriseServiceBus">
        <file>src/main/synapse-config/sequences/ConvertChangePasswordISResponseToCDMResponse.xml</file>
    </artifact>
    <artifact name="ChangePasswordFaultSequence" groupId="nl.weintegrate.wealert.services.identityandaccessmanagement.wso2.sequence" version="1.0.0" type="synapse/sequence" serverRole="EnterpriseServiceBus">
        <file>src/main/synapse-config/sequences/ChangePasswordFaultSequence.xml</file>
    </artifact>
    <artifact name="ResetPasswordInSequence" groupId="nl.weintegrate.wealert.services.identityandaccessmanagement.wso2.sequence" version="1.0.0" type="synapse/sequence" serverRole="EnterpriseServiceBus">
        <file>src/main/synapse-config/sequences/ResetPasswordInSequence.xml</file>
    </artifact>
    <artifact name="ValidateResetPasswordCDMRequest" groupId="nl.weintegrate.wealert.services.identityandaccessmanagement.wso2.sequence" version="1.0.0" type="synapse/sequence" serverRole="EnterpriseServiceBus">
        <file>src/main/synapse-config/sequences/ValidateResetPasswordCDMRequest.xml</file>
    </artifact>
    <artifact name="ConvertResetPasswordCDMRequestToISRequest" groupId="nl.weintegrate.wealert.services.identityandaccessmanagement.wso2.sequence" version="1.0.0" type="synapse/sequence" serverRole="EnterpriseServiceBus">
        <file>src/main/synapse-config/sequences/ConvertResetPasswordCDMRequestToISRequest.xml</file>
    </artifact>
    <artifact name="ResetPasswordOutSequence" groupId="nl.weintegrate.wealert.services.identityandaccessmanagement.wso2.sequence" version="1.0.0" type="synapse/sequence" serverRole="EnterpriseServiceBus">
        <file>src/main/synapse-config/sequences/ResetPasswordOutSequence.xml</file>
    </artifact>
    <artifact name="ValidateResetPasswordCDMResponse" groupId="nl.weintegrate.wealert.services.identityandaccessmanagement.wso2.sequence" version="1.0.0" type="synapse/sequence" serverRole="EnterpriseServiceBus">
        <file>src/main/synapse-config/sequences/ValidateResetPasswordCDMResponse.xml</file>
    </artifact>
    <artifact name="ConvertResetPasswordISResponseToCDMResponse" groupId="nl.weintegrate.wealert.services.identityandaccessmanagement.wso2.sequence" version="1.0.0" type="synapse/sequence" serverRole="EnterpriseServiceBus">
        <file>src/main/synapse-config/sequences/ConvertResetPasswordISResponseToCDMResponse.xml</file>
    </artifact>
    <artifact name="ResetPasswordFaultSequence" groupId="nl.weintegrate.wealert.services.identityandaccessmanagement.wso2.sequence" version="1.0.0" type="synapse/sequence" serverRole="EnterpriseServiceBus">
        <file>src/main/synapse-config/sequences/ResetPasswordFaultSequence.xml</file>
    </artifact>
    <artifact name="RegisterDeviceInSequence" groupId="nl.weintegrate.wealert.services.identityandaccessmanagement.wso2.sequence" version="1.0.0" type="synapse/sequence" serverRole="EnterpriseServiceBus">
        <file>src/main/synapse-config/sequences/RegisterDeviceInSequence.xml</file>
    </artifact>
    <artifact name="ValidateRegisterDeviceCDMRequest" groupId="nl.weintegrate.wealert.services.identityandaccessmanagement.wso2.sequence" version="1.0.0" type="synapse/sequence" serverRole="EnterpriseServiceBus">
        <file>src/main/synapse-config/sequences/ValidateRegisterDeviceCDMRequest.xml</file>
    </artifact>
    <artifact name="ConvertRegisterDeviceCDMRequestToISRequest" groupId="nl.weintegrate.wealert.services.identityandaccessmanagement.wso2.sequence" version="1.0.0" type="synapse/sequence" serverRole="EnterpriseServiceBus">
        <file>src/main/synapse-config/sequences/ConvertRegisterDeviceCDMRequestToISRequest.xml</file>
    </artifact>
    <artifact name="RegisterDeviceOutSequence" groupId="nl.weintegrate.wealert.services.identityandaccessmanagement.wso2.sequence" version="1.0.0" type="synapse/sequence" serverRole="EnterpriseServiceBus">
        <file>src/main/synapse-config/sequences/RegisterDeviceOutSequence.xml</file>
    </artifact>
    <artifact name="ValidateRegisterDeviceCDMResponse" groupId="nl.weintegrate.wealert.services.identityandaccessmanagement.wso2.sequence" version="1.0.0" type="synapse/sequence" serverRole="EnterpriseServiceBus">
        <file>src/main/synapse-config/sequences/ValidateRegisterDeviceCDMResponse.xml</file>
    </artifact>
    <artifact name="ConvertRegisterDeviceISResponseToCDMResponse" groupId="nl.weintegrate.wealert.services.identityandaccessmanagement.wso2.sequence" version="1.0.0" type="synapse/sequence" serverRole="EnterpriseServiceBus">
        <file>src/main/synapse-config/sequences/ConvertRegisterDeviceISResponseToCDMResponse.xml</file>
    </artifact>
    <artifact name="RegisterDeviceFaultSequence" groupId="nl.weintegrate.wealert.services.identityandaccessmanagement.wso2.sequence" version="1.0.0" type="synapse/sequence" serverRole="EnterpriseServiceBus">
        <file>src/main/synapse-config/sequences/RegisterDeviceFaultSequence.xml</file>
    </artifact>
    <artifact name="SendRequestToIS" groupId="nl.weintegrate.wealert.services.identityandaccessmanagement.wso2.sequence" version="1.0.0" type="synapse/sequence" serverRole="EnterpriseServiceBus">
        <file>src/main/synapse-config/sequences/SendRequestToIS.xml</file>
    </artifact>
    <artifact name="IdentityAndAccessManagement" groupId="nl.weintegrate.wealert.services.identityandaccessmanagement.wso2.api" version="1.0.0" type="synapse/api" serverRole="EnterpriseServiceBus">
        <file>src/main/synapse-config/api/IdentityAndAccessManagement.xml</file>
    </artifact>
    <artifact name="WeAlertSystemUser" groupId="nl.weintegrate.wealert.services.identityandaccessmanagement.wso2.local-entry" version="1.0.0" type="synapse/local-entry" serverRole="EnterpriseServiceBus">
        <file>src/main/synapse-config/local-entries/WeAlertSystemUser.xml</file>
    </artifact>
    <artifact name="WeAlertSystemUserPassword" groupId="nl.weintegrate.wealert.services.identityandaccessmanagement.wso2.local-entry" version="1.0.0" type="synapse/local-entry" serverRole="EnterpriseServiceBus">
        <file>src/main/synapse-config/local-entries/WeAlertSystemUserPassword.xml</file>
    </artifact>
    <artifact name="CreateRoleForClient" groupId="nl.weintegrate.wealert.services.identityandaccessmanagement.wso2.sequence" version="1.0.0" type="synapse/sequence" serverRole="EnterpriseServiceBus">
        <file>src/main/synapse-config/sequences/CreateRoleForClient.xml</file>
    </artifact>
    <artifact name="CreatePolicyForClient" groupId="nl.weintegrate.wealert.services.identityandaccessmanagement.wso2.sequence" version="1.0.0" type="synapse/sequence" serverRole="EnterpriseServiceBus">
        <file>src/main/synapse-config/sequences/CreatePolicyForClient.xml</file>
    </artifact>
    <artifact name="CreateAdminUserForClient" groupId="nl.weintegrate.wealert.services.identityandaccessmanagement.wso2.sequence" version="1.0.0" type="synapse/sequence" serverRole="EnterpriseServiceBus">
        <file>src/main/synapse-config/sequences/CreateAdminUserForClient.xml</file>
    </artifact>
    <artifact name="ProvisionClientResponseSender" groupId="nl.weintegrate.wealert.services.identityandaccessmanagement.wso2.sequence" version="1.0.0" type="synapse/sequence" serverRole="EnterpriseServiceBus">
        <file>src/main/synapse-config/sequences/ProvisionClientResponseSender.xml</file>
    </artifact>
    <artifact name="UpdateAuthorizationPolicy" groupId="nl.weintegrate.wealert.services.identityandaccessmanagement.wso2.sequence" version="1.0.0" type="synapse/sequence" serverRole="EnterpriseServiceBus">
        <file>src/main/synapse-config/sequences/UpdateAuthorizationPolicy.xml</file>
    </artifact>
    <artifact name="IdentityAndAccessManagementResponseSender" groupId="nl.weintegrate.wealert.services.identityandaccessmanagement.wso2.sequence" version="1.0.0" type="synapse/sequence" serverRole="EnterpriseServiceBus">
        <file>src/main/synapse-config/sequences/IdentityAndAccessManagementResponseSender.xml</file>
    </artifact>
    <artifact name="RemoveApplicationGroupInSequence" groupId="nl.weintegrate.wealert.services.identityandaccessmanagement.wso2.sequence" version="1.0.0" type="synapse/sequence" serverRole="EnterpriseServiceBus">
        <file>src/main/synapse-config/sequences/RemoveApplicationGroupInSequence.xml</file>
    </artifact>
    <artifact name="RemoveApplicationGroupOutSequence" groupId="nl.weintegrate.wealert.services.identityandaccessmanagement.wso2.sequence" version="1.0.0" type="synapse/sequence" serverRole="EnterpriseServiceBus">
        <file>src/main/synapse-config/sequences/RemoveApplicationGroupOutSequence.xml</file>
    </artifact>
    <artifact name="RemoveApplicationGroupFaultSequence" groupId="nl.weintegrate.wealert.services.identityandaccessmanagement.wso2.sequence" version="1.0.0" type="synapse/sequence" serverRole="EnterpriseServiceBus">
        <file>src/main/synapse-config/sequences/RemoveApplicationGroupFaultSequence.xml</file>
    </artifact>
    <artifact name="ValidateRemoveApplicationGroupCDMRequest" groupId="nl.weintegrate.wealert.services.identityandaccessmanagement.wso2.sequence" version="1.0.0" type="synapse/sequence" serverRole="EnterpriseServiceBus">
        <file>src/main/synapse-config/sequences/ValidateRemoveApplicationGroupCDMRequest.xml</file>
    </artifact>
    <artifact name="ConvertRemoveApplicationGroupCDMRequestToISRequest" groupId="nl.weintegrate.wealert.services.identityandaccessmanagement.wso2.sequence" version="1.0.0" type="synapse/sequence" serverRole="EnterpriseServiceBus">
        <file>src/main/synapse-config/sequences/ConvertRemoveApplicationGroupCDMRequestToISRequest.xml</file>
    </artifact>
    <artifact name="ValidateUserRole" groupId="nl.weintegrate.wealert.services.identityandaccessmanagement.wso2.sequence" version="1.0.0" type="synapse/sequence" serverRole="EnterpriseServiceBus">
        <file>src/main/synapse-config/sequences/ValidateUserRole.xml</file>
    </artifact>
    <artifact name="GetUserRole" groupId="nl.weintegrate.wealert.services.identityandaccessmanagement.wso2.sequence" version="1.0.0" type="synapse/sequence" serverRole="EnterpriseServiceBus">
        <file>src/main/synapse-config/sequences/GetUserRole.xml</file>
    </artifact>
    <artifact name="Default" groupId="nl.weintegrate.wealert.services.identityandaccessmanagement.wso2.endpoint" version="1.0.0" type="synapse/endpoint" serverRole="EnterpriseServiceBus">
        <file>src/main/synapse-config/endpoints/Default.xml</file>
    </artifact>
    <artifact name="Default" groupId="nl.weintegrate.wealert.services.identityandaccessmanagement.wso2.endpoint" version="1.0.0" type="synapse/endpoint" serverRole="EnterpriseServiceBus">
        <file>src/main/synapse-config/endpoints/Default.xml</file>
    </artifact>
    <artifact name="ValidateUserHierarchy" groupId="nl.weintegrate.wealert.services.identityandaccessmanagement.wso2.sequence" version="1.0.0" type="synapse/sequence" serverRole="EnterpriseServiceBus">
        <file>src/main/synapse-config/sequences/ValidateUserHierarchy.xml</file>
    </artifact>
    <artifact name="CreateResetPasswordRequest" groupId="nl.weintegrate.wealert.services.identityandaccessmanagement.wso2.sequence" version="1.0.0" type="synapse/sequence" serverRole="EnterpriseServiceBus">
        <file>src/main/synapse-config/sequences/CreateResetPasswordRequest.xml</file>
    </artifact>
    <artifact name="VerifyUserNameInSequence" groupId="nl.weintegrate.wealert.services.identityandaccessmanagement.wso2.sequence" version="1.0.0" type="synapse/sequence" serverRole="EnterpriseServiceBus">
        <file>src/main/synapse-config/sequences/VerifyUserNameInSequence.xml</file>
    </artifact>
    <artifact name="ValidateVerifyUsernameCDMRequest" groupId="nl.weintegrate.wealert.services.identityandaccessmanagement.wso2.sequence" version="1.0.0" type="synapse/sequence" serverRole="EnterpriseServiceBus">
        <file>src/main/synapse-config/sequences/ValidateVerifyUsernameCDMRequest.xml</file>
    </artifact>
    <artifact name="ConvertVerifyUsernameCDMRequestToISRequest" groupId="nl.weintegrate.wealert.services.identityandaccessmanagement.wso2.sequence" version="1.0.0" type="synapse/sequence" serverRole="EnterpriseServiceBus">
        <file>src/main/synapse-config/sequences/ConvertVerifyUsernameCDMRequestToISRequest.xml</file>
    </artifact>
    <artifact name="VerifyUserNameOutSequence" groupId="nl.weintegrate.wealert.services.identityandaccessmanagement.wso2.sequence" version="1.0.0" type="synapse/sequence" serverRole="EnterpriseServiceBus">
        <file>src/main/synapse-config/sequences/VerifyUserNameOutSequence.xml</file>
    </artifact>
    <artifact name="SendEmailNotification" groupId="nl.weintegrate.wealert.services.identityandaccessmanagement.wso2.sequence" version="1.0.0" type="synapse/sequence" serverRole="EnterpriseServiceBus">
        <file>src/main/synapse-config/sequences/SendEmailNotification.xml</file>
    </artifact>
    <artifact name="VerifyConfirmationCodeInSequence" groupId="nl.weintegrate.wealert.services.identityandaccessmanagement.wso2.sequence" version="1.0.0" type="synapse/sequence" serverRole="EnterpriseServiceBus">
        <file>src/main/synapse-config/sequences/VerifyConfirmationCodeInSequence.xml</file>
    </artifact>
    <artifact name="ValidateVerifyConfirmationCodeCDMRequest" groupId="nl.weintegrate.wealert.services.identityandaccessmanagement.wso2.sequence" version="1.0.0" type="synapse/sequence" serverRole="EnterpriseServiceBus">
        <file>src/main/synapse-config/sequences/ValidateVerifyConfirmationCodeCDMRequest.xml</file>
    </artifact>
    <artifact name="ConvertVerifyConfirmationCodeCDMRequestToISRequest" groupId="nl.weintegrate.wealert.services.identityandaccessmanagement.wso2.sequence" version="1.0.0" type="synapse/sequence" serverRole="EnterpriseServiceBus">
        <file>src/main/synapse-config/sequences/ConvertVerifyConfirmationCodeCDMRequestToISRequest.xml</file>
    </artifact>
    <artifact name="VerifyConfirmationCodeOutSequence" groupId="nl.weintegrate.wealert.services.identityandaccessmanagement.wso2.sequence" version="1.0.0" type="synapse/sequence" serverRole="EnterpriseServiceBus">
        <file>src/main/synapse-config/sequences/VerifyConfirmationCodeOutSequence.xml</file>
    </artifact>
    <artifact name="UpdatePasswordInSequence" groupId="nl.weintegrate.wealert.services.identityandaccessmanagement.wso2.sequence" version="1.0.0" type="synapse/sequence" serverRole="EnterpriseServiceBus">
        <file>src/main/synapse-config/sequences/UpdatePasswordInSequence.xml</file>
    </artifact>
    <artifact name="ValidateUpdatePasswordCDMRequest" groupId="nl.weintegrate.wealert.services.identityandaccessmanagement.wso2.sequence" version="1.0.0" type="synapse/sequence" serverRole="EnterpriseServiceBus">
        <file>src/main/synapse-config/sequences/ValidateUpdatePasswordCDMRequest.xml</file>
    </artifact>
    <artifact name="VerifyConfirmationCode" groupId="nl.weintegrate.wealert.services.identityandaccessmanagement.wso2.sequence" version="1.0.0" type="synapse/sequence" serverRole="EnterpriseServiceBus">
        <file>src/main/synapse-config/sequences/VerifyConfirmationCode.xml</file>
    </artifact>
    <artifact name="ConvertUpdatePasswordCDMToISRequest" groupId="nl.weintegrate.wealert.services.identityandaccessmanagement.wso2.sequence" version="1.0.0" type="synapse/sequence" serverRole="EnterpriseServiceBus">
        <file>src/main/synapse-config/sequences/ConvertUpdatePasswordCDMToISRequest.xml</file>
    </artifact>
    <artifact name="UpdatePasswordOutSequence" groupId="nl.weintegrate.wealert.services.identityandaccessmanagement.wso2.sequence" version="1.0.0" type="synapse/sequence" serverRole="EnterpriseServiceBus">
        <file>src/main/synapse-config/sequences/UpdatePasswordOutSequence.xml</file>
    </artifact>
    <artifact name="VerifyUserNameFaultSequence" groupId="nl.weintegrate.wealert.services.identityandaccessmanagement.wso2.sequence" version="1.0.0" type="synapse/sequence" serverRole="EnterpriseServiceBus">
        <file>src/main/synapse-config/sequences/VerifyUserNameFaultSequence.xml</file>
    </artifact>
    <artifact name="UpdatePasswordFaultSequence" groupId="nl.weintegrate.wealert.services.identityandaccessmanagement.wso2.sequence" version="1.0.0" type="synapse/sequence" serverRole="EnterpriseServiceBus">
        <file>src/main/synapse-config/sequences/UpdatePasswordFaultSequence.xml</file>
    </artifact>
</artifacts>
