<?xml version="1.0" encoding="UTF-8"?><artifacts>
    <artifact name="smooks-ContractsConfiguration" groupId="nl.ggmd.wso2.contracts.fileadapter.resource" version="1.0.0" type="registry/resource" serverRole="GovernanceRegistry">
        <item>
            <file>smooks-ContractsConfiguration.xml</file>
            <path>/_system/governance/nl/ggmd/service/contracts/v1/smooks</path>
            <mediaType>application/vnd+wso2.smooks</mediaType>
        </item>
    </artifact>
    <artifact name="GGMD_zorgtoewijzingensamplefileSmooks" groupId="nl.ggmd.wso2.contracts.fileadapter.resource" version="1.0.0" type="registry/resource" serverRole="GovernanceRegistry">
        <item>
            <file>GGMD_zorgtoewijzingensamplefileSmooks.csv</file>
            <path>/_system/governance/nl/ggmd/service/contracts/v1/smooks</path>
            <mediaType>text/csv</mediaType>
        </item>
    </artifact>
    <artifact name="ConvertContractXMLToCDMXml" groupId="nl.ggmd.wso2.contracts.fileadapter.resource" version="1.0.0" type="registry/resource" serverRole="GovernanceRegistry">
        <item>
            <file>ConvertContractXMLToCDMXml.xslt</file>
            <path>/_system/governance/nl/ggmd/service/contracts/v1/xslt</path>
            <mediaType>application/xslt+xml</mediaType>
        </item>
    </artifact>
    <artifact name="DisgardedContractRowsFileEndpoint" groupId="nl.ggmd.wso2.contracts.fileadapter.resource" version="1.0.0" type="registry/resource" serverRole="GovernanceRegistry">
        <item>
            <file>DisgardedContractRowsFileEndpoint.xml</file>
            <path>/_system/governance/nl/ggmd/service/contracts/v1/endpoints</path>
            <mediaType>application/vnd.wso2.esb.endpoint</mediaType>
        </item>
    </artifact>
    <artifact name="ContractsErrorQueueEndpoint" groupId="nl.ggmd.wso2.contracts.fileadapter.resource" version="1.0.0" type="registry/resource" serverRole="GovernanceRegistry">
        <item>
            <file>ContractsErrorQueueEndpoint.xml</file>
            <path>/_system/governance/nl/ggmd/service/contracts/v1/endpoints</path>
            <mediaType>application/vnd.wso2.template.endpoint</mediaType>
        </item>
    </artifact>
    <artifact name="ContractsDataServiceEndpoint" groupId="nl.ggmd.wso2.contracts.fileadapter.resource" version="1.0.0" type="registry/resource" serverRole="GovernanceRegistry">
        <item>
            <file>ContractsDataServiceEndpoint.xml</file>
            <path>/_system/governance/nl/ggmd/service/contracts/v1/endpoints</path>
            <mediaType>application/vnd.wso2.esb.endpoint</mediaType>
        </item>
    </artifact>
    <artifact name="smooks-discardedContractConfiguration" groupId="nl.ggmd.wso2.contracts.fileadapter.resource" version="1.0.0" type="registry/resource" serverRole="GovernanceRegistry">
        <item>
            <file>smooks-DiscardedContractConfiguration.xml</file>
            <path>/_system/governance/nl/ggmd/service/contracts/v1/smooks</path>
            <mediaType>application/vnd+wso2.smooks</mediaType>
        </item>
    </artifact>
    <artifact name="DiscardedSericeEndpoint" groupId="nl.ggmd.wso2.contracts.fileadapter.resource" version="1.0.0" type="registry/resource" serverRole="GovernanceRegistry">
        <item>
            <file>DiscardedSericeEndpoint.xml</file>
            <path>/_system/governance/nl/ggmd/service/contracts/v1/endpoints</path>
            <mediaType>application/vnd.wso2.esb.endpoint</mediaType>
        </item>
    </artifact>
    <artifact name="input_xml" groupId="nl.ggmd.wso2.contracts.fileadapter.resource" version="1.0.0" type="registry/resource" serverRole="GovernanceRegistry">
        <item>
            <file>input.xml</file>
            <path>/_system/governance/nl/ggmd/service/contracts/v1/smooks</path>
            <mediaType>application/xml</mediaType>
        </item>
    </artifact>
    <artifact name="COnvertContractXMLTODisgardedContractDataServiceRequest" groupId="nl.ggmd.wso2.contracts.fileadapter.resource" version="1.0.0" type="registry/resource" serverRole="GovernanceRegistry">
        <item>
            <file>COnvertContractXMLTODisgardedContractDataServiceRequest.xslt</file>
            <path>/_system/governance/nl/ggmd/service/contracts/v1/xslt</path>
            <mediaType>application/xslt+xml</mediaType>
        </item>
    </artifact>
</artifacts>
