<csv-record number="1">
         <ID>2526844</ID>
         <PID>181996</PID>
         <Naam>Esfandiari H, 181996 (Hamid)</Naam>
         <Titel>de heer</Titel>
         <Achternaam>Esfandiari</Achternaam>
         <Voorletters>H</Voorletters>
         <Voornaam>Hamid</Voornaam>
         <Tussenvoegsels />
         <Geboortedatum>7-8-1961</Geboortedatum>
         <Geboortenaam>H, 181996 (Hamid)</Geboortenaam>
         <Geboorteachternaam />
         <Geboortetussenvoegsels />
         <Geboorteland />
         <Geslacht>man</Geslacht>
         <Ident>NI Zoetermeer</Ident>
         <Straat>Fregatwerf</Straat>
         <Huisnummer>247</Huisnummer>
         <Toevoeging />
         <Postcode>2725 CV</Postcode>
         <Woonplaats>Zoetermeer</Woonplaats>
         <Land>Nederland</Land>
         <BSN>205426633</BSN>
         <Mobieltelefoonnummer>06-26033515</Mobieltelefoonnummer>
         <Emailadres>amirhamid61@gmail.com</Emailadres>
         <OrganisatieID>15242</OrganisatieID>
         <Startdatum>2-6-2017</Startdatum>
         <Einddatum>1-6-2019</Einddatum>
         <Onderwerp>WMO-beschikking</Onderwerp>
         <Beschikkingsnummer>10046781</Beschikkingsnummer>
         <Kiesproductcategorieofzzp>Begeleiding 02</Kiesproductcategorieofzzp>
         <nbddExtragegevensproductcategorie />
         <Productcode />
         <Volume />
         <Eenheid2015 />
         <Eenheid />
         <Frequentie />
         <zzpcode />
         <zzpklasse />
         <zzpleveringsvorm />
         <Extragegevensbeschikkingtoewijzing />
         <Gemeentecode />
         <Indicatieorgaancode />
         <Clientnummer />
         <Geheimeclient />
         <Geboortedatumgebruik />
         <Aanvraagnummerbeschikking />
         <AanbiederAGBcode />
         <Toewijzingsdatumtijd />
         <Redenwijziging />
         <Opmerkingen />
         <Aanvangsdatumzorg />
         <Einddatumzorg />
         <Redenbeeindiging />
         <Uitzonderenvanautomatischeaanleveringberichten />
         <Uitzonderenanberichtenverkeer />
      </csv-record>