<?xml version="1.0" encoding="UTF-8"?><smooks-resource-list xmlns="http://www.milyn.org/xsd/smooks-1.1.xsd" xmlns:ftl="http://www.milyn.org/xsd/smooks/freemarker-1.1.xsd">
  <params>
    <param name="stream.filter.type">SAX</param>
    <param name="inputType">input.xml</param>
    <param name="default.serialization.on">false</param>
    <param name="input.xml" type="input.type.actived">Workspace://SmookesREG/input.xml</param>
  </params>
  <resource-config selector="csv-record">
    <resource>org.milyn.delivery.DomModelCreator</resource>
  </resource-config>
  <ftl:freemarker applyOnElement="csv-record">
    <ftl:template>   
  <![CDATA["ID";"PID";"Naam";"Titel";"Achternaam";"Voorletters";"Voornaam";"Tussenvoegsels";"Geboortedatum";"Geboortenaam";"Geboorteachternaam";"Geboortetussenvoegsels";"Geboorteland";"Geslacht";"Ident";"Straat";"Huisnummer";"Toevoeging";"Postcode";"Woonplaats";"Land";"BSN";"Mobieltelefoonnummer";"E-mailadres";"Organisatie-ID";"Startdatum";"Einddatum";"Onderwerp";"Beschikkingsnummer";"Kiesproductcategorieofzzp";"nbsp";"Extragegevensproductcategorie";"Productcode";"Volume";"Eenheid";"Eenheid";"Frequentie";"zzp-code";"zzpklasse";"leveringsvorm";"Extragegevensbeschikkingtoewijzing";"Gemeentecode";"Indicatieorgaancode";"Clientnummer";"Geheimeclient";"Geboortedatumgebruik";"Aanvraagnummerbeschikking";"AanbiederAGB-code";"Toewijzingsdatumtijd";"Redenwijziging";"Opmerkingen";"Aanvangsdatumzorg";"Einddatumzorg";"Redenbeeindiging";"Uitzonderenvanautomatischeaanleveringberichten";"Uitzonderenvanberichtenverkeer"
<#list .vars["csv-record"] as csv_record>
"${.vars["csv_record"]["ID"]}";"${.vars["csv_record"]["PID"]}";"${.vars["csv_record"]["Naam"]}";"${.vars["csv_record"]["Titel"]}";"${.vars["csv_record"]["Achternaam"]}";"${.vars["csv_record"]["Voorletters"]}";"${.vars["csv_record"]["Voornaam"]}";"${.vars["csv_record"]["Tussenvoegsels"]}";"${.vars["csv_record"]["Geboortedatum"]}";"${.vars["csv_record"]["Geboortenaam"]}";"${.vars["csv_record"]["Geboorteachternaam"]}";"${.vars["csv_record"]["Geboortetussenvoegsels"]}";"${.vars["csv_record"]["Geboorteland"]}";"${.vars["csv_record"]["Geslacht"]}";"${.vars["csv_record"]["Ident"]}";"${.vars["csv_record"]["Straat"]}";"${.vars["csv_record"]["Huisnummer"]}";"${.vars["csv_record"]["Toevoeging"]}";"${.vars["csv_record"]["Postcode"]}";"${.vars["csv_record"]["Woonplaats"]}";"${.vars["csv_record"]["Land"]}";"${.vars["csv_record"]["BSN"]}";"${.vars["csv_record"]["Mobieltelefoonnummer"]}";"${.vars["csv_record"]["Emailadres"]}";"${.vars["csv_record"]["OrganisatieID"]}";"${.vars["csv_record"]["Startdatum"]}";"${.vars["csv_record"]["Einddatum"]}";"${.vars["csv_record"]["Onderwerp"]}";"${.vars["csv_record"]["Beschikkingsnummer"]}";"${.vars["csv_record"]["Kiesproductcategorieofzzp"]}";;"${.vars["csv_record"]["nbddExtragegevensproductcategorie"]}";"${.vars["csv_record"]["Productcode"]}";"${.vars["csv_record"]["Volume"]}";;"${.vars["csv-record"]["Eenheid"]}";"${.vars["csv-record"]["Frequentie"]}";"${.vars["csv-record"]["zzpcode"]}";"${.vars["csv-record"]["zzpklasse"]}";"${.vars["csv-record"]["zzpleveringsvorm"]}";"${.vars["csv-record"]["Extragegevensbeschikkingtoewijzing"]}";"${.vars["csv-record"]["Gemeentecode"]}";"${.vars["csv-record"]["Indicatieorgaancode"]}";"${.vars["csv-record"]["Clientnummer"]}";"${.vars["csv-record"]["Geheimeclient"]}";"${.vars["csv-record"]["Geboortedatumgebruik"]}";"${.vars["csv-record"]["Aanvraagnummerbeschikking"]}";"${.vars["csv-record"]["AanbiederAGBcode"]}";"${.vars["csv-record"]["Toewijzingsdatumtijd"]}";"${.vars["csv-record"]["Redenwijziging"]}";"${.vars["csv-record"]["Opmerkingen"]}";"${.vars["csv-record"]["Aanvangsdatumzorg"]}";"${.vars["csv-record"]["Einddatumzorg"]}";"${.vars["csv-record"]["Redenbeeindiging"]}";"${.vars["csv-record"]["Uitzonderenvanautomatischeaanleveringberichten"]}";"${.vars["csv-record"]["Uitzonderenanberichtenverkeer"]}"
</#list>]]></ftl:template>
    <param name="quote">"</param>
    <param name="includeFieldNames">true</param>
    <param name="csvFields">ID,PID,Naam,Titel,Achternaam,Voorletters,Voornaam,Tussenvoegsels,Geboortedatum,Geboortenaam,Geboorteachternaam,Geboortetussenvoegsels,Geboorteland,Geslacht,Ident,Straat,Huisnummer,Toevoeging,Postcode,Woonplaats,Land,BSN,Mobieltelefoonnummer,E-mailadres,Organisatie-ID,Startdatum,Einddatum,Onderwerp,Beschikkingsnummer,Kiesproductcategorieofzzp,nbsp,Extragegevensproductcategorie,Productcode,Volume,Eenheid,Eenheid,Frequentie,zzp-code,zzpklasse,leveringsvorm,Extragegevensbeschikkingtoewijzing,Gemeentecode,Indicatieorgaancode,Clientnummer,Geheimeclient,Geboortedatumgebruik,Aanvraagnummerbeschikking,AanbiederAGB-code,Toewijzingsdatumtijd,Redenwijziging,Opmerkingen,Aanvangsdatumzorg,Einddatumzorg,Redenbeeindiging,Uitzonderenvanautomatischeaanleveringberichten,Uitzonderenvanberichtenverkeer</param>
    <param name="seperator">;</param>
    <param name="messageType">CSV</param>
    <param name="templateDataProvider">input</param>
  </ftl:freemarker>
</smooks-resource-list>
