<?xml version="1.0" encoding="UTF-8"?>
<api context="/iam" name="IdentityAndAccessManagement" xmlns="http://ws.apache.org/ns/synapse">
    <resource faultSequence="AuthenticateFaultSequence" methods="POST" url-mapping="/authenticate">
        <inSequence>
            <sequence key="AuthenticateInSequence"/>
        </inSequence>
        <outSequence>
            <sequence key="AuthenticateOutSequence"/>
        </outSequence>
    </resource>
    <resource faultSequence="ChangePasswordFaultSequence" methods="PUT"
    protocol="http" url-mapping="/changepassword">
    <inSequence>
      <sequence key="ChangePasswordInSequence"/>
    </inSequence>
    <outSequence>
      <sequence key="ChangePasswordOutSequence"/>
    </outSequence>
  </resource>
</api>
