<?xml version="1.0" encoding="UTF-8"?><artifacts>
    <artifact name="AlertRoutingServiceGetComponentID_xslt" groupId="com.example.AlertRoutingServiceREG.resource" version="1.0.0" type="registry/resource" serverRole="GovernanceRegistry">
        <item>
            <file>AlertRoutingServiceGetComponentID.xslt</file>
            <path>/_system/governance/_system/governace/nl/weintegrate/wealert/service/AlertRoutingService/v1/xslt</path>
            <mediaType>application/xslt+xml</mediaType>
        </item>
    </artifact>
</artifacts>
