<?xml version="1.0" encoding="UTF-8"?><artifacts>
    <artifact name="ContractsFileProcessingFaultSequenceAccounting" groupId="nl.ggmd.accounting.wso2.contracts.fileadapter.sequence" version="1.0.0" type="synapse/sequence" serverRole="EnterpriseServiceBus">
        <file>src/main/synapse-config/sequences/ContractsFileProcessingFaultSequenceAccounting.xml</file>
    </artifact>
    <artifact name="ConvertContractPlainXMLToCDMXMLAccoounting" groupId="nl.ggmd.accounting.wso2.contracts.fileadapter.sequence" version="1.0.0" type="synapse/sequence" serverRole="EnterpriseServiceBus">
        <file>src/main/synapse-config/sequences/ConvertContractPlainXMLToCDMXMLAccoounting.xml</file>
    </artifact>
    <artifact name="DiscardContractsAccountingMessage" groupId="nl.ggmd.accounting.wso2.contracts.fileadapter.sequence" version="1.0.0" type="synapse/sequence" serverRole="EnterpriseServiceBus">
        <file>src/main/synapse-config/sequences/DiscardContractsAccountingMessage.xml</file>
    </artifact>
    <artifact name="FilterContractsAccountingXMLMessage" groupId="nl.ggmd.accounting.wso2.contracts.fileadapter.sequence" version="1.0.0" type="synapse/sequence" serverRole="EnterpriseServiceBus">
        <file>src/main/synapse-config/sequences/FilterContractsAccountingXMLMessage.xml</file>
    </artifact>
    <artifact name="SendContractsAccountingMessageToDataService" groupId="nl.ggmd.accounting.wso2.contracts.fileadapter.sequence" version="1.0.0" type="synapse/sequence" serverRole="EnterpriseServiceBus">
        <file>src/main/synapse-config/sequences/SendContractsAccountingMessageToDataService.xml</file>
    </artifact>
    <artifact name="TransformContractsAccountingCSVRecordIntoXML" groupId="nl.ggmd.accounting.wso2.contracts.fileadapter.sequence" version="1.0.0" type="synapse/sequence" serverRole="EnterpriseServiceBus">
        <file>src/main/synapse-config/sequences/TransformContractsAccountingCSVRecordIntoXML.xml</file>
    </artifact>
    <artifact name="ContractAccountingFileProcessor" groupId="nl.ggmd.accounting.wso2.contracts.fileadapter.proxy-service" version="1.0.0" type="synapse/proxy-service" serverRole="EnterpriseServiceBus">
        <file>src/main/synapse-config/proxy-services/ContractAccountingFileProcessor.xml</file>
    </artifact>
    <artifact name="ContractsAccountingFileReader" groupId="nl.ggmd.accounting.wso2.contracts.fileadapter.proxy-service" version="1.0.0" type="synapse/proxy-service" serverRole="EnterpriseServiceBus">
        <file>src/main/synapse-config/proxy-services/ContractsAccountingFileReader.xml</file>
    </artifact>
    <artifact name="ContractAccountingFileProcessorScheduler" groupId="nl.ggmd.accounting.wso2.contracts.fileadapter.task" version="1.0.0" type="synapse/task" serverRole="EnterpriseServiceBus">
        <file>src/main/synapse-config/tasks/ContractAccountingFileProcessorScheduler.xml</file>
    </artifact>
</artifacts>
