<?xml version="1.0" encoding="UTF-8"?>
<sequence
  name="AlertRoutingService_01_SendMessageToDynamicTopicsInSequence_01"
  trace="disable" xmlns="http://ws.apache.org/ns/synapse">
  <log description="IncommingLog" level="full" separator="====----AlertRoutingService----====">
    <property expression="//*[local-name()='ComponentName']" name="GetComponentName"/>
  </log>
  <xslt description="GetComponentIDApplicationName"
    key="gov:_system/governace/nl/weintegrate/wealert/service/AlertRoutingService/v1/xslt/AlertRoutingServiceGetComponentID.xslt"
    source="//*[local-name()='SendAlert']" xmlns:p="http://com.w-integrate.nl/cdm/xsd/alert/v1">
    <resource key="GetComponentIDAppicationName" location="gov:_system/governace/nl/weintegrate/wealert/service/AlertRoutingService/v1/xslt/AlertRoutingServiceGetComponentID.xsltmponentID.xslt"/>
  </xslt>
  <property description="GetTopicName"
    expression="//*[local-name()='TopicName']"
    name="GetTopicNameResponse" scope="default" type="STRING"
    xmlns:cmmheader="http://www.w-integrate.nl/cmm/xsd/cmmheader_01" xmlns:response="http://www.w-integrate.nl/xsd/w-alertconfigurationmanagement_01/requestresponse_001"/>
  <call>
    <endpoint>
      <http method="post" trace="disable" uri-template="http://213.187.243.177:8283/ConfigurationManagementAPI/applications/topicname/get"/>
    </endpoint>
  </call>
  <iterate expression="//*[local-name()='TopicName']">
    <target>
      <sequence>
        <property description="RetrieveTopics"
          expression="//*[local-name()='TopicName']" name="MyTopicName"
          scope="default" type="STRING"
          xmlns:cmmheader="http://www.w-integrate.nl/cmm/xsd/cmmheader_01" xmlns:response="http://www.w-integrate.nl/xsd/w-alertconfigurationmanagement_01/requestresponse_001"/>
        <log description="TopicResponse" separator="--------CheckTopicResponse-----------">
          <property expression="//*[local-name()='TopicName']"
            name="MyTopicName"
            xmlns:cmmheader="http://www.w-integrate.nl/cmm/xsd/cmmheader_01" xmlns:response="http://www.w-integrate.nl/xsd/w-alertconfigurationmanagement_01/requestresponse_001"/>
        </log>
        <property description="OUT_ONLY" name="OUT_ONLY" scope="default"
          type="STRING" value="true"/>
        <header
          expression="fn:concat('jms:/', get-property('MyTopicName'),'?transport.jms.ConnectionFactoryJNDIName=QueueConnectionFactory&amp;java.naming.factory.initial=org.apache.activemq.jndi.ActiveMQInitialContextFactory&amp;java.naming.provider.url=tcp://localhost:61616')"
          name="To" scope="default"/>
        <send>
          <endpoint name="dynamicTopic">
            <default trace="disable">
              <timeout>
                <duration>300000</duration>
                <responseAction>fault</responseAction>
              </timeout>
              <suspendOnFailure>
                <errorCodes>-1</errorCodes>
                <initialDuration>0</initialDuration>
                <progressionFactor>1.0</progressionFactor>
                <maximumDuration>0</maximumDuration>
              </suspendOnFailure>
              <markForSuspension>
                <errorCodes>-1</errorCodes>
              </markForSuspension>
            </default>
          </endpoint>
        </send>
      </sequence>
    </target>
  </iterate>
</sequence>
