<?xml version="1.0" encoding="UTF-8"?>
<sequence
  name="AuthorizationPolicyAPI_01_ConvertAuthorizeAuthorizationPolicyCDATAtoXML_01"
  trace="disable" xmlns="http://ws.apache.org/ns/synapse">
  <call-template description="Log-INFO" target="gov:com/commons/util/v1/templates/LoggerTemplate.xml">
    <with-param name="SequenceName" value="AuthorizationPolicyAPI_01_ConvertAuthorizeAuthorizationPolicyCDATAtoXMLResponse_01"/>
    <with-param name="Message" value="Going to convert AuthorizeAuthorizationPolicy CDATA to XML Response"/>
    <with-param name="LogLevel" value="INFO"/>
  </call-template>
  <xslt description="CDATAtoXMLResponse" key="gov:nl/weintegrate/wealert/service/authorizationpolicy/v1/xslt/AuthorizeAuthorizationPolicyCDATAtoXMLResponse.xslt">
    <resource
      key="gov:nl/weintegrate/wealert/service/authorizationpolicy/v1/xslt/AuthorizeAuthorizationPolicyCDATAtoXMLResponse.xslt" location="AuthorizeAuthorizationPolicyCDATAtoXMLResponse.xslt"/>
  </xslt>
  <call-template description="Log-INFO" target="gov:com/commons/util/v1/templates/LoggerTemplate.xml">
    <with-param name="SequenceName" value="AuthorizationPolicyAPI_01_ConvertAuthorizeAuthorizationPolicyCDATAtoXMLResponse_01"/>
    <with-param name="Message" value="Converted CDATA response to AuthorizeAuthorizationPolicy XML response successfully."/>
    <with-param name="LogLevel" value="INFO"/>
  </call-template>
</sequence>
