<?xml version="1.0" encoding="UTF-8"?>
<sequence xmlns="http://ws.apache.org/ns/synapse" name="AuthorizationPolicyAPI_01_GetAuthorizationPolicyPerCodeFaultSequence_01">
	<call-template target="gov:com/commons/util/v1/templates/LoggerTemplate.xml" description="Log-INFO">
		<with-param name="SequenceName" value="AuthorizationPolicyAPI_01_AuthorizationPolicyAPI_01_ConvertGetAuthorizationPolicyPerCodeFaultSequence_01"/>
		<with-param name="Message" value="Error occurred in GetAuthorizationPolicyPerCode."/>
		<with-param name="LogLevel" value="INFO"/>
	</call-template>
	<switch source="get-property('ERROR_MESSAGE')">
		<case regex="Unable to perform XSLT transformation using.*">
			<property name="UserMessage" value="An internal error has occurred while transforming the message." scope="default" type="STRING" description="UserMessage"/>
		</case>
		<case regex="Unexpected error during sending message out.*">
			<property name="UserMessage" value="Service is unavailable at this time. Please try again later." scope="default" type="STRING" description="UserMessage"/>
		</case>
		<case regex="Error connecting to the back end.*">
			<property name="UserMessage" value="Service is unavailable at this time. Please try again later." scope="default" type="STRING" description="UserMessage"/>
		</case>
		<default>
			<property name="UserMessage" value="An unexpected error has occurred." scope="default" type="STRING" description="UserMessage"/>
		</default>
	</switch>
	<clone xmlns="http://ws.apache.org/ns/synapse">
		<target>
			<sequence>
				<payloadFactory media-type="xml">
					<format>
							<ns8:GetAuthorizationPolicyResponse xmlns:ns8="http://www.w-integrate.nl/xsd/authorizationpolicy_01/requestresponse_001" xmlns="">
							<ns8:Response>
								<ns8:ResponseCode>$1</ns8:ResponseCode>
								<ns8:ResponseMessage>$2</ns8:ResponseMessage>
							</ns8:Response>
						</ns8:GetAuthorizationPolicyResponse>
					</format>
					<args>
						<arg xmlns:ns="http://org.apache.synapse/xsd" evaluator="xml" expression="get-property('ERROR_CODE')"/>
						<arg xmlns:ns="http://org.apache.synapse/xsd" evaluator="xml" expression="get-property('UserMessage')"/>
					</args>
				</payloadFactory>
				<switch xmlns:ns="http://org.apache.synapse/xsd" source="get-property('ResponseType')">
					<case regex="application/xml">
						<header name="Accept" scope="transport" value="application/xml"/>
						<property name="ContentType" value="application/xml" scope="axis2" type="STRING" description="ContentType"/>
						<property name="messageType" value="application/xml" scope="axis2" type="STRING" description="messageType"/>
					</case>
					<case regex="application/json">
						<header name="Accept" scope="transport" value="application/json"/>
						<property name="ContentType" value="application/json" scope="axis2" type="STRING" description="ContentType"/>
						<property name="messageType" value="application/json" scope="axis2" type="STRING" description="messageType"/>
					</case>
					<default>
						<header name="Accept" scope="transport" value="application/xml"/>
						<property name="ContentType" value="application/xml" scope="axis2" type="STRING" description="ContentType"/>
						<property name="messageType" value="application/xml" scope="axis2" type="STRING" description="messageType"/>
					</default>
				</switch>
				<property name="NO_ENTITY_BODY" scope="axis2" action="remove"/>
				<property name="HTTP_SC" value="500" scope="axis2"/>
				<respond/>
			</sequence>
		</target>
		<target>
			<sequence>
				<payloadFactory media-type="xml" description="ErrorMessage">
					<format>
						<err:Error xmlns:err="http://ws.apache.org/ns/synapse">
							<Header>
								<CMMHeader>
									<MessageTimeStamp>$5</MessageTimeStamp>
									<MessageId>$6</MessageId>
									<ComponentId>AuthorizationPolicyAPI</ComponentId>
									<From>$1</From>
									<To>$2</To>
									<Operation>GetAuthorizationPolicyPerCode</Operation>
									<Domain>wealert</Domain>
								</CMMHeader>
							</Header>
							<ErrorCode>$7</ErrorCode>
							<ErrorMessage>$3</ErrorMessage>
							<ErrorDetail>$6</ErrorDetail>
							<ErrorException>$4</ErrorException>
						</err:Error>
					</format>
					<args>
						<arg evaluator="xml" expression="get-property('MessageFrom')"/>
						<arg evaluator="xml" expression="get-property('MessageDestination')"/>
						<arg evaluator="xml" expression="get-property('ERROR_MESSAGE')"/>
						<arg evaluator="xml" expression="get-property('ERROR_EXCEPTION')"/>
						<arg evaluator="xml" expression="get-property('MessageTime')"/>
						<arg evaluator="xml" expression="get-property('ERROR_DETAIL')"/>
						<arg evaluator="xml" expression="get-property('ERROR_CODE')"/>
						<arg evaluator="xml" expression="get-property('MessageId')"/>
					</args>
				</payloadFactory>
				<log level="full" category="ERROR" separator="---=== Fault Sequence GetAuthorizationPolicyPerCode ===---"/>
				<property name="OUT_ONLY" scope="default" type="STRING" value="true"/>
				<call>
					<endpoint key="gov:nl/weintegrate/wealert/authorizationpolicy/service/v1/endpoint/AuthorizationPolicyErrorQueueEndpoint.xml"/>
				</call>
			</sequence>
		</target>
	</clone>
</sequence>
