<?xml version="1.0" encoding="UTF-8"?>
<sequence xmlns="http://ws.apache.org/ns/synapse" name="AuthorizationPolicyAPI_01_ConvertGetAuthorizationPolicyPerCodeCDMRequestToISRequest_01">
	<call-template target="gov:com/commons/util/v1/templates/LoggerTemplate.xml" description="Log-INFO">
		<with-param name="SequenceName" value="AuthorizationPolicyAPI_01_ConvertGetAuthorizationPolicyPerCodeCDMRequestToISRequest_01"/>
		<with-param name="Message" value="Going to convert GetAuthorizationPolicyPerCode CDM request to IS request."/>
		<with-param name="LogLevel" value="INFO"/>
	</call-template>
	<xslt key="gov:nl/weintegrate/wealert/service/authorizationpolicy/v1/xslt/GetAuthorizationPolicyPerCodeCDMRequestToISRequest.xslt" description="CDMToISRequest">
		<resource location="GetAuthorizationPolicyPerCodeCDMRequestToISRequest.xslt" key="gov:nl/weintegrate/wealert/service/authorizationpolicy/v1/xslt/GetAuthorizationPolicyPerCodeCDMRequestToISRequest.xslt"/>
	</xslt>
	<call-template target="gov:com/commons/util/v1/templates/LoggerTemplate.xml" description="Log-INFO">
		<with-param name="SequenceName" value="AuthorizationPolicyAPI_01_ConvertGetAuthorizationPolicyPerCodeCDMRequestToISRequest_01"/>
		<with-param name="Message" value="Converted GetAuthorizationPolicyPerCode CDM request to IS request successfully."/>
		<with-param name="LogLevel" value="INFO"/>
		</call-template>
</sequence>
