<?xml version="1.0" encoding="UTF-8"?>
<sequence
  name="AuthorizationPolicyAPI_01_UpdateAuthorizationPolicyInSequence_01"
  trace="disable" xmlns="http://ws.apache.org/ns/synapse">
  <log level="full" separator="---=== AuthorizationPolicyAPI_01_UpdateAuthorizationPolicyInSequence_01 ===---"/>
  <property description="OperationName" name="RequestOperationName"
    scope="default" type="STRING" value="UpdateAuthorizationPolicy"/>
  <property description="MessageFrom" name="MessageFrom" scope="default"
    type="STRING" value="Client"/>
  <property description="MessageDestination" name="MessageDestination"
    scope="default" type="STRING" value="IS"/>
  <property description="ResponseType"
    expression="get-property('transport', 'Accept')" name="ResponseType"
    scope="default" type="STRING" xmlns:ns="http://org.apache.synapse/xsd"/>
  <property description="ContentType" name="ContentType" scope="axis2"
    type="STRING" value="application/xml"/>
  <property description="messageType" name="messageType" scope="axis2"
    type="STRING" value="application/xml"/>
  <property description="messageType"
    expression="//*[local-name()='ClientUserName']" name="userName"
    scope="axis2" type="STRING"/>
  <property description="messageType"
    expression="//*[local-name()='ClientPassword']" name="Password"
    scope="axis2" type="STRING" xmlns:requestresponse="http://www.w-integrate.nl/cmm/xsd/cmmheader_01"/>
  <sequence key="AuthorizationPolicyAPI_01_ValidateUpdateAuthorizationPolicyCDMRequest_01"/>
  <sequence key="AuthorizationPolicyAPI_01_ConvertUpdateAuthorizationPolicyCDMRequestToISRequest_01"/>
  <sequence key="AuthorizationPolicyAPI_01_ConvertDeleteAuthorizationPolicyCDMRequestToISRequest_01"/>
  <sequence key="AuthorizationPolicyAPI_01_SendRequestToIS_01"/>
</sequence>
