<?xml version="1.0" encoding="UTF-8"?>
<sequence xmlns="http://ws.apache.org/ns/synapse" name="AuthorizationPolicyAPI_01_ConvertCreateAuthorizationPolicyISResponseToCDMResponse_01">
	<call-template target="gov:com/commons/util/v1/templates/LoggerTemplate.xml" description="Log-INFO">
		<with-param name="SequenceName" value="AuthorizationPolicyAPI_01_ConvertCreateAuthorizationPolicyISResponseToCDMResponse_01"/>
		<with-param name="Message" value="Going to convert CreateAuthorizationPolicy IS response to CDM response."/>
		<with-param name="LogLevel" value="INFO"/>
	</call-template>
	<xslt key="gov:nl/weintegrate/wealert/service/authorizationpolicy/v1/xslt/CreateAuthorizationPolicyISResponseToCDMResponse.xslt" description="ISResponseToCDMResponse"  >
		<resource location="CreateAuthorizationPolicyISResponseToCDMResponse.xslt" key="gov:nl/weintegrate/wealert/service/authorizationpolicy/v1/xslt/CreateAuthorizationPolicyISResponseToCDMResponse.xslt"/>
	</xslt>
	<call-template target="gov:com/commons/util/v1/templates/LoggerTemplate.xml" description="Log-INFO">
		<with-param name="SequenceName" value="AuthorizationPolicyAPI_01_ConvertCreateAuthorizationPolicyISResponseToCDMResponse_01"/>
		<with-param name="Message" value="Converted IS response to CreateAuthorizationPolicy CDM response successfully."/>
		<with-param name="LogLevel" value="INFO"/>
		</call-template>
</sequence>
