<?xml version="1.0" encoding="UTF-8"?>
<sequence xmlns="http://ws.apache.org/ns/synapse" name="AuthorizationPolicyAPI_01_ConvertCreateAuthorizationPolicyCDMRequestToISRequest_01">
	<call-template target="gov:com/commons/util/v1/templates/LoggerTemplate.xml" description="Log-INFO">
		<with-param name="SequenceName" value="AuthorizationPolicyAPI_01_ConvertCreateAuthorizationPolicyCDMRequestToISRequest_01"/>
		<with-param name="Message" value="Going to convert CreateAuthorizationPolicy CDM request to IS request."/>
		<with-param name="LogLevel" value="INFO"/>
	</call-template>
	<xslt key="gov:nl/weintegrate/wealert/service/authorizationpolicy/v1/xslt/CreateAuthorizationPolicyCDMRequestToISRequest.xslt" description="CDMToISRequest">
		<resource location="CreateAuthorizationPolicyCDMRequestToISRequest.xslt" key="gov:nl/weintegrate/wealert/service/authorizationpolicy/v1/xslt/CreateAuthorizationPolicyCDMRequestToISRequest.xslt"/>
	</xslt>
	<call-template target="gov:com/commons/util/v1/templates/LoggerTemplate.xml" description="Log-INFO">
		<with-param name="SequenceName" value="AuthorizationPolicyAPI_01_ConvertCreateAuthorizationPolicyCDMRequestToISRequest_01"/>
		<with-param name="Message" value="Converted CreateAuthorizationPolicy CDM request to IS request successfully."/>
		<with-param name="LogLevel" value="INFO"/>
		</call-template>
</sequence>
