<?xml version="1.0" encoding="UTF-8"?>
<sequence
  name="AuthorizationPolicyAPI_01_DeleteAuthorizationPolicyOutSequence_01"
  trace="disable" xmlns="http://ws.apache.org/ns/synapse">
  <log level="full" separator="---=== AuthorizationPolicyAPI_01_DeleteAuthorizationPolicyOutSequence_01 ===---"/>
  <property description="SequenceType" name="MessageFrom"
    scope="default" type="STRING" value="IS"/>
  <property description="SequenceType" name="MessageDestination"
    scope="default" type="STRING" value="Client"/>
  <filter xpath="fn:contains(get-property('axis2','HTTP_SC'),'200')">
    <then>
      <payloadFactory media-type="xml">
        <format>
          <ns8:DeleteAuthorizationPolicyResponse xmlns:ns8="http://www.w-integrate.nl/xsd/authorizationpolicy_01/requestresponse_001">
            <ns8:Response>
              <ns8:ResponseCode>N-0000</ns8:ResponseCode>
              <ns8:ResponseMessage>Request is successfully processed by server.</ns8:ResponseMessage>
            </ns8:Response>
          </ns8:DeleteAuthorizationPolicyResponse>
        </format>
        <args/>
      </payloadFactory>
    </then>
    <else>
      <payloadFactory media-type="xml">
        <format>
          <ns8:DeleteAuthorizationPolicyResponse xmlns:ns8="http://www.w-integrate.nl/xsd/authorizationpolicy_01/requestresponse_001">
            <ns8:Response>
              <ns8:ResponseCode>E-0008</ns8:ResponseCode>
              <ns8:ResponseMessage>Problem in request processed by server. $1</ns8:ResponseMessage>
            </ns8:Response>
          </ns8:DeleteAuthorizationPolicyResponse>
        </format>
        <args>
          <arg evaluator="xml" expression="get-property('axis2','HTTP_SC')"/>
        </args>
      </payloadFactory>
    </else>
  </filter>
  <sequence key="AuthorizationPolicyAPI_01_ValidateDeleteAuthorizationPolicyCDMResponse_01"/>
  <switch source="get-property('ResponseType')" xmlns:ns="http://org.apache.synapse/xsd">
    <case regex="application/xml">
      <header name="Accept" scope="transport" value="application/xml"/>
      <property description="ContentType" name="ContentType"
        scope="axis2" type="STRING" value="application/xml"/>
      <property description="messageType" name="messageType"
        scope="axis2" type="STRING" value="application/xml"/>
    </case>
    <case regex="application/json">
      <header name="Accept" scope="transport" value="application/json"/>
      <property description="ContentType" name="ContentType"
        scope="axis2" type="STRING" value="application/json"/>
      <property description="messageType" name="messageType"
        scope="axis2" type="STRING" value="application/json"/>
    </case>
    <default>
      <header name="Accept" scope="transport" value="application/xml"/>
      <property description="ContentType" name="ContentType"
        scope="axis2" type="STRING" value="application/xml"/>
    </default>
  </switch>
  <respond/>
</sequence>
