<?xml version="1.0" encoding="UTF-8"?>
<sequence xmlns="http://ws.apache.org/ns/synapse" name="AuthorizationPolicyAPI_01_SendRequestToIS_01">
	<call-template target="gov:com/commons/util/v1/templates/LoggerTemplate.xml" description="">
		<with-param name="SequenceName" value="AuthorizationPolicyAPI_01_SendRequestToIS_01"/>
		<with-param name="Message" value="Going to send Request to IS."/>
		<with-param name="LogLevel" value="INFO"/>
	</call-template>
		<header name="Action" value="IDENTITY_SERVER_URL/services/EntitlementPolicyAdminService.EntitlementPolicyAdminServiceHttpsSoap11Endpoint/"/>
	
	<switch source="get-property('RequestOperationName')">
		<case regex="GetAuthorizationPolicyPerCode">
						<property
        expression="fn:concat('Basic ',base64Encode(fn:concat(get-property('axis2','userName'),':',get-property('axis2','Password'))))"
        name="Authorization" scope="transport" type="STRING" xmlns:ns="http://org.apache.synapse/xsd"/>
			<send>
				<endpoint key="gov:nl/weintegrate/wealert/service/authorizationpolicy/v1/endpoint/GetAuthorizationPolicyPerCodeISEndpoint.xml"/>
			</send>
		</case>
		<case regex="AuthorizeAuthorizationPolicy">
					<property
        expression="fn:concat('Basic ',base64Encode(fn:concat(get-property('axis2','userName'),':',get-property('axis2','Password'))))"
        name="Authorization" scope="transport" type="STRING" xmlns:ns="http://org.apache.synapse/xsd"/>

    <header name="Action" value="https://185.3.211.68:9443/services/EntitlementService.EntitlementServiceHttpsSoap12Endpoint/"/>
			<send>
				<endpoint key="gov:nl/weintegrate/wealert/service/authorizationpolicy/v1/endpoint/AuthorizeAuthorizationPolicyISEndpoint.xml"/>
			</send>
		</case>
		<case regex="CreateAuthorizationPolicy">
	<property
        expression="fn:concat('Basic ',base64Encode(fn:concat(get-property('axis2','userName'),':',get-property('axis2','Password'))))"
        name="Authorization" scope="transport" type="STRING" xmlns:ns="http://org.apache.synapse/xsd"/>

			<send>
			
				<endpoint key="gov:nl/weintegrate/wealert/service/authorizationpolicy/v1/endpoint/CreateAuthorizationPolicyISEndpoint.xml"/>
			</send>
		</case>
		<case regex="UpdateAuthorizationPolicy">
		<property
        expression="fn:concat('Basic ',base64Encode(fn:concat(get-property('axis2','userName'),':',get-property('axis2','Password'))))"
        name="Authorization" scope="transport" type="STRING" xmlns:ns="http://org.apache.synapse/xsd"/>

			<send>
				<endpoint key="gov:nl/weintegrate/wealert/service/authorizationpolicy/v1/endpoint/UpdateAuthorizationPolicyISEndpoint.xml"/>
			</send>
		</case>
		<case regex="DeleteAuthorizationPolicy">
 <property
        expression="fn:concat('Basic ',base64Encode(fn:concat(get-property('axis2','userName'),':',get-property('axis2','Password'))))"
        name="Authorization" scope="transport" type="STRING" xmlns:ns="http://org.apache.synapse/xsd"/>
			<send>
			  	<endpoint key="gov:nl/weintegrate/wealert/service/authorizationpolicy/v1/endpoint/DeleteAuthorizationPolicyISEndpoint.xml"/>
			</send>
		</case>
		<default>
			<log level="full" category="WARN" separator="---=== Invalid Request ===---"/>
			<drop/>
		</default>
	</switch>
</sequence>
