<?xml version="1.0" encoding="UTF-8"?>
<sequence
  name="AuthorizationPolicyAPI_01_GetAuthorizationPolicyPerCodeInSequence_01"
  trace="disable" xmlns="http://ws.apache.org/ns/synapse">
  <log level="full" separator="---=== AuthorizationPolicyAPI_01_GetAuthorizationPolicyPerCodeInSequence_01 ===---"/>
  <property description="OperationName" name="RequestOperationName"
    scope="default" type="STRING" value="GetAuthorizationPolicyPerCode"/>
  <property description="MessageFrom" name="MessageFrom" scope="default"
    type="STRING" value="Client"/>
  <property description="MessageDestination" name="MessageDestination"
    scope="default" type="STRING" value="IS"/>
  <property description="ResponseType"
    expression="get-property('transport', 'Accept')" name="ResponseType"
    scope="default" type="STRING" xmlns:ns="http://org.apache.synapse/xsd"/>
  <property description="ContentType" name="ContentType" scope="axis2"
    type="STRING" value="application/xml"/>
  <property description="messageType" name="messageType" scope="axis2"
    type="STRING" value="application/xml"/>
  <property description="messageType"
    expression="//*[local-name()='ClientUserName']" name="userName"
    scope="axis2" type="STRING"/>
  <property description="messageType"
    expression="//*[local-name()='ClientPassword']" name="Password"
    scope="axis2" type="STRING" xmlns:requestresponse="http://www.w-integrate.nl/cmm/xsd/cmmheader_01"/>
  <sequence key="AuthorizationPolicyAPI_01_ValidateGetAuthorizationPolicyPerCodeCDMRequest_01"/>
  <payloadFactory media-type="xml">
    <format>
      <xsd:getPolicy xmlns:xsd="http://org.apache.axis2/xsd">
        <xsd:policyId>$1</xsd:policyId>
        <xsd:isPDPPolicy>true</xsd:isPDPPolicy>
      </xsd:getPolicy>
    </format>
    <args>
      <arg evaluator="xml" expression="//requestresponse:PolicyID"
        xmlns:ns="http://org.apache.synapse/xsd" xmlns:requestresponse="http://www.w-integrate.nl/xsd/authorizationpolicy_01/requestresponse_001"/>
    </args>
  </payloadFactory>
  <sequence key="AuthorizationPolicyAPI_01_SendRequestToIS_01"/>
</sequence>
