<?xml version="1.0" encoding="UTF-8"?>
<sequence xmlns="http://ws.apache.org/ns/synapse" name="AuthorizationPolicyAPI_01_DeleteAuthorizationPolicyInSequence_01">
	<log level="full" separator="---=== AuthorizationPolicyAPI_01_DeleteAuthorizationPolicyInSequence_01 ===---"/>
	<property name="RequestOperationName" value="DeleteAuthorizationPolicy" scope="default" type="STRING" description="OperationName"/>	<property name="MessageFrom" value="Client" scope="default" type="STRING" description="MessageFrom"/>	<property name="MessageDestination" value="IS" scope="default" type="STRING" description="MessageDestination"/>	<property xmlns:ns="http://org.apache.synapse/xsd" name="ResponseType" expression="get-property('transport', 'Accept')" scope="default" type="STRING" description="ResponseType"/>
	<property name="Content-Type" value="application/soap+xml" scope="axis2" type="STRING" description="ContentType"/>
	<property name="messageType" value="application/xml" scope="axis2" type="STRING" description="messageType"/>
    <property name="userName" expression="//*[local-name()='ClientUserName']"  scope="axis2" type="STRING" description="messageType"/>
    <property name="Password" expression="//*[local-name()='ClientPassword']" xmlns:requestresponse="http://www.w-integrate.nl/cmm/xsd/cmmheader_01" scope="axis2" type="STRING" description="messageType"/>
	<sequence key="AuthorizationPolicyAPI_01_ValidateDeleteAuthorizationPolicyCDMRequest_01"/>
		 <payloadFactory media-type="xml">
          <format>
            <xsd:removePolicy xmlns:xsd="http://org.apache.axis2/xsd" >
              <xsd:policyId>$1</xsd:policyId>
         	  <xsd:dePromote>true</xsd:dePromote>
            </xsd:removePolicy>
          </format>
          <args>
            <arg evaluator="xml"
           expression="//requestresponse:PolicyID" xmlns:requestresponse="http://www.w-integrate.nl/xsd/authorizationpolicy_01/requestresponse_001" xmlns:ns="http://org.apache.synapse/xsd"/>
          </args>
        </payloadFactory>
   
	<sequence key="AuthorizationPolicyAPI_01_SendRequestToIS_01"/>
	</sequence>
