<?xml version="1.0" encoding="UTF-8"?>
<sequence xmlns="http://ws.apache.org/ns/synapse" name="AuthorizationPolicyAPI_01_ConvertGetAuthorizationPolicyPerCodeISResponseToCDMResponse_01">
	<call-template target="gov:com/commons/util/v1/templates/LoggerTemplate.xml" description="Log-INFO">
		<with-param name="SequenceName" value="AuthorizationPolicyAPI_01_ConvertGetAuthorizationPolicyPerCodeISResponseToCDMResponse_01"/>
		<with-param name="Message" value="Going to convert GetAuthorizationPolicyPerCode IS response to CDM response."/>
		<with-param name="LogLevel" value="INFO"/>
	</call-template>
	<xslt key="gov:nl/weintegrate/wealert/service/authorizationpolicy/v1/xslt/GetAuthorizationPolicyPerCodeISResponseToCDMResponse.xslt" description="ISResponseToCDMResponse">
		<resource location="GetAuthorizationPolicyPerCodeISResponseToCDMResponse.xslt" key="gov:nl/weintegrate/wealert/service/authorizationpolicy/v1/xslt/GetAuthorizationPolicyPerCodeISResponseToCDMResponse.xslt"/>
	</xslt>
	<call-template target="gov:com/commons/util/v1/templates/LoggerTemplate.xml" description="Log-INFO">
		<with-param name="SequenceName" value="AuthorizationPolicyAPI_01_ConvertGetAuthorizationPolicyPerCodeISResponseToCDMResponse_01"/>
		<with-param name="Message" value="Converted IS response to GetAuthorizationPolicyPerCode CDM response successfully."/>
		<with-param name="LogLevel" value="INFO"/>
		</call-template>
</sequence>
