<?xml version="1.0" encoding="UTF-8"?>
<sequence
  name="AuthorizationPolicyAPI_01_ConvertUpdateAuthorizationPolicyCDMRequestToISRequest_01"
  trace="disable" xmlns="http://ws.apache.org/ns/synapse">
  <call-template description="Log-INFO" target="gov:com/commons/util/v1/templates/LoggerTemplate.xml">
    <with-param name="SequenceName" value="AuthorizationPolicyAPI_01_ConvertUpdateAuthorizationPolicyCDMRequestToISRequest_01"/>
    <with-param name="Message" value="Going to convert UpdateAuthorizationPolicy CDM request to IS request."/>
    <with-param name="LogLevel" value="INFO"/>
  </call-template>
  <xslt description="CDMToISRequest" key="gov:nl/weintegrate/wealert/service/authorizationpolicy/v1/xslt/UpdateAuthorizationPolicyCDMRequestToISRequest.xslt">
    <resource
      key="gov:nl/weintegrate/wealert/service/authorizationpolicy/v1/xslt/UpdateAuthorizationPolicyCDMRequestToISRequest.xslt" location="UpdateAuthorizationPolicyCDMRequestToISRequest.xslt"/>
  </xslt>
  <call-template description="Log-INFO" target="gov:com/commons/util/v1/templates/LoggerTemplate.xml">
    <with-param name="SequenceName" value="AuthorizationPolicyAPI_01_ConvertUpdateAuthorizationPolicyCDMRequestToISRequest_01"/>
    <with-param name="Message" value="Converted UpdateAuthorizationPolicy CDM request to IS request successfully."/>
    <with-param name="LogLevel" value="INFO"/>
  </call-template>
</sequence>
