<?xml version="1.0" encoding="UTF-8"?>
<sequence xmlns="http://ws.apache.org/ns/synapse" name="AuthorizationPolicyAPI_01_ValidateAuthorizeAuthorizationPolicyCDMRequest_01">
	<call-template target="gov:com/commons/util/v1/templates/LoggerTemplate.xml" description="Log-INFO">
		<with-param name="SequenceName" value="AuthorizationPolicyAPI_01_ValidateAuthorizeAuthorizationPolicyCDMRequest_01"/>
		<with-param name="Message" value="Going to Validate AuthorizeAuthorizationPolicy CDM Request"/>
		<with-param name="LogLevel" value="INFO"/>
	</call-template>
	<validate source="//tns:AuthorizeRequest" xmlns:tns="http://www.w-integrate.nl/xsd/authorizationpolicy_01/requestresponse_001">
     <schema key="gov:/nl/weintegrate/wealert/cdm/xsd/AuthorizationPolicy_01_RequestResponse_001.xsd"/> 
    <resource key="gov:/nl/weintegrate/wealert/cdm/xsd/CMMHeader_01.xsd" location="CMMHeader_01.xsd"/>
    <resource key="gov:nl/weintegrate/wealert/cdm/xsd/Address_01.xsd" location="Address_01.xsd"/>
    <resource key="gov:nl/weintegrate/wealert/cdm/xsd/Application_01.xsd" location="Application_01.xsd"/>
    <resource key="gov:nl/weintegrate/wealert/cdm/xsd/ApplicationGroup_01.xsd" location="ApplicationGroup_01.xsd"/>
    <resource key="gov:nl/weintegrate/wealert/cdm/xsd/AuthorizationPolicy_01.xsd" location="AuthorizationPolicy_01.xsd"/>
    <resource key="gov:nl/weintegrate/wealert/cdm/xsd/CommunicationChannel_01.xsd" location="CommunicationChannel_01.xsd"/>
    <resource key="gov:nl/weintegrate/wealert/cdm/xsd/Condition_01.xsd" location="Condition_01.xsd"/>
    <resource key="gov:nl/weintegrate/wealert/cdm/xsd/ConditionGroup_01.xsd" location="ConditionGroup_01.xsd"/>
    <resource key="gov:nl/weintegrate/wealert/cdm/xsd/Device_01.xsd" location="Device_01.xsd"/>
    <resource key="gov:nl/weintegrate/wealert/cdm/xsd/Organization_01.xsd" location="Organization_01.xsd"/>
    <resource key="gov:nl/weintegrate/wealert/cdm/xsd/Permission_01.xsd" location="Permission_01.xsd"/>
    <resource key="gov:nl/weintegrate/wealert/cdm/xsd/Person_01.xsd" location="Person_01.xsd"/>
    <resource key="gov:nl/weintegrate/wealert/cdm/xsd/Role_01.xsd" location="Role_01.xsd"/>
    <resource key="gov:nl/weintegrate/wealert/cdm/xsd/Rule_01.xsd" location="Rule_01.xsd"/>
    <resource key="gov:nl/weintegrate/wealert/cdm/xsd/RuleGroup_01.xsd" location="RuleGroup_01.xsd"/>
     <resource key="gov:nl/weintegrate/wealert/cdm/xsd/User_01.xsd" location="User_01.xsd"/>
	<on-fail>
			<call-template target="gov:com/commons/util/v1/templates/LoggerTemplate.xml" description="Log-INFO">
				<with-param name="SequenceName" value="AuthorizationPolicyAPI_01_ValidateCreateAuthorizationPolicyCDMRequest_01"/>
				<with-param name="Message" value="Error occurred while validating Request."/>
				<with-param name="LogLevel" value="ERROR"/>
			</call-template>
	<clone xmlns="http://ws.apache.org/ns/synapse">
		<target>
			<sequence>
				<payloadFactory media-type="xml">
					<format>
						<ns8:AuthorizeResponse xmlns:ns8="http://www.w-integrate.nl/xsd/authorizationpolicy_01/requestresponse_001" xmlns="">
							<ns8:Response>
								<ns8:ResponseCode>$1</ns8:ResponseCode>
								<ns8:ResponseMessage>Invalid Request</ns8:ResponseMessage>
							</ns8:Response>
						</ns8:AuthorizeResponse>
					</format>
					<args>
						<arg xmlns:ns="http://org.apache.synapse/xsd" evaluator="xml" expression="get-property('ERROR_CODE')"/>
					</args>
				</payloadFactory>
				<switch xmlns:ns="http://org.apache.synapse/xsd" source="get-property('ResponseType')">
					<case regex="application/xml">
						<header name="Accept" scope="transport" value="application/xml"/>
						<property name="ContentType" value="application/xml" scope="axis2" type="STRING" description="ContentType"/>
						<property name="messageType" value="application/xml" scope="axis2" type="STRING" description="messageType"/>
					</case>
					<case regex="application/json">
						<header name="Accept" scope="transport" value="application/json"/>
						<property name="ContentType" value="application/json" scope="axis2" type="STRING" description="ContentType"/>
						<property name="messageType" value="application/json" scope="axis2" type="STRING" description="messageType"/>
					</case>
					<default>
						<header name="Accept" scope="transport" value="application/xml"/>
						<property name="ContentType" value="application/xml" scope="axis2" type="STRING" description="ContentType"/>
						<property name="messageType" value="application/xml" scope="axis2" type="STRING" description="messageType"/>
					</default>
				</switch>
				<property name="NO_ENTITY_BODY" scope="axis2" action="remove"/>
				<property name="HTTP_SC" value="400" scope="axis2"/>
				<respond/>
			</sequence>
		</target>
		<target>
			<sequence>
				<payloadFactory media-type="xml" description="ErrorMessage">
					<format>
						<err:Error xmlns:err="http://ws.apache.org/ns/synapse">
							<Header>
								<CMMHeader>
									<MessageTimeStamp>$5</MessageTimeStamp>
									<MessageId>$6</MessageId>
									<ComponentId>AuthorizationPolicyAPI</ComponentId>
									<From>$1</From>
									<To>$2</To>
									<Operation>AuthorizeAuthorizationPolicy</Operation>
									<Domain>wealert</Domain>
								</CMMHeader>
							</Header>
							<ErrorCode>$7</ErrorCode>
							<ErrorMessage>$3</ErrorMessage>
							<ErrorDetail>$6</ErrorDetail>
							<ErrorException>$4</ErrorException>
						</err:Error>
					</format>
					<args>
						<arg evaluator="xml" expression="get-property('MessageFrom')"/>
						<arg evaluator="xml" expression="get-property('MessageDestination')"/>
						<arg evaluator="xml" expression="get-property('ERROR_MESSAGE')"/>
						<arg evaluator="xml" expression="get-property('ERROR_EXCEPTION')"/>
						<arg evaluator="xml" expression="get-property('MessageTime')"/>
						<arg evaluator="xml" expression="get-property('ERROR_DETAIL')"/>
						<arg evaluator="xml" expression="get-property('ERROR_CODE')"/>
						<arg evaluator="xml" expression="get-property('MessageId')"/>
					</args>
				</payloadFactory>
				<log level="full" category="ERROR" separator="---=== Validation Error AuthorizeAuthorizationPolicy ===---"/>
				<property name="OUT_ONLY" scope="default" type="STRING" value="true"/>
				<call>
					<endpoint key="gov:nl/weintegrate/wealert/authorizationpolicy/service/v1/endpoint/AuthorizationPolicyErrorQueueEndpoint.xml"/>
				</call>
			</sequence>
		</target>
	</clone>
		</on-fail>
	</validate>
	<call-template target="gov:com/commons/util/v1/templates/LoggerTemplate.xml" description="Log-INFO">
		<with-param name="SequenceName" value="AuthorizationPolicyAPI_01_ValidateAuthorizeAuthorizationPolicyCDMRequest_01"/>
		<with-param name="Message" value="AuthorizeAuthorizationPolicy CDM Request validated successfully."/>
		<with-param name="LogLevel" value="INFO"/>
	</call-template>
</sequence>
