<?xml version="1.0" encoding="UTF-8"?>
<sequence
  name="AuthorizationPolicyAPI_01_GetAuthorizationPolicyPerCodeOutSequence_01"
  trace="disable" xmlns="http://ws.apache.org/ns/synapse">
  <log level="full" separator="---=== AuthorizationPolicyAPI_01_GetAuthorizationPolicyPerCodeOutSequence_01 ===---"/>
  <property description="SequenceType" name="MessageFrom"
    scope="default" type="STRING" value="IS"/>
  <property description="SequenceType" name="MessageDestination"
    scope="default" type="STRING" value="Client"/>
  <filter
    xmlns:ax2299="http://dto.entitlement.identity.carbon.wso2.org/xsd" xpath="boolean(//ax2299:policy[not(text())])">
    <then>
      <payloadFactory media-type="xml">
        <format>
          <ns8:GetAuthorizationPolicyResponse xmlns:ns8="http://www.w-integrate.nl/xsd/authorizationpolicy_01/requestresponse_001">
            <ns8:Response>
              <ns8:ResponseCode>W-0001</ns8:ResponseCode>
              <ns8:ResponseMessage>Policy ID does not exist.</ns8:ResponseMessage>
            </ns8:Response>
          </ns8:GetAuthorizationPolicyResponse>
        </format>
        <args/>
      </payloadFactory>
    </then>
    <else>
      <sequence key="AuthorizationPolicyAPI_01_ConvertGetAuthorizationPolicyPerCodeCDMRequestToISRequest_01"/>
      <sequence key="AuthorizationPolicyAPI_01_ConvertGetAuthorizationPolicyPerCodeISResponseToCDMResponse_01"/>
      <sequence key="AuthorizationPolicyAPI_01_ValidateGetAuthorizationPolicyPerCodeCDMResponse_01"/>
    </else>
  </filter>
  <switch source="get-property('ResponseType')" xmlns:ns="http://org.apache.synapse/xsd">
    <case regex="application/xml">
      <header name="Accept" scope="transport" value="application/xml"/>
      <property description="ContentType" name="ContentType"
        scope="axis2" type="STRING" value="application/xml"/>
      <property description="messageType" name="messageType"
        scope="axis2" type="STRING" value="application/xml"/>
    </case>
    <case regex="application/json">
      <header name="Accept" scope="transport" value="application/json"/>
      <property description="ContentType" name="ContentType"
        scope="axis2" type="STRING" value="application/json"/>
      <property description="messageType" name="messageType"
        scope="axis2" type="STRING" value="application/json"/>
    </case>
    <default>
      <header name="Accept" scope="transport" value="application/xml"/>
      <property description="ContentType" name="ContentType"
        scope="axis2" type="STRING" value="application/xml"/>
      <property description="messageType" name="messageType"
        scope="axis2" type="STRING" value="application/xml"/>
    </default>
  </switch>
  <respond/>
</sequence>
