<?xml version="1.0" encoding="UTF-8"?>
<sequence
  name="AuthorizationPolicyAPI_01_UpdateAuthorizationPolicyWithDeviceIdOutSequence_01"
  trace="disable" xmlns="http://ws.apache.org/ns/synapse">
  <log level="full" separator="---=== AuthorizationPolicyAPI_01_UpdateAuthorizationPolicyWithDeviceIdOutSequence_01 ===---"/>
  <property description="MessageFrom" name="MessageFrom" scope="default"
    type="STRING" value="IS"/>
  <property description="MessageDestination" name="MessageDestination"
    scope="default" type="STRING" value="Client"/>
  <property description="ResponseCode"
    expression="//*[local-name()='ResponseCode']" name="ResponseCode"
    scope="default" type="STRING"/>
  <property description="ResponseMessage"
    expression="//*[local-name()='ResponseMessage']"
    name="ResponseMessage" scope="default" type="STRING"/>
  <payloadFactory media-type="xml">
    <format>
      <ns8:UpdateAuthorizationPolicyWithDeviceIdResponse xmlns:ns8="http://www.w-integrate.nl/xsd/authorizationpolicy_01/requestresponse_001">
        <ns8:Response>
          <ns8:ResponseCode>$1</ns8:ResponseCode>
          <ns8:ResponseMessage>$2</ns8:ResponseMessage>
        </ns8:Response>
      </ns8:UpdateAuthorizationPolicyWithDeviceIdResponse>
    </format>
    <args>
      <arg evaluator="xml" expression="get-property('ResponseCode')"/>
      <arg evaluator="xml" expression="get-property('ResponseMessage')"/>
    </args>
  </payloadFactory>
  <switch source="get-property('ResponseType')" xmlns:ns="http://org.apache.synapse/xsd">
    <case regex="application/xml">
      <header name="Accept" scope="transport" value="application/xml"/>
      <property description="ContentType" name="ContentType"
        scope="axis2" type="STRING" value="application/xml"/>
      <property description="messageType" name="messageType"
        scope="axis2" type="STRING" value="application/xml"/>
    </case>
    <case regex="application/json">
      <header name="Accept" scope="transport" value="application/json"/>
      <property description="ContentType" name="ContentType"
        scope="axis2" type="STRING" value="application/json"/>
      <property description="messageType" name="messageType"
        scope="axis2" type="STRING" value="application/json"/>
    </case>
    <default>
      <header name="Accept" scope="transport" value="application/xml"/>
      <property description="ContentType" name="ContentType"
        scope="axis2" type="STRING" value="application/xml"/>
      <property description="messageType" name="messageType"
        scope="axis2" type="STRING" value="application/xml"/>
    </default>
  </switch>
  <respond/>
</sequence>
