<?xml version="1.0" encoding="UTF-8"?>
<sequence
  name="AuthorizationPolicyAPI_01_ConvertGetAuthorizationPolicyPerCodeCDMRequestToISRequest_02"
  trace="disable" xmlns="http://ws.apache.org/ns/synapse">
  	<call-template target="gov:com/commons/util/v1/templates/LoggerTemplate.xml" description="Log-INFO">
		<with-param name="SequenceName" value="AuthorizationPolicyAPI_01_ConvertCreateAuthorizationPolicyCDMRequestToISRequest_01"/>
		<with-param name="Message" value="Going to convert CreateAuthorizationPolicyXMLtoCDATA CDM request to IS request."/>
		<with-param name="LogLevel" value="INFO"/>
	</call-template>
	<xslt key="gov:nl/weintegrate/wealert/service/authorizationpolicy/v1/xslt/CreateAuthorizationPolicyXMLtoCDATA.xslt" description="CDMToISRequest">
		<resource location="CreateAuthorizationPolicyXMLtoCDATA.xslt" key="gov:nl/weintegrate/wealert/service/authorizationpolicy/v1/xslt/CreateAuthorizationPolicyXMLtoCDATA.xslt"/>
	</xslt>
	<call-template target="gov:com/commons/util/v1/templates/LoggerTemplate.xml" description="Log-INFO">
		<with-param name="SequenceName" value="AuthorizationPolicyAPI_01_ConvertCreateAuthorizationPolicyXMLtoCDATA_01"/>
		<with-param name="Message" value="Converted CreateAuthorizationPolicyXMLtoCDATA CDM request to IS request successfully."/>
		<with-param name="LogLevel" value="INFO"/>
		</call-template>
  
  </sequence>
