<?xml version="1.0" encoding="UTF-8"?>
<sequence
  name="AuthorizationPolicyAPI_01_RemoveUserFromPolicyInSequence_01"
  trace="disable" xmlns="http://ws.apache.org/ns/synapse">
  <log level="full" separator="---=== AuthorizationPolicyAPI_01_RemoveUserFromPolicyInSequence_01 ===---"/>
  <property description="OperationName" name="RequestOperationName"
    scope="default" type="STRING" value="RemoveUserFromPolicy"/>
  <property description="MessageFrom" name="MessageFrom" scope="default"
    type="STRING" value="Client"/>
  <property description="MessageDestination" name="MessageDestination"
    scope="default" type="STRING" value="IS"/>
  <property description="ResponseType"
    expression="get-property('transport', 'Accept')" name="ResponseType"
    scope="default" type="STRING" xmlns:ns="http://org.apache.synapse/xsd"/>
  <property description="ContentType" name="ContentType" scope="axis2"
    type="STRING" value="application/xml"/>
  <property description="messageType" name="messageType" scope="axis2"
    type="STRING" value="application/xml"/>
  <property description="ClientUserName"
    expression="//*[local-name()='ClientUserName']"
    name="ClientUserName" scope="default" type="STRING"/>
  <property description="Password"
    expression="//*[local-name()='ClientPassword']" name="Password"
    scope="default" type="STRING" xmlns:requestresponse="http://www.w-integrate.nl/cmm/xsd/cmmheader_01"/>
  <property description="PolicyID"
    expression="//*[local-name()='PolicyId']" name="PolicyID"
    scope="default" type="STRING" xmlns:requestresponse="http://www.w-integrate.nl/cmm/xsd/cmmheader_01"/>
  <property description="UserName"
    expression="//*[local-name()='Username']" name="UserName"
    scope="default" type="STRING"/>
  <payloadFactory media-type="xml">
    <format>
      <requestresponse:GetAuthorizationPolicyRequest
        xmlns:address="http://www.w-integrate.nl/cdm/xsd/address_01"
        xmlns:application="http://www.w-integrate.nl/cdm/xsd/application_01"
        xmlns:applicationgroup="http://www.w-integrate.nl/cdm/xsd/applicationgroup_01"
        xmlns:channel="http://www.w-integrate.nl/cdm/xsd/communicationchannel_01"
        xmlns:cmmheader="http://www.w-integrate.nl/cmm/xsd/cmmheader_01"
        xmlns:condition="http://www.w-integrate.nl/cdm/xsd/condition_01"
        xmlns:conditiongroup="http://www.w-integrate.nl/cdm/xsd/conditiongroup_01"
        xmlns:device="http://www.w-integrate.nl/cdm/xsd/device_01"
        xmlns:organization="http://www.w-integrate.nl/cdm/xsd/organization_01"
        xmlns:permission="http://www.w-integrate.nl/cdm/xsd/permission_01"
        xmlns:person="http://www.w-integrate.nl/cdm/xsd/person_01"
        xmlns:policy="http://www.w-integrate.nl/cdm/xsd/authorizationpolicy_01"
        xmlns:requestresponse="http://www.w-integrate.nl/xsd/authorizationpolicy_01/requestresponse_001"
        xmlns:role="http://www.w-integrate.nl/cdm/xsd/role_01"
        xmlns:rule="http://www.w-integrate.nl/cdm/xsd/rule_01"
        xmlns:rulegroup="http://www.w-integrate.nl/cdm/xsd/rulegroup_01"
        xmlns:user="http://www.w-integrate.nl/cdm/xsd/user_01"
        xmlns:xsi="http://www.w3.org/2001/XMLSchema-instance" xsi:schemaLocation="http://www.w-integrate.nl/xsd/authorizationpolicy_01/requestresponse_001 AuthorizationPolicy_01_RequestResponse_001.xsd ">
        <requestresponse:CMMHeader>
          <cmmheader:ClientUserName>$1</cmmheader:ClientUserName>
          <cmmheader:ClientPassword>$2</cmmheader:ClientPassword>
        </requestresponse:CMMHeader>
        <requestresponse:PolicyID>$3</requestresponse:PolicyID>
      </requestresponse:GetAuthorizationPolicyRequest>
    </format>
    <args>
      <arg evaluator="xml" expression="get-property('ClientUserName')"/>
      <arg evaluator="xml" expression="get-property('Password')"/>
      <arg evaluator="xml" expression="get-property('PolicyID')"/>
    </args>
  </payloadFactory>
  <property name="OUT_ONLY" scope="axis2" type="STRING" value="true"/>
  <call>
    <endpoint key="gov:nl/weintegrate/wealert/service/authorizationpolicy/v1/endpoint/AuthorizationPolicyGetPolicyEndpoint.xml"/>
  </call>
  <property expression="//*[local-name()='UserName']" name="UserList"
    scope="default" type="STRING"/>
  <filter xpath="fn:contains(get-property('UserList'),get-property('UserName'))">
    <then>
      <xslt key="gov:nl/weintegrate/wealert/service/authorizationpolicy/v1/xslt/AuthorizationPolicyRemoveUserFromPolicy.xslt">
        <property expression="get-property('ClientUserName')" name="CLIENT_USERNAME"/>
        <property expression="get-property('Password')" name="PASSWORD"/>
        <property expression="get-property('UserName')" name="USERNAME"/>
        <resource
          key="gov:nl/weintegrate/wealert/service/authorizationpolicy/v1/xslt/AuthorizationPolicyRemoveUserFromPolicy.xslt" location="AuthorizationPolicyRemoveUserFromPolicy.xslt"/>
      </xslt>
    </then>
    <else>
      <payloadFactory media-type="xml">
        <format>
          <ns8:RemoveUserFromPolicyResponse xmlns:ns8="http://www.w-integrate.nl/xsd/authorizationpolicy_01/requestresponse_001">
            <ns8:Response>
              <ns8:ResponseCode>E-0003</ns8:ResponseCode>
              <ns8:ResponseMessage>User does not exist in the policy.</ns8:ResponseMessage>
            </ns8:Response>
          </ns8:RemoveUserFromPolicyResponse>
        </format>
        <args/>
      </payloadFactory>
      <respond/>
    </else>
  </filter>
  <send>
    <endpoint key="gov:nl/weintegrate/wealert/service/authorizationpolicy/v1/endpoint/AuthorizationPolicyUpdatePolicyEndpoint.xml"/>
  </send>
</sequence>
