<?xml version="1.0" encoding="UTF-8"?>
<endpoint name="CreateUserIAMEndpoint" xmlns="http://ws.apache.org/ns/synapse">
    <http method="post" uri-template="IDENTITY_AND_ACCESS_MANAGEMENT_URL/users">
        <timeout>
            <duration>30000</duration>
            <responseAction>fault</responseAction>
        </timeout>
        <suspendOnFailure>
            <errorCodes>-1</errorCodes>
            <initialDuration>0</initialDuration>
            <progressionFactor>2.0</progressionFactor>
            <maximumDuration>0</maximumDuration>
        </suspendOnFailure>
        <markForSuspension>
            <errorCodes>-1</errorCodes>
        </markForSuspension>
    </http>
</endpoint>
