{
   "swagger":"2.0",
   "paths":{
      "/customers/{EmployeeId}":{
         "get":{
            "responses":{
               "200":{
                  "description":""
               }
            },
            "parameters":[
               {
                  "name":"EmployeeId",
                  "in":"path",
                  "allowMultiple":false,
                  "required":true,
                  "type":"string"
               }
            ],
            "x-auth-type":"Application & Application User",
            "x-throttling-tier":"Unlimited",
            "summary":"List Customer Last Names By Employee ID"
         }
      },
      "/customers":{
         "get":{
            "responses":{
               "200":{
                  "description":""
               }
            },
            "x-auth-type":"Application & Application User",
            "x-throttling-tier":"Unlimited",
            "summary":"List Customers Last Name"
         }
      },
      "/deliveries/periods/{EmployeeId}":{
         "get":{
            "responses":{
               "200":{
                  "description":""
               }
            },
            "parameters":[
               {
                  "name":"EmployeeId",
                  "in":"path",
                  "allowMultiple":false,
                  "required":true,
                  "type":"string"
               }
            ],
            "x-auth-type":"Application & Application User",
            "x-throttling-tier":"Unlimited",
            "summary":"Get Delivery Periods on base of Employee ID. "
         }
      },
      "/deliveries/periods":{
         "get":{
            "responses":{
               "200":{
                  "description":""
               }
            },
            "x-auth-type":"Application & Application User",
            "x-throttling-tier":"Unlimited",
            "summary":"Get Delivery Periods List"
         }
      },
      "/employees/{CustomerIdentifier}":{
         "get":{
            "responses":{
               "200":{
                  "description":""
               }
            },
            "parameters":[
               {
                  "name":"CustomerIdentifier",
                  "in":"path",
                  "allowMultiple":false,
                  "required":true,
                  "type":"string"
               }
            ],
            "x-auth-type":"None",
            "x-throttling-tier":"Unlimited",
            "summary":"Get all the Employees ID and Last Names on base of Customer Identifier."
         }
      },
      "/employees":{
         "get":{
            "responses":{
               "200":{
                  "description":""
               }
            },
            "x-auth-type":"Application & Application User",
            "x-throttling-tier":"Unlimited",
            "summary":"Get all the Employees Last Names."
         }
      },
      "/employees/{CustomerIdentifier}/{DeliveryPeriod}":{
         "get":{
            "responses":{
               "200":{
                  "description":""
               }
            },
            "parameters":[
               {
                  "name":"CustomerIdentifier",
                  "in":"path",
                  "allowMultiple":false,
                  "required":true,
                  "type":"string"
               },
               {
                  "name":"DeliveryPeriod",
                  "in":"path",
                  "allowMultiple":false,
                  "required":true,
                  "type":"string"
               }
            ],
            "summary":"Get Employee Last Name and ID Per Delivery Period and Customer Identifier",
            "x-auth-type":"Application & Application User",
            "x-throttling-tier":"Unlimited"
         }
      },
      "/deliveries/list/{StartRowIndex}/{RowCount}":{
         "get":{
            "responses":{
               "200":{
                  "description":""
               }
            },
            "parameters":[
               {
                  "name":"StartRowIndex",
                  "in":"path",
                  "allowMultiple":false,
                  "required":true,
                  "type":"string"
               },
               {
                  "name":"RowCount",
                  "in":"path",
                  "allowMultiple":false,
                  "required":true,
                  "type":"string"
               }
            ],
            "summary":"Get Deliveries data on the basis of row counts.",
            "x-auth-type":"Application & Application User",
            "x-throttling-tier":"Unlimited"
         }
      },
      "/deliveries/employees/list/{EmployeeLastName}/{StartRowIndex}/{RowCount}":{
         "get":{
            "responses":{
               "200":{
                  "description":""
               }
            },
            "parameters":[
               {
                  "name":"EmployeeLastName",
                  "in":"path",
                  "allowMultiple":false,
                  "required":true,
                  "type":"string"
               },
               {
                  "name":"StartRowIndex",
                  "in":"path",
                  "allowMultiple":false,
                  "required":true,
                  "type":"string"
               },
               {
                  "name":"RowCount",
                  "in":"path",
                  "allowMultiple":false,
                  "required":true,
                  "type":"string"
               }
            ],
            "summary":"Get Deliveries data on the basis of Employee Last Name and row counts.",
            "x-auth-type":"Application & Application User",
            "x-throttling-tier":"Unlimited"
         }
      },
      "/deliveries/customers/list/{CustomerLastName}/{StartRowIndex}/{RowCount}":{
         "get":{
            "responses":{
               "200":{
                  "description":""
               }
            },
            "parameters":[
               {
                  "name":"CustomerLastName",
                  "in":"path",
                  "allowMultiple":false,
                  "required":true,
                  "type":"string"
               },
               {
                  "name":"StartRowIndex",
                  "in":"path",
                  "allowMultiple":false,
                  "required":true,
                  "type":"string"
               },
               {
                  "name":"RowCount",
                  "in":"path",
                  "allowMultiple":false,
                  "required":true,
                  "type":"string"
               }
            ],
            "summary":"Get Deliveries data on the basis of Customer Last Name and row counts.",
            "x-auth-type":"Application & Application User",
            "x-throttling-tier":"Unlimited"
         }
      },
      "/deliveries/periods/list/{DeliveryPeriod}/{StartRowIndex}/{RowCount}":{
         "get":{
            "responses":{
               "200":{
                  "description":""
               }
            },
            "parameters":[
               {
                  "name":"DeliveryPeriod",
                  "in":"path",
                  "allowMultiple":false,
                  "required":true,
                  "type":"string"
               },
               {
                  "name":"StartRowIndex",
                  "in":"path",
                  "allowMultiple":false,
                  "required":true,
                  "type":"string"
               },
               {
                  "name":"RowCount",
                  "in":"path",
                  "allowMultiple":false,
                  "required":true,
                  "type":"string"
               }
            ],
            "summary":"Get Deliveries data on the basis of Delivery Period and row counts.",
            "x-auth-type":"Application & Application User",
            "x-throttling-tier":"Unlimited"
         }
      },
      "/deliveries/list/employees/{EmployeeLastName}/customers/{CustomerLastName}/{StartRowIndex}/{RowCount}":{
         "get":{
            "responses":{
               "200":{
                  "description":""
               }
            },
            "parameters":[
               {
                  "name":"EmployeeLastName",
                  "in":"path",
                  "allowMultiple":false,
                  "required":true,
                  "type":"string"
               },
               {
                  "name":"CustomerLastName",
                  "in":"path",
                  "allowMultiple":false,
                  "required":true,
                  "type":"string"
               },
               {
                  "name":"StartRowIndex",
                  "in":"path",
                  "allowMultiple":false,
                  "required":true,
                  "type":"string"
               },
               {
                  "name":"RowCount",
                  "in":"path",
                  "allowMultiple":false,
                  "required":true,
                  "type":"string"
               }
            ],
            "summary":"Get Deliveries data on basis of Employee Last name , Customer Last Name and Row Counts.",
            "x-auth-type":"Application & Application User",
            "x-throttling-tier":"Unlimited"
         }
      },
      "/deliveries/list/customers/{CustomerLastName}/periods/{DeliveryPeriod}/{StartRowIndex}/{RowCount}":{
         "get":{
            "responses":{
               "200":{
                  "description":""
               }
            },
            "parameters":[
               {
                  "name":"CustomerLastName",
                  "in":"path",
                  "allowMultiple":false,
                  "required":true,
                  "type":"string"
               },
               {
                  "name":"DeliveryPeriod",
                  "in":"path",
                  "allowMultiple":false,
                  "required":true,
                  "type":"string"
               },
               {
                  "name":"StartRowIndex",
                  "in":"path",
                  "allowMultiple":false,
                  "required":true,
                  "type":"string"
               },
               {
                  "name":"RowCount",
                  "in":"path",
                  "allowMultiple":false,
                  "required":true,
                  "type":"string"
               }
            ],
            "summary":"Get Deliveries data on basis of Customer Last Name, Delivery Period and Row Counts.",
            "x-auth-type":"Application & Application User",
            "x-throttling-tier":"Unlimited"
         }
      },
      "/deliveries/list/employees/{EmployeeLastName}/periods/{DeliveryPeriod}/{StartRowIndex}/{RowCount}":{
         "get":{
            "responses":{
               "200":{
                  "description":""
               }
            },
            "parameters":[
               {
                  "name":"EmployeeLastName",
                  "in":"path",
                  "allowMultiple":false,
                  "required":true,
                  "type":"string"
               },
               {
                  "name":"DeliveryPeriod",
                  "in":"path",
                  "allowMultiple":false,
                  "required":true,
                  "type":"string"
               },
               {
                  "name":"StartRowIndex",
                  "in":"path",
                  "allowMultiple":false,
                  "required":true,
                  "type":"string"
               },
               {
                  "name":"RowCount",
                  "in":"path",
                  "allowMultiple":false,
                  "required":true,
                  "type":"string"
               }
            ],
            "summary":"Get Deliveries data on basis of Employee Last Name, Delivery Period and Row Counts.",
            "x-auth-type":"Application & Application User",
            "x-throttling-tier":"Unlimited"
         }
      },
      "/deliveries/list/{EmployeeLastName}/{CustomerLastName}/{DeliveryPeriod}/{StartRowIndex}/{RowCount}":{
         "get":{
            "responses":{
               "200":{
                  "description":""
               }
            },
            "parameters":[
               {
                  "name":"EmployeeLastName",
                  "in":"path",
                  "allowMultiple":false,
                  "required":true,
                  "type":"string"
               },
               {
                  "name":"CustomerLastName",
                  "in":"path",
                  "allowMultiple":false,
                  "required":true,
                  "type":"string"
               },
               {
                  "name":"DeliveryPeriod",
                  "in":"path",
                  "allowMultiple":false,
                  "required":true,
                  "type":"string"
               },
               {
                  "name":"StartRowIndex",
                  "in":"path",
                  "allowMultiple":false,
                  "required":true,
                  "type":"string"
               },
               {
                  "name":"RowCount",
                  "in":"path",
                  "allowMultiple":false,
                  "required":true,
                  "type":"string"
               }
            ],
            "summary":"Get Deliveries data on basis of Employee Last Name, Customer Last Name, Delivery Period and Row Counts.",
            "x-auth-type":"Application & Application User",
            "x-throttling-tier":"Unlimited"
         }
      },
      "/deliveries/employees/{EmployeeId}/{StartRowIndex}/{RowCount}":{
         "get":{
            "responses":{
               "200":{
                  "description":""
               }
            },
            "parameters":[
               {
                  "name":"EmployeeId",
                  "in":"path",
                  "allowMultiple":false,
                  "required":true,
                  "type":"string"
               },
               {
                  "name":"StartRowIndex",
                  "in":"path",
                  "allowMultiple":false,
                  "required":true,
                  "type":"string"
               },
               {
                  "name":"RowCount",
                  "in":"path",
                  "allowMultiple":false,
                  "required":true,
                  "type":"string"
               }
            ],
            "summary":"Get Employee's deliveries data on base of Employee Id.\t",
            "x-auth-type":"Application & Application User",
            "x-throttling-tier":"Unlimited"
         }
      },
      "/deliveries/employees/{EmployeeId}/periods/{DeliveryPeriod}/{StartRowIndex}/{RowCount}":{
         "get":{
            "responses":{
               "200":{
                  "description":""
               }
            },
            "parameters":[
               {
                  "name":"EmployeeId",
                  "in":"path",
                  "allowMultiple":false,
                  "required":true,
                  "type":"string"
               },
               {
                  "name":"DeliveryPeriod",
                  "in":"path",
                  "allowMultiple":false,
                  "required":true,
                  "type":"string"
               },
               {
                  "name":"StartRowIndex",
                  "in":"path",
                  "allowMultiple":false,
                  "required":true,
                  "type":"string"
               },
               {
                  "name":"RowCount",
                  "in":"path",
                  "allowMultiple":false,
                  "required":true,
                  "type":"string"
               }
            ],
            "summary":"Get employee's deliveries data on base of employee id and delivery periods.",
            "x-auth-type":"Application & Application User",
            "x-throttling-tier":"Unlimited"
         }
      },
      "/deliveries/employees/{EmployeeId}/customers/{CustomerLastName}/{StartRowIndex}/{RowCount}":{
         "get":{
            "responses":{
               "200":{
                  "description":""
               }
            },
            "parameters":[
               {
                  "name":"EmployeeId",
                  "in":"path",
                  "allowMultiple":false,
                  "required":true,
                  "type":"string"
               },
               {
                  "name":"CustomerLastName",
                  "in":"path",
                  "allowMultiple":false,
                  "required":true,
                  "type":"string"
               },
               {
                  "name":"StartRowIndex",
                  "in":"path",
                  "allowMultiple":false,
                  "required":true,
                  "type":"string"
               },
               {
                  "name":"RowCount",
                  "in":"path",
                  "allowMultiple":false,
                  "required":true,
                  "type":"string"
               }
            ],
            "summary":"Get employee's deliveries data on basis of employee id and customer last name.",
            "x-auth-type":"Application & Application User",
            "x-throttling-tier":"Unlimited"
         }
      },
      "/deliveries/employees/{EmployeeId}/{CustomerLastName}/{DeliveryPeriod}/{StartRowIndex}/{RowCount}":{
         "get":{
            "responses":{
               "200":{
                  "description":""
               }
            },
            "parameters":[
               {
                  "name":"EmployeeId",
                  "in":"path",
                  "allowMultiple":false,
                  "required":true,
                  "type":"string"
               },
               {
                  "name":"CustomerLastName",
                  "in":"path",
                  "allowMultiple":false,
                  "required":true,
                  "type":"string"
               },
               {
                  "name":"DeliveryPeriod",
                  "in":"path",
                  "allowMultiple":false,
                  "required":true,
                  "type":"string"
               },
               {
                  "name":"StartRowIndex",
                  "in":"path",
                  "allowMultiple":false,
                  "required":true,
                  "type":"string"
               },
               {
                  "name":"RowCount",
                  "in":"path",
                  "allowMultiple":false,
                  "required":true,
                  "type":"string"
               }
            ],
            "summary":"Get employee's deliveries data on base of employee id, customer last name and delivery period.",
            "x-auth-type":"Application & Application User",
            "x-throttling-tier":"Unlimited"
         }
      }
   },
   "info":{
      "title":"Delivery",
      "version":"1.0"
   },
   "securityDefinitions":{
      "default":{
         "type":"oauth2",
         "authorizationUrl":"https://10.3.235.7:8245/authorize",
         "flow":"implicit",
         "scopes":{

         }
      }
   },
   "basePath":"/ggmd/delivery/1.0",
   "host":"10.3.235.7:8245",
   "schemes":[
      "https",
      "http"
   ]
}