<?xml version="1.0" encoding="UTF-8"?>
<task class="org.apache.synapse.startup.tasks.MessageInjector" group="synapse.simple.quartz" name="FileSplitterScheduler" xmlns="http://ws.apache.org/ns/synapse">
    <trigger cron="0 0 0/1 1/1 * ? *"/>
    <property name="format" value="soap11" xmlns:task="http://www.wso2.org/products/wso2commons/tasks"/>
    <property name="to" value="DELIVERY_FILE_SPLITTER_URI/services/DeliveryFileSplitter" xmlns:task="http://www.wso2.org/products/wso2commons/tasks"/>
    <property name="proxyName" value="DeliveryFileSplitter" xmlns:task="http://www.wso2.org/products/wso2commons/tasks"/>
    <property name="soapAction" value="urn:mediate" xmlns:task="http://www.wso2.org/products/wso2commons/tasks"/>
    <property name="message" xmlns:task="http://www.wso2.org/products/wso2commons/tasks">
        <m0:Message xmlns:m0="http://services.samples">
            <m0:request>
                <m0:data>File Splitter Scheduler</m0:data>
            </m0:request>
        </m0:Message>
    </property>
    <property name="injectTo" value="proxy" xmlns:task="http://www.wso2.org/products/wso2commons/tasks"/>
</task>
