<?xml version="1.0" encoding="UTF-8"?>
<sequence name="ConvertPlainXMLToDataXML" trace="disable" xmlns="http://ws.apache.org/ns/synapse">
    <call-template description="Log-INFO" target="gov:com/commons/util/v1/templates/LoggerTemplate.xml">
        <with-param name="SequenceName" value="ConvertPlainXMLToDataXML"/>
        <with-param name="Message" value="Going to convert  Plain XML to Data service Request"/>
        <with-param name="LogLevel" value="INFO"/>
    </call-template>
    <xslt description="ConvertPlainXMLToDataXML" key="gov:nl/ggmd/service/delivery/v1/xslt/ConvertPlainXMLToDataServiceRequest.xslt">
        <resource key="gov:nl/ggmd/service/delivery/v1/xslt/ConvertPlainXMLToDataServiceRequest.xslt" location="gov:nl/ggmd/service/delivery/v1/xslt/ConvertPlainXMLToDataServiceRequest.xslt"/>
    </xslt>
    <call-template description="Log-INFO" target="gov:com/commons/util/v1/templates/LoggerTemplate.xml">
        <with-param name="SequenceName" value="ConvertPlainXMLToDataXML"/>
        <with-param name="Message" value="Converted Plain XML to Data service Request successfully."/>
        <with-param name="LogLevel" value="INFO"/>
    </call-template>
</sequence>
