<?xml version="1.0" encoding="UTF-8"?>
<sequence name="DeliveriesFileProcessingFaultSequence" trace="disable" xmlns="http://ws.apache.org/ns/synapse">
    <payloadFactory description="ErrorMessage" media-type="xml">
        <format>
            <err:Error xmlns:err="http://ws.apache.org/ns/synapse">
                <Header>
                    <CMMHeader>
                        <MessageTimeStamp>$5</MessageTimeStamp>
                        <MessageId>$6</MessageId>
                        <ComponentId>DeliveriesFileAdapter</ComponentId>
                        <From>$1</From>
                        <To>$2</To>
                        <Operation>CreateDelivery</Operation>
                        <Domain>GGMD</Domain>
                    </CMMHeader>
                </Header>
                <ErrorCode>$7</ErrorCode>
                <ErrorMessage>$3</ErrorMessage>
                <ErrorDetail>$6</ErrorDetail>
                <ErrorException>$4</ErrorException>
            </err:Error>
        </format>
        <args>
            <arg evaluator="xml" expression="get-property('MessageFrom')"/>
            <arg evaluator="xml" expression="get-property('MessageDestination')"/>
            <arg evaluator="xml" expression="get-property('ERROR_MESSAGE')"/>
            <arg evaluator="xml" expression="get-property('ERROR_EXCEPTION')"/>
            <arg evaluator="xml" expression="current-dateTime()"/>
            <arg evaluator="xml" expression="get-property('ERROR_DETAIL')"/>
            <arg evaluator="xml" expression="get-property('ERROR_CODE')"/>
            <arg evaluator="xml" expression="get-property('MessageID')"/>
        </args>
    </payloadFactory>
    <log category="ERROR" level="full" separator="---=== Fault Sequence CreateDelivery ===---"/>
    <property name="OUT_ONLY" scope="default" type="STRING" value="true"/>
    <call>
        <endpoint key="gov:nl/ggmd/service/delivery/v1/endpoint/ErrorQueueEndpoint.xml"/>
    </call>
</sequence>
