<?xml version="1.0" encoding="UTF-8"?>
<sequence name="DeliveriesInSequence" trace="disable" xmlns="http://ws.apache.org/ns/synapse">
    <call-template description="LogINFO" target="gov:com/commons/util/v1/templates/LoggerTemplate.xml">
        <with-param name="SequenceName" value="DeliveriesInSequence"/>
        <with-param name="Message" value="Deliveries File Processing InSequence Started"/>
        <with-param name="LogLevel" value="INFO"/>
    </call-template>
    <sequence key="TransformDeliveriesCSVRecordIntoXML"/>
    <iterate expression="//Deliveries/Delivery" id="ggmd_deliveries" sequential="true" xmlns:ns="http://org.apache.synapse/xsd">
        <target>
            <sequence>
                <filter xpath="//client_id!=''">
                    <then>
                        <filter xpath="//direct_time!='' and //direct_time!='0'">
                            <then>
                                <log separator="--=== Check Criteria for product_id field ===---"/>
                                <filter xpath="//*[local-name()='product_id'] = '2499' or //*[local-name()='product_id'] = '1103' or //*[local-name()='product_id'] = '2500'">
                                    <then>
                                        <log separator="--=== product_id filter matched ===---"/>
                                        <sequence key="ConvertPlainXMLToDataXML"/>
                                        <sequence key="SendDeliveriesMessageToDataService"/>
                                    </then>
                                    <else>
                                        <log separator="--=== product_id filter does not matched ===---"/>
                                        <sequence key="DiscardDeliveriesMessage"/>
                                    </else>
                                </filter>
                            </then>
                            <else>
                                <filter xpath="//indirect_time!='' and //indirect_time!='0'">
                                    <then>
                                        <log description="Log-INFO" level="full" separator="--=== Check Criteria for product_id field ===---"/>
                                        <filter xpath="//*[local-name()='product_id'] = '2499' or //*[local-name()='product_id'] = '1103' or //*[local-name()='product_id'] = '2500'">
                                            <then>
                                                <log separator="--=== product_id filter matched ===---"/>
                                                <sequence key="ConvertPlainXMLToDataXML"/>
                                                <sequence key="SendDeliveriesMessageToDataService"/>
                                            </then>
                                            <else>
                                                <log separator="--=== product_id filter does not matched ===---"/>
                                                <sequence key="DiscardDeliveriesMessage"/>
                                            </else>
                                        </filter>
                                    </then>
                                    <else>
                                        <log separator="--=== Indirect/Direct time is either 0 or empty ===---"/>
                                        <sequence key="DiscardDeliveriesMessage"/>
                                    </else>
                                </filter>
                            </else>
                        </filter>
                    </then>
                    <else>
                        <log separator="--=== Drop. Client Id is 0 or null ===---"/>
                        <sequence key="DiscardDeliveriesMessage"/>
                    </else>
                </filter>
            </sequence>
        </target>
    </iterate>
</sequence>
