<?xml version="1.0" encoding="UTF-8"?>
<sequence name="DiscardDeliveriesMessage" trace="disable" xmlns="http://ws.apache.org/ns/synapse">
    <call-template description="LogINFO" target="gov:com/commons/util/v1/templates/LoggerTemplate.xml">
        <with-param name="SequenceName" value="DiscardDeliveriesMessage"/>
        <with-param name="Message" value="Going to write the discarded message on file."/>
        <with-param name="LogLevel" value="INFO"/>
    </call-template>
    <call-template description="LogINFO" target="gov:com/commons/util/v1/templates/LoggerTemplate.xml">
        <with-param name="SequenceName" value="DiscardDeliveriesMessage"/>
        <with-param name="Message" value="Going to transform delivery request to disgardrd contract request."/>
        <with-param name="LogLevel" value="INFO"/>
    </call-template>
    <log separator="========--------Going to transform delivery request to disgardrd contract request-------========="/>
    <xslt key="gov:nl/ggmd/service/delivery/v1/xslt/ConvertDeliveryXMLToDisgardedDeliveryDataService.xslt">
        <resource key="gov:nl/ggmd/service/delivery/v1/xslt/ConvertDeliveryXMLToDisgardedDeliveryDataService.xslt" location="gov:nl/ggmd/service/delivery/v1/xslt/ConvertDeliveryXMLToDisgardedDeliveryDataService.xslt"/>
    </xslt>
    <log separator="========--------After Transformation-------========="/>
    <call-template target="gov:com/commons/util/v1/templates/LoggerTemplate.xml">
        <with-param name="SequenceName" value="DiscardDeliveriesMessage"/>
        <with-param name="Message" value="Going to Send Message to Discarded Delivery Data Service."/>
        <with-param name="LogLevel" value="INFO"/>
    </call-template>
    <log separator="========--------Before Sending Message to Contract Data Service-------========="/>
    <call-template target="gov:com/commons/util/v1/templates/LoggerTemplate.xml">
        <with-param name="SequenceName" value="DiscardDeliveriesMessage"/>
        <with-param name="Message" value="Successfully sent message to Delivery Data Service."/>
        <with-param name="LogLevel" value="INFO"/>
    </call-template>
    <header name="Action" scope="default" value="urn:CreateDiscardedDelivery"/>
    <call>
        <endpoint>
            <address format="soap11" uri="http://localhost:8280/services/DiscardedDelivery"/>
        </endpoint>
    </call>
    <log level="full" separator="========--------Response received from Discarded Delivery Data Service-------========="/>
    <filter xmlns:ns="http://org.apache.synapse/xsd" xpath="//*[local-name()='faultstring']">
        <then>
            <call-template target="gov:com/commons/util/v1/templates/LoggerTemplate.xml">
                <with-param name="SequenceName" value="DiscardDeliveriesMessage"/>
                <with-param name="Message" value="Failure response received from Discarded Delivery Data Service."/>
                <with-param name="LogLevel" value="INFO"/>
            </call-template>
            <call-template target="gov:com/commons/util/v1/templates/LoggerTemplate.xml">
                <with-param name="SequenceName" value="DiscardDeliveriesMessage"/>
                <with-param name="Message" value="Message sent to Error Queue."/>
                <with-param name="LogLevel" value="INFO"/>
            </call-template>
            <property name="OUT_ONLY" scope="default" type="STRING" value="true"/>
            <call>
                <endpoint>
                    <address format="pox" uri="jms:/GGMD.DiscardedDelivery.Error.Queue.01?transport.jms.ConnectionFactoryJNDIName=QueueConnectionFactory&amp;java.naming.factory.initial=org.apache.activemq.jndi.ActiveMQInitialContextFactory&amp;java.naming.provider.url=tcp://localhost:61616&amp;transport.jms.DestinationType=queue"/>
                </endpoint>
            </call>
        </then>
        <else>
            <call-template target="gov:com/commons/util/v1/templates/LoggerTemplate.xml">
                <with-param name="SequenceName" value="DiscardDeliveriesMessage"/>
                <with-param name="Message" value="Success response received from Discarded Delivery Data Service."/>
                <with-param name="LogLevel" value="INFO"/>
            </call-template>
        </else>
    </filter>
</sequence>
