<?xml version="1.0" encoding="UTF-8"?><artifacts>
    <artifact name="AlertRoutingService" groupId="com.example.AlertRoutingServiceESB.proxy-service" version="1.0.0" type="synapse/proxy-service" serverRole="EnterpriseServiceBus">
        <file>src/main/synapse-config/proxy-services/AlertRoutingService.xml</file>
    </artifact>
    <artifact name="AlertRoutingService_01_SendMessageToDynamicTopicsInSequence_01" groupId="com.example.AlertRoutingServiceESB.sequence" version="1.0.0" type="synapse/sequence" serverRole="EnterpriseServiceBus">
        <file>src/main/synapse-config/sequences/AlertRoutingService_01_SendMessageToDynamicTopicsInSequence_01.xml</file>
    </artifact>
    <artifact name="AlertRoutingService_01_SendMessageToDynamicTopicsOutSequence_01" groupId="com.example.AlertRoutingServiceESB.sequence" version="1.0.0" type="synapse/sequence" serverRole="EnterpriseServiceBus">
        <file>src/main/synapse-config/sequences/AlertRoutingService_01_SendMessageToDynamicTopicsOutSequence_01.xml</file>
    </artifact>
</artifacts>
