<?xml version="1.0" encoding="UTF-8"?>
<api context="/IdentityManagementAPI" name="IdentityManagementAPI_01" xmlns="http://ws.apache.org/ns/synapse">
  <resource
    faultSequence="IdentityManagementAPI_01_AuthenticateIdentityManagementFaultSequence_01"
    methods="POST" protocol="http" url-mapping="/authenticateusers">
    <inSequence>
      <sequence key="IdentityManagementAPI_01_AuthenticateIdentityManagementInSequence_01"/>
    </inSequence>
    <outSequence>
      <sequence key="IdentityManagementAPI_01_AuthenticateIdentityManagementOutSequence_01"/>
    </outSequence>
  </resource>
  <resource
    faultSequence="IdentityManagementAPI_01_DeleteUserIdentityManagementFaultSequence_01"
    methods="POST" protocol="http" uri-template="/users/delete">
    <inSequence>
      <sequence key="IdentityManagementAPI_01_DeleteUserIdentityManagementInSequence_01"/>
    </inSequence>
    <outSequence>
      <sequence key="IdentityManagementAPI_01_DeleteUserIdentityManagementOutSequence_01"/>
    </outSequence>
  </resource>
  <resource
    faultSequence="IdentityManagementAPI_01_CreateUserIdentityManagementFaultSequence_01"
    methods="POST" protocol="http" url-mapping="/users">
    <inSequence>
      <sequence key="IdentityManagementAPI_01_CreateUserIdentityManagementInSequence_01"/>
    </inSequence>
    <outSequence>
      <sequence key="IdentityManagementAPI_01_CreateUserIdentityManagementOutSequence_01"/>
    </outSequence>
  </resource>
  <resource
    faultSequence="IdentityManagementAPI_01_GetUserIdentityManagementFaultSequence_01"
    methods="POST" protocol="http" uri-template="/users/get">
    <inSequence>
      <sequence key="IdentityManagementAPI_01_GetUserIdentityManagementInSequence_01"/>
    </inSequence>
    <outSequence>
      <sequence key="IdentityManagementAPI_01_GetUserIdentityManagementOutSequence_01"/>
    </outSequence>
  </resource>
  <resource
    faultSequence="IdentityManagementAPI_01_UpdateUserIdentityManagementFaultSequence_01"
    methods="PUT" protocol="http" url-mapping="/users">
    <inSequence>
      <sequence key="IdentityManagementAPI_01_UpdateUserIdentityManagementInSequence_01"/>
    </inSequence>
    <outSequence>
      <sequence key="IdentityManagementAPI_01_UpdateUserIdentityManagementOutSequence_01"/>
    </outSequence>
  </resource>
  <resource
    faultSequence="IdentityManagementAPI_01_AssignRoleIdentityManagementFaultSequence_01"
    methods="PUT" protocol="http" url-mapping="/assignroles">
    <inSequence>
      <sequence key="IdentityManagementAPI_01_AssignRoleIdentityManagementInSequence_01"/>
    </inSequence>
    <outSequence>
      <sequence key="IdentityManagementAPI_01_AssignRoleIdentityManagementOutSequence_01"/>
    </outSequence>
  </resource>
  <resource
    faultSequence="IdentityManagementAPI_01_DeleteRoleIdentityManagementFaultSequence_01"
    methods="DELETE" protocol="http" uri-template="/roles/{RoleName}">
    <inSequence>
      <sequence key="IdentityManagementAPI_01_DeleteRoleIdentityManagementInSequence_01"/>
    </inSequence>
    <outSequence>
      <sequence key="IdentityManagementAPI_01_DeleteRoleIdentityManagementOutSequence_01"/>
    </outSequence>
  </resource>
  <resource
    faultSequence="IdentityManagementAPI_01_CreateRoleIdentityManagementFaultSequence_01"
    methods="POST" protocol="http" url-mapping="/roles">
    <inSequence>
      <sequence key="IdentityManagementAPI_01_CreateRoleIdentityManagementInSequence_01"/>
    </inSequence>
    <outSequence>
      <sequence key="IdentityManagementAPI_01_CreateRoleIdentityManagementOutSequence_01"/>
    </outSequence>
  </resource>
  <resource
    faultSequence="IdentityManagementAPI_01_CreateClientAdminFaultSequence_01"
    methods="POST" protocol="http" url-mapping="/users/clientadmin">
    <inSequence>
      <sequence key="IdentityManagementAPI_01_CreateClientAdminInSequence_01"/>
    </inSequence>
    <outSequence>
      <sequence key="IdentityManagementAPI_01_CreateClientAdminOutSequence_01"/>
    </outSequence>
  </resource>
  <resource
    faultSequence="IdentityManagementAPI_01_GetClientAdminListFaultSequence_01"
    methods="POST" protocol="http" url-mapping="/users/clientadmin/get">
    <inSequence>
      <sequence key="IdentityManagementAPI_01_GetClientAdminListInSequence_01"/>
    </inSequence>
    <outSequence>
      <sequence key="IdentityManagementAPI_01_GetClientAdminListOutSequence_01"/>
    </outSequence>
  </resource>
  <resource
    faultSequence="IdentityManagementAPI_01_GetRoleUserListFaultSequence_01"
    methods="GET" protocol="http" uri-template="/roles/{RoleName}">
    <inSequence>
      <sequence key="IdentityManagementAPI_01_GetRoleUserListInSequence_01"/>
    </inSequence>
    <outSequence>
      <sequence key="IdentityManagementAPI_01_GetRoleUserListOutSequence_01"/>
    </outSequence>
  </resource>
  <resource
    faultSequence="IdentityManagementAPI_01_GetClientAdminUserListFaultSequence_01"
    methods="POST" protocol="http" url-mapping="/users/clientadmin/list">
    <inSequence>
      <sequence key="IdentityManagementAPI_01_GetClientAdminUserListInSequence_01"/>
    </inSequence>
    <outSequence>
      <sequence key="IdentityManagementAPI_01_GetClientAdminUserListOutSequence_01"/>
    </outSequence>
  </resource>
  <resource
    faultSequence="IdentityManagementAPI_01_DeleteClientAdminFaultSequence_01"
    methods="POST" protocol="http" url-mapping="/users/clientadmin/delete">
    <inSequence>
      <sequence key="IdentityManagementAPI_01_DeleteClientAdminInSequence_01"/>
    </inSequence>
    <outSequence>
      <sequence key="IdentityManagementAPI_01_DeleteClientAdminOutSequence_01"/>
    </outSequence>
  </resource>
  <resource
    faultSequence="IdentityManagementAPI_01_ChangePasswordFaultSequence_01"
    methods="POST" protocol="http" url-mapping="/users/changepassword">
    <inSequence>
      <sequence key="IdentityManagementAPI_01_ChangePasswordInSequence_01"/>
    </inSequence>
    <outSequence>
      <sequence key="IdentityManagementAPI_01_ChangePasswordOutSequence_01"/>
    </outSequence>
  </resource>
</api>
