<?xml version="1.0" encoding="UTF-8"?>
<sequence name="GGMDKPIMonitorSetEmployeeFirstNameAndDesignation" trace="disable" xmlns="http://ws.apache.org/ns/synapse">
    <enrich description="FirstNameCheck">
        <source clone="true" property="EmployeeFirstName" type="property"/>
        <target xmlns:ns2="http://www.weintegrate.nl/ggmd/data/service/delivery" xpath="//ns2:CreateDelivery/ns2:EmployeeFirstName"/>
    </enrich>
    <enrich description="DepartmentName">
        <source clone="true" property="DepartmentName" type="property"/>
        <target xmlns:ns2="http://www.weintegrate.nl/ggmd/data/service/delivery" xpath="//ns2:CreateDelivery/ns2:EmployeeDepartment"/>
    </enrich>
    <enrich description="DesignationDescription">
        <source clone="true" property="DesignationDescription" type="property"/>
        <target xmlns:ns2="http://www.weintegrate.nl/ggmd/data/service/delivery" xpath="//ns2:CreateDelivery/ns2:EmployeeDesignation"/>
    </enrich>
    <enrich description="EmployeeNumberOfHoursPerWeek">
        <source clone="true" property="EmployeeNumberOfHoursPerWeek" type="property"/>
        <target xmlns:ns2="http://www.weintegrate.nl/ggmd/data/service/delivery" xpath="//ns2:CreateDelivery/ns2:EmployeeNumberOfHoursPerWeek"/>
    </enrich>
</sequence>
