<?xml version="1.0" encoding="UTF-8"?>
<sequence name="GGMDKPIMonitorGetPerformanceIndicatorFromPerformanceIndicatorData" trace="disable" xmlns="http://ws.apache.org/ns/synapse">
    <property expression="//*[local-name()='EmployeeDepartment']" name="EmployeeDepartment" scope="default" type="STRING"/>
    <property expression="//*[local-name()='EmployeeDesignation']" name="EmployeeDesignation" scope="default" type="STRING"/>
    <payloadFactory description="PayloadForGetPerformanceIndicatorRequest" media-type="xml">
        <format>
            <this:GetPerformanceIndicatorByDepartmentNameAndDesignation xmlns:this="http://ws.wso2.org/dataservice">
                <this:DepartmentName>$1</this:DepartmentName>
                <this:Designation>$2</this:Designation>
            </this:GetPerformanceIndicatorByDepartmentNameAndDesignation>
        </format>
        <args>
            <arg evaluator="xml" expression="get-property('EmployeeDepartment')"/>
            <arg evaluator="xml" expression="get-property('EmployeeDesignation')"/>
        </args>
    </payloadFactory>
    <property description="ContentType" name="ContentType" scope="axis2" type="STRING" value="application/xml"/>
    <property description="messageType" name="messageType" scope="axis2" type="STRING" value="application/xml"/>
    <header name="Accept" scope="transport" value="application/xml"/>
    <header name="Action" scope="default" value="urn:GetPerformanceIndicatorByDepartmentNameAndDesignation"/>
    <property description="OUT_ONLY" name="OUT_ONLY" scope="default" type="STRING" value="false"/>
    <call>
        <endpoint key="gov:nl/ggmd/service/delivery/v1/endpoints/GGMDKPIMonitorPerformanceIndicatorDataServiceEP.xml"/>
    </call>
    <filter description="IfPerformanceIndicatorExists" xpath="//*[local-name()='PerformanceIndicator']!=''">
        <then>
            <property description="PerformanceIndicatorResponse" name="PerformanceIndicatorResponse" scope="default" type="STRING" value="true"/>
            <property description="StorePerformanceIndicator" expression="//*[local-name()='PerformanceIndicator']" name="PerformanceIndicator" scope="default" type="STRING"/>
        </then>
        <else>
            <property description="PerformanceIndicatorResponse" name="PerformanceIndicatorResponse" scope="default" type="STRING" value="false"/>
        </else>
    </filter>
</sequence>
