<?xml version="1.0" encoding="UTF-8"?>
<sequence name="GGMDKPIMonitorDeliveryFileProcessingInSequence" trace="disable" xmlns="http://ws.apache.org/ns/synapse">
    <sequence key="TransformCSVToXML"/>
    <iterate expression="//Deliveries/Delivery" id="ggmdkpimonitor_deliveries" sequential="true">
        <target>
            <sequence>
                <sequence key="GGMDKPIMonitorAddDiscardAttribute"/>
                <sequence key="GGMDKPIMonitorAddReasonForDiscardingAttribute"/>
                <property description="AppointmentTime" expression="//*[local-name()='appointment_time']" name="AppointmentTime" scope="default" type="STRING"/>
                <property description="caretaker_employee_codes" expression="//*[local-name()='caretaker_employee_codes']" name="caretaker_employee_codes" scope="default" type="STRING"/>
                <property description="direct_time" expression="//direct_time" name="DIRECT_TIME" scope="default" type="INTEGER"/>
                <property description="indirect_time" expression="//indirect_time" name="INDIRECT_TIME" scope="default" type="INTEGER"/>
                <property description="product_id" expression="//product_id" name="Product_ID" scope="default" type="STRING"/>
                <log description="Product_ID" level="custom">
                    <property expression="get-property('Product_ID')" name="Product_ID"/>
                </log>
                <property description="ActivityCode" expression="//activity_default_reporting_code" name="ActivityCode" scope="default" type="STRING"/>
                <sequence key="SetTheFinanceCodeSEQ"/>
                <filter xpath="//direct_time='' or //direct_time='0'">
                    <then>
                        <filter xpath="//indirect_time='' or //indirect_time='0'">
                            <then>
                                <sequence key="GGMDKPIMonitorPreserveOriginalPayload"/>
                                <sequence key="GGMDKPIMonitorCheckActivityId"/>
                                <sequence key="GGMDKPIMonitorReplaceMsgBodyWithDeliveryPayload"/>
                                <switch source="get-property('isActivityIdPresent')">
                                    <case regex="true">
                                        <sequence key="GGMDKPIMonitorCalculateBillableTime"/>
                                        <sequence key="GGMDKPIMonitorPreserveOriginalPayload"/>
                                        <sequence key="GGMDKPIMonitorLookUpWorkActivityIdConfigurationFile"/>
                                    </case>
                                    <case regex="false">
                                        <sequence key="GGMDKPIMonitorMarkDeliveryasDiscarded"/>
                                        <property description="ReasonForDiscarding" name="REASON_FOR_DISCARDING" scope="default" type="STRING" value="NothingDelivered"/>
                                        <sequence key="GGMDKPIMonitorAddReasonForDiscarding"/>
                                    </case>
                                    <default/>
                                </switch>
                            </then>
                            <else>
                                <sequence key="GGMDKPIMonitorCalculateBillableTime"/>
                                <sequence key="GGMDKPIMonitorPreserveOriginalPayload"/>
                                <sequence key="GGMDKPIMonitorLookUpWorkActivityIdConfigurationFile"/>
                            </else>
                        </filter>
                    </then>
                    <else>
                        <sequence key="GGMDKPIMonitorCalculateBillableTime"/>
                        <sequence key="GGMDKPIMonitorPreserveOriginalPayload"/>
                        <sequence key="GGMDKPIMonitorLookUpWorkActivityIdConfigurationFile"/>
                    </else>
                </filter>
                <sequence key="GGMDKPIMonitorMapDeliveryDataToCreateDeliveryRequest"/>
                <filter xpath="//*[local-name()='IsDeliveryDiscarded'] = 'true'">
                    <then>
                        <sequence key="GGMDKPIMonitorSendCreateDeliveryRequestToDeliveryDataService"/>
                    </then>
                    <else>
                        <sequence key="GGMDKPIMonitorSetBillableTimeHoursWorkedAndHoursLeave"/>
                        <sequence key="GGMDKPIMonitorMatchDeliveryPeriods"/>
                        <sequence key="GGMDKPIMonitorSetContractIds"/>
                        <sequence key="GGMDKPIMonitorCalculateVolumeAssignedByContract"/>
                        <sequence key="GGMDKPIMonitorPreserveOriginalPayload"/>
                        <sequence key="GGMDKPIMonitorGetEmployeeData"/>
                    </else>
                </filter>
            </sequence>
        </target>
    </iterate>
</sequence>
