<?xml version="1.0" encoding="UTF-8"?>
<sequence name="GGMDKPIMonitorSetContractIds" trace="disable" xmlns="http://ws.apache.org/ns/synapse">
    <property description="GetCustomerIdentifier" expression="//*[local-name()='CustomerIdentifier']" name="CustomerIdentifier" scope="default" type="STRING"/>
    <property description="GetDeliveryDate" expression="//*[local-name()='DeliveryDate']" name="DeliveryDate" scope="default" type="STRING"/>
    <sequence key="GGMDKPIMonitorPreserveOriginalPayload"/>
    <sequence key="GGMDKPIMonitorGetContractsByCustomerIdFromContractDataService"/>
    <filter description="" xpath="//*[local-name()='Contract'] != ''">
        <then>
            <property description="GetAllContracts" expression="//*[local-name()='Contracts']" name="ContractsResponse" scope="default" type="STRING"/>
            <script description="CalculateContractsCount" language="js"><![CDATA[var contracts = mc.getPayloadXML()..*::Contract;
	   var count = contracts.length();
	   mc.setProperty("ContractCount", count);]]></script>
        </then>
        <else>
            <property description="SetContractCountToZero" name="ContractCount" scope="default" type="STRING" value="0.0"/>
        </else>
    </filter>
    <filter regex="true" source="get-property('ContractCount') != '0.0'">
        <then>
            <filter description="" regex="true" source="get-property('ContractCount') != '1.0'">
                <then>
                    <sequence key="GGMDKPIMonitorReplaceMsgBodyWithDeliveryPayload"/>
                    <sequence key="GGMDKPIMonitorGetContractForStartDateByDeliveryDateFromContractDataService"/>
                    <script language="js"><![CDATA[var contracts = mc.getPayloadXML()..*::Contract;
					   var count = contracts.length();
					   mc.setProperty("ContractCountForStartDate", count);]]></script>
                    <!-- <log level="custom"> <property expression="get-property('ContractCountForStartDate')" 
						name="ContractCountForStartDate"/> </log> -->
                    <filter regex="true" source="get-property('ContractCountForStartDate') != '0.0'">
                        <then>
                            <filter description="" regex="true" source="get-property('ContractCountForStartDate') != '1.0'">
                                <then>
                                    <sequence key="GGMDKPIMonitorGetContractForEndDateByDeliveryDateFromContractDataService"/>
                                    <script language="js"><![CDATA[var contracts = mc.getPayloadXML()..*::Contract;
									   var count = contracts.length();
									   mc.setProperty("ContractCountForEndDate", count);]]></script>
                                    <filter regex="true" source="get-property('ContractCountForEndDate') != '0.0'">
                                        <then>
                                            <filter description="" regex="true" source="get-property('ContractCountForEndDate') != '1.0'">
                                                <then>
                                                    <sequence key="GGMDKPIMonitorReplaceMsgBodyWithDeliveryPayload"/>
                                                    <sequence key="GGMDKPIMonitorMarkCDMDeliveryAsDiscarded"/>
                                                    <property name="REASON_FOR_DISCARDING" scope="default" type="STRING" value="NotOnePossibleContract"/>
                                                    <sequence key="GGMDKPIMonitorAddReasonForDiscardingToCDMDelivery"/>
                                                </then>
                                                <else>
                                                    <property description="SET_CONTRACTIDBASEDONENDDATE" expression="//*[local-name()='ContractId']" name="ContractIdRetrievedViaEndDateCheck" scope="default" type="STRING"/>
                                                    <property description="SET_DELIVERYPERIOD" expression="//*[local-name()='DeliveryPeriod']" name="DeliveryPeriod" scope="default" type="STRING"/>
                                                    <property description="SET_CONTRACTSTARTDATE" expression="//*[local-name()='ContractStartDate']" name="ContractStartDate" scope="default" type="STRING"/>
                                                    <property description="SET_CONTRACTENDDATE" expression="//*[local-name()='ContractEndDate']" name="ContractEndDate" scope="default" type="STRING"/>
                                                    <property description="SET_VOLUMEPERDELIVERYPERIOD" expression="//*[local-name()='VolumePerDeliveryPeriod']" name="VolumePerDeliveryPeriod" scope="default" type="STRING"/>
                                                    <property description="SET_CUSTOMERREGION" expression="//*[local-name()='CustomerRegion']" name="CustomerRegion" scope="default" type="STRING"/>
                                                    <property description="SET_CUSTOMERAGE" expression="//*[local-name()='CustomerAge']" name="CustomerAge" scope="default" type="SHORT"/>
                                                    <sequence key="GGMDKPIMonitorReplaceMsgBodyWithDeliveryPayload"/>
                                                    <sequence key="GGMDKPIMonitorSetContractIdForEndDate"/>
                                                    <sequence key="GGMDKPIMonitorSetCustomerRegion"/>
                                                </else>
                                            </filter>
                                        </then>
                                        <else>
                                            <sequence key="GGMDKPIMonitorReplaceMsgBodyWithDeliveryPayload"/>
                                            <sequence key="GGMDKPIMonitorMarkCDMDeliveryAsDiscarded"/>
                                            <property name="REASON_FOR_DISCARDING" scope="default" type="STRING" value="NotOnePossibleContract"/>
                                            <sequence key="GGMDKPIMonitorAddReasonForDiscardingToCDMDelivery"/>
                                        </else>
                                    </filter>
                                </then>
                                <else>
                                    <property description="SET_CONTRACTIDBASEDONSTARTDATE" expression="//*[local-name()='ContractId']" name="ContractIdRetrievedViaStartDateCheck" scope="default" type="STRING"/>
                                    <property description="SET_DELIVERYPERIOD" expression="//*[local-name()='DeliveryPeriod']" name="DeliveryPeriod" scope="default" type="STRING"/>
                                    <property description="SET_CONTRACTSTARTDATE" expression="//*[local-name()='ContractStartDate']" name="ContractStartDate" scope="default" type="STRING"/>
                                    <property description="SET_CONTRACTENDDATE" expression="//*[local-name()='ContractEndDate']" name="ContractEndDate" scope="default" type="STRING"/>
                                    <property description="SET_VOLUMEPERDELIVERYPERIOD" expression="//*[local-name()='VolumePerDeliveryPeriod']" name="VolumePerDeliveryPeriod" scope="default" type="STRING"/>
                                    <property description="SET_CUSTOMERREGION" expression="//*[local-name()='CustomerRegion']" name="CustomerRegion" scope="default" type="STRING"/>
                                    <sequence key="GGMDKPIMonitorReplaceMsgBodyWithDeliveryPayload"/>
                                    <sequence key="GGMDKPIMonitorSetContractIdForStartDate"/>
                                    <sequence key="GGMDKPIMonitorSetCustomerRegion"/>
                                </else>
                            </filter>
                        </then>
                        <else>
                            <sequence key="GGMDKPIMonitorReplaceMsgBodyWithDeliveryPayload"/>
                            <sequence key="GGMDKPIMonitorMarkCDMDeliveryAsDiscarded"/>
                            <property name="REASON_FOR_DISCARDING" scope="default" type="STRING" value="NoPossibleContractId"/>
                            <sequence key="GGMDKPIMonitorAddReasonForDiscardingToCDMDelivery"/>
                        </else>
                    </filter>
                </then>
                <else>
                    <property description="SET_CONTRACTID" expression="//*[local-name()='ContractId']" name="MyContractId" scope="default" type="STRING"/>
                    <property description="SET_DELIVERYPERIOD" expression="//*[local-name()='DeliveryPeriod']" name="DeliveryPeriod" scope="default" type="STRING"/>
                    <property description="SET_CONTRACTSTARTDATE" expression="//*[local-name()='ContractStartDate']" name="ContractStartDate" scope="default" type="STRING"/>
                    <property description="SET_CONTRACTENDDATE" expression="//*[local-name()='ContractEndDate']" name="ContractEndDate" scope="default" type="STRING"/>
                    <property description="SET_VOLUMEPERDELIVERYPERIOD" expression="//*[local-name()='VolumePerDeliveryPeriod']" name="VolumePerDeliveryPeriod" scope="default" type="STRING"/>
                    <property description="SET_CUSTOMERREGION" expression="//*[local-name()='CustomerRegion']" name="CustomerRegion" scope="default" type="STRING"/>
                    <sequence key="GGMDKPIMonitorReplaceMsgBodyWithDeliveryPayload"/>
                    <enrich description="SetContractId">
                        <source clone="true" property="MyContractId" type="property"/>
                        <target xmlns:ns2="http://www.weintegrate.nl/ggmd/data/service/delivery" xpath="//ns2:CreateDelivery/ns2:ContractId"/>
                    </enrich>
                    <sequence key="GGMDKPIMonitorSetCustomerRegion"/>
                </else>
            </filter>
        </then>
        <else>
            <sequence key="GGMDKPIMonitorReplaceMsgBodyWithDeliveryPayload"/>
            <sequence key="GGMDKPIMonitorMarkCDMDeliveryAsDiscarded"/>
            <property name="REASON_FOR_DISCARDING" scope="default" type="STRING" value="NoPossibleContractId"/>
            <sequence key="GGMDKPIMonitorAddReasonForDiscardingToCDMDelivery"/>
        </else>
    </filter>
    <filter description="IS_FINANCE_CODE_NONE" xpath="get-property('FinanceCode') = 'NONE'">
        <then>
            <filter description="IS_CUSTOMER_UNDER_18" xpath="get-property('CustomerAge') > 18">
                <then>
                    <enrich description="SetDeliveryType">
                        <source clone="true" property="FinanceCode" type="property"/>
                        <target xmlns:ns2="http://www.weintegrate.nl/ggmd/data/service/delivery" xpath="//ns2:CreateDelivery/ns2:DeliveryType"/>
                    </enrich>
                </then>
                <else>
                    <property description="DeliveryType" name="DeliveryType" scope="default" type="STRING" value="JeugdWet"/>
                    <enrich description="SetDeliveryType">
                        <source clone="true" property="DeliveryType" type="property"/>
                        <target xmlns:ns2="http://www.weintegrate.nl/ggmd/data/service/delivery" xpath="//ns2:CreateDelivery/ns2:DeliveryType"/>
                    </enrich>
                </else>
            </filter>
        </then>
        <else>
            <enrich description="SetDeliveryType">
                <source clone="true" property="FinanceCode" type="property"/>
                <target xmlns:ns2="http://www.weintegrate.nl/ggmd/data/service/delivery" xpath="//ns2:CreateDelivery/ns2:DeliveryType"/>
            </enrich>
        </else>
    </filter>
</sequence>
