<?xml version="1.0" encoding="UTF-8"?>
<sequence name="GGMDKPIMonitorCheckActivityId" trace="disable" xmlns="http://ws.apache.org/ns/synapse">
    <property description="GetActivityId" expression="//activity_id" name="activity" scope="default" type="STRING"/>
    <payloadFactory description="GetConfigurationFile" media-type="xml">
        <format key="gov:nl/ggmd/service/delivery/v1/configurationfiles/WorkActivityIdConfigurations.xml"/>
        <args/>
    </payloadFactory>
    <payloadFactory description="TransformIntoJSON" media-type="json">
        <format>{ "ActivityIds" : $1 }</format>
        <args>
            <arg evaluator="xml" expression="$body"/>
        </args>
    </payloadFactory>
    <script description="CheckIfActivityIdExist" language="js"><![CDATA[var payload = mc.getPayloadJSON();
		var array = payload.ActivityIds.Body.root.ActivityId;
		var key = mc.getProperty("activity");
		var flag = false;
		for(var index=0 ; index < array.length; index++){
			if(key == array[index]){
			   flag = true;
		           break; 
		        } else {
		          flag = false;
		        }
		   }
		mc.setProperty('isActivityIdPresent', flag);]]></script>
    <!-- <log level="custom">
    <property expression="get-property('isActivityIdPresent')" name="CheckActivityIdPresent"/>
  </log> -->
</sequence>
