<?xml version="1.0" encoding="UTF-8"?>
<sequence name="GGMDKPIEmployeeNormDeviationCalculations" trace="disable" xmlns="http://ws.apache.org/ns/synapse">
    <property expression="//*[local-name()='EmployeeId']" name="EmployeeId" scope="default" type="STRING"/>
    <sequence key="GGMDKPIMonitorPreserveOriginalPayload"/>
    <payloadFactory description="GetConfigurationFile" media-type="xml">
        <format key="gov:nl/ggmd/service/delivery/v1/configurationfiles/GGMDKPIEmployeeNormDeviationConfigurations.xml"/>
        <args/>
    </payloadFactory>
    <filter xmlns:ns="http://org.apache.synapse/xsd" xpath="//Deviation/EmployeeId[text()= $ctx:EmployeeId] = $ctx:EmployeeId">
        <then>
            <property expression="//Deviation/EmployeeId[text()= $ctx:EmployeeId ]/following-sibling::NormDeviation[1]/text()" name="DeviationNorm" scope="default" type="STRING"/>
        </then>
        <else>
            <property name="DeviationNorm" scope="default" type="STRING" value="0"/>
        </else>
    </filter>
    <sequence key="GGMDKPIMonitorReplaceMsgBodyWithDeliveryPayload"/>
</sequence>
