<?xml version="1.0" encoding="UTF-8"?>
<sequence name="GGMDKPIMonitorUpdateTotalDeliveredPerDeliveryPeriod" trace="disable" xmlns="http://ws.apache.org/ns/synapse">
    <property expression="fn:substring-before(get-property('TotalDeliveredPerDeliveryPeriod'),'.')" name="MyTotalDeliveredPerDeliveryPeriod" scope="default" type="STRING"/>
    <payloadFactory description="SetPayloadForTotalDeliveredPerDeliveryPeriod" media-type="xml">
        <format>
            <this:UpdateTotalDeliveredPerDeliveryPeriod xmlns:this="http://www.weintegrate.nl/ggmd/data/service/delivery">
                <this:TotalDeliveredPerDeliveryPeriod>$1</this:TotalDeliveredPerDeliveryPeriod>
                <this:CustomerIdentifier>$2</this:CustomerIdentifier>
                <this:DeliveryPeriod>$3</this:DeliveryPeriod>
            </this:UpdateTotalDeliveredPerDeliveryPeriod>
        </format>
        <args>
            <arg evaluator="xml" expression="get-property('MyTotalDeliveredPerDeliveryPeriod')"/>
            <arg evaluator="xml" expression="$ctx:CustomerIdentifier"/>
            <arg evaluator="xml" expression="$ctx:FinalPeriod"/>
        </args>
    </payloadFactory>
    <property description="ContentType" name="ContentType" scope="axis2" type="STRING" value="application/xml"/>
    <property description="messageType" name="messageType" scope="axis2" type="STRING" value="application/xml"/>
    <header name="Accept" scope="transport" value="application/xml"/>
    <header name="Action" scope="default" value="urn:UpdateTotalDeliveredPerDeliveryPeriod"/>
    <property description="OUT_ONLY" name="OUT_ONLY" scope="default" type="STRING" value="false"/>
    <log level="custom" separator="==-  REQUEST -=="/>
    <call>
        <endpoint key="gov:nl/ggmd/service/delivery/v1/endpoints/GGMDKPIMonitorDeliveryDataServiceEP.xml"/>
    </call>
    <filter xpath="//*[local-name()='UpdatedRowCount']!=''">
        <then/>
        <else>
            <log category="ERROR" description="LogFailure" level="full" separator="-------------- Coudn't Update TotalDeliveryPerDeliveryPeriod --------------"/>
            <sequence key="GGMDKPIMonitorReplaceMsgBodyWithDeliveryPayload"/>
            <sequence key="GGMDKPIMonitorMarkCDMDeliveryAsDiscarded"/>
            <property name="REASON_FOR_DISCARDING" scope="default" type="STRING" value="NoValidTotalDeliveryPerDeliveryPeriod"/>
            <sequence key="GGMDKPIMonitorAddReasonForDiscardingToCDMDelivery"/>
            <sequence key="GGMDKPIMonitorSendCreateDeliveryRequestToDeliveryDataService"/>
            <sequence key="GGMDKPIMonitorSendMessageToErrorQueue"/>
        </else>
    </filter>
</sequence>
