<?xml version="1.0" encoding="UTF-8"?>
<sequence name="GGMDKPIMonitorValidateClientIdFromContractData" trace="disable" xmlns="http://ws.apache.org/ns/synapse">
    <property description="CustomerIdentifier" expression="//*[local-name()='client_id']" name="ClientId" scope="default" type="STRING"/>
    <payloadFactory media-type="xml">
        <format>
            <this:GetContractByCustomerIdentifier xmlns:this="http://www.ggmd.nl/data/service/kpicontract">
                <this:CustomerIdentifier>$1</this:CustomerIdentifier>
            </this:GetContractByCustomerIdentifier>
        </format>
        <args>
            <arg evaluator="xml" expression="//*[local-name()='client_id']"/>
        </args>
    </payloadFactory>
    <property description="ContentType" name="ContentType" scope="axis2" type="STRING" value="application/xml"/>
    <property description="messageType" name="messageType" scope="axis2" type="STRING" value="application/xml"/>
    <header name="Accept" scope="transport" value="application/xml"/>
    <header name="Action" scope="default" value="urn:GetContractByCustomerIdentifier"/>
    <property description="OUT_ONLY" name="OUT_ONLY" scope="default" type="STRING" value="false"/>
    <call>
        <endpoint key="gov:nl/ggmd/service/delivery/v1/endpoints/GGMDKPIMonitorContractDataServiceEP.xml"/>
    </call>
    <filter xpath="//*[local-name()='ContractId']!=''">
        <then>
            <property description="SucessResponse" name="ContractDataServiceResponse" scope="default" type="STRING" value="True"/>
        </then>
        <else>
            <property description="ErrorResponse" name="ContractDataServiceResponse" scope="default" type="STRING" value="False"/>
            <sequence key="GGMDKPIMonitorCreateErrorMsgPayload"/>
            <sequence key="GGMDKPIMonitorSendMessageToErrorQueue"/>
        </else>
    </filter>
</sequence>
