<?xml version="1.0" encoding="UTF-8"?>
<sequence name="GGMDKPIMonitorValidatePerformanceIndicator" trace="disable" xmlns="http://ws.apache.org/ns/synapse">
    <sequence key="GGMDKPIEmployeeNormDeviationCalculations"/>
    <sequence key="GGMDKPIMonitorPreserveOriginalPayload"/>
    <sequence key="GGMDKPIMonitorGetPerformanceIndicatorFromPerformanceIndicatorData"/>
    <filter xpath="$ctx:PerformanceIndicatorResponse = 'true'">
        <then>
            <script language="js"><![CDATA[var myPerformanceIndicator = mc.getProperty("PerformanceIndicator");
               var log = mc.getServiceLog();
				var myEmployeeHoursPerWeek = mc.getProperty("EmployeeNumberOfHoursPerWeek");
				var myNormDeviation = mc.getProperty("DeviationNorm");
				var result = (myPerformanceIndicator * (myEmployeeHoursPerWeek/36)) + parseInt(myNormDeviation);
				mc.setProperty('EmployeePersonalPerformanceIndicator',result);]]></script>
            <property expression="get-property('EmployeePersonalPerformanceIndicator')" name="MyEmployeePersonalPerformanceIndicator" scope="default" type="STRING"/>
            <sequence key="GGMDKPIMonitorReplaceMsgBodyWithDeliveryPayload"/>
            <enrich description="RetrievedMyEmployeePersonalPerformanceIndicator">
                <source clone="true" property="MyEmployeePersonalPerformanceIndicator" type="property"/>
                <target xmlns:ns2="http://www.weintegrate.nl/ggmd/data/service/delivery" xpath="//ns2:CreateDelivery/ns2:EmployeePersonalPerformanceIndicator"/>
            </enrich>
            <sequence key="GGMDKPIMonitorPreserveOriginalPayload"/>
            <sequence key="GGMDKPIMonitorReplaceMsgBodyWithDeliveryPayload"/>
        </then>
        <else>
            <sequence key="GGMDKPIMonitorReplaceMsgBodyWithDeliveryPayload"/>
            <sequence key="GGMDKPIMonitorMarkCDMDeliveryAsDiscarded"/>
            <property description="SetReasonForDiscarding" name="REASON_FOR_DISCARDING" scope="default" type="STRING" value="NotRelevantForDashboard"/>
            <sequence key="GGMDKPIMonitorAddReasonForDiscardingToCDMDelivery"/>
        </else>
    </filter>
    <sequence key="GGMDKPIMonitorSendCreateDeliveryRequestToDeliveryDataService"/>
</sequence>
