<?xml version="1.0" encoding="UTF-8"?>
<sequence name="GGMDKPIMonitorCalculateBillableTime" trace="disable" xmlns="http://ws.apache.org/ns/synapse">
    <filter xpath="//*[local-name()='activity_default_reporting_code']='null' or //*[local-name()='activity_default_reporting_code']='0' or //*[local-name()='activity_default_reporting_code']=''">
        <then>
            <property description="BillableTime" name="BillableTime" scope="default" type="STRING" value="0"/>
            <!-- <log category="INFO" description="" level="custom">
                <property name="BillableTime" value="0"/>
      </log> -->
        </then>
        <else>
            <property description="BillableTime" expression="//direct_time + //indirect_time" name="BillableTime" scope="default" type="STRING"/>
            <!-- <log category="INFO" level="custom">
                <property expression="//direct_time + //indirect_time" name="BillableTime"/>
      </log> -->
        </else>
    </filter>
</sequence>
