<?xml version="1.0" encoding="UTF-8"?>
<sequence name="GGMDKPIMonitorGetContractForStartDateByDeliveryDateFromContractDataService" trace="disable" xmlns="http://ws.apache.org/ns/synapse">
    <payloadFactory media-type="xml">
        <format>
            <this:GetContractForStartDateByDeliveryDate xmlns:this="http://www.ggmd.nl/data/service/kpicontract">
                <this:DeliveryDate>$1</this:DeliveryDate>
                <this:CustomerIdentifier>$2</this:CustomerIdentifier>
            </this:GetContractForStartDateByDeliveryDate>
        </format>
        <args>
            <arg evaluator="xml" expression="get-property('DeliveryDate')"/>
            <arg evaluator="xml" expression="get-property('CustomerIdentifier')"/>
        </args>
    </payloadFactory>
    <!-- <log category="INFO" level="custom" separator="==- Response frmm contract new operation -=="/> -->
    <property description="ContentType" name="ContentType" scope="axis2" type="STRING" value="application/xml"/>
    <property description="messageType" name="messageType" scope="axis2" type="STRING" value="application/xml"/>
    <header name="Accept" scope="transport" value="application/xml"/>
    <header name="Action" scope="default" value="urn:GetContractForStartDateByDeliveryDate"/>
    <property description="OUT_ONLY" name="OUT_ONLY" scope="default" type="STRING" value="false"/>
    <call>
        <endpoint key="gov:nl/ggmd/service/delivery/v1/endpoints/GGMDKPIMonitorContractDataServiceEP.xml"/>
    </call>
</sequence>
