<?xml version="1.0" encoding="UTF-8"?>
<sequence name="GGMDKPIMonitorTriggerMasterScript" trace="disable" xmlns="http://ws.apache.org/ns/synapse">
    <property description="ContentType" name="ContentType" scope="axis2" type="STRING" value="application/xml"/>
    <property description="messageType" name="messageType" scope="axis2" type="STRING" value="application/xml"/>
    <header name="Accept" scope="transport" value="application/xml"/>
    <header name="Action" scope="default" value="urn:mediate"/>
    <property description="OUT_ONLY" name="OUT_ONLY" scope="default" type="STRING" value="true"/>
    <log separator="--===Triggering master script==---"/>
    <call>
        <endpoint key="gov:nl/ggmd/service/delivery/v1/endpoints/GGMDKPIMonitorRemoteDBProcessorEP.xml"/>
    </call>
</sequence>
