<?xml version="1.0" encoding="UTF-8"?>
<sequence name="GGMDKPIMonitorGetTotalDeliveredPerDeliveryPeriod" trace="disable" xmlns="http://ws.apache.org/ns/synapse">
    <payloadFactory description="SetPayloadToGetTotalDeliveredPerDeliveryPeriod" media-type="xml">
        <format>
            <this:GetTotalDeliveredPerDeliveryPeriod xmlns:this="http://www.weintegrate.nl/ggmd/data/service/delivery">
                <this:CustomerIdentifier>$1</this:CustomerIdentifier>
                <this:DeliveryPeriod>$2</this:DeliveryPeriod>
            </this:GetTotalDeliveredPerDeliveryPeriod>
        </format>
        <args>
            <arg evaluator="xml" expression="$ctx:CustomerIdentifier"/>
            <arg evaluator="xml" expression="$ctx:FinalPeriod"/>
        </args>
    </payloadFactory>
    <property description="ContentType" name="ContentType" scope="axis2" type="STRING" value="application/xml"/>
    <property description="messageType" name="messageType" scope="axis2" type="STRING" value="application/xml"/>
    <header name="Accept" scope="transport" value="application/xml"/>
    <header name="Action" scope="default" value="urn:GetTotalDeliveredPerDeliveryPeriod"/>
    <property description="OUT_ONLY" name="OUT_ONLY" scope="default" type="STRING" value="false"/>
    <call>
        <endpoint key="gov:nl/ggmd/service/delivery/v1/endpoints/GGMDKPIMonitorDeliveryDataServiceEP.xml"/>
    </call>
    <filter description="" xpath="//*[local-name()='Delivery'] !=''">
        <then>
            <property description="GetTotalDeliveredPerDeliveryPeriod" expression="//*[local-name()='TotalDeliveredPerDeliveryPeriod']" name="RawTotalDeliveredPerDeliveryPeriod" scope="default" type="STRING"/>
        </then>
        <else>
            <property description="GetTotalDeliveredPerDeliveryPeriod" name="RawTotalDeliveredPerDeliveryPeriod" scope="default" type="STRING" value="0"/>
        </else>
    </filter>
</sequence>
