<?xml version="1.0" encoding="UTF-8"?>
<sequence name="GGMDKPIMonitorLookUpWorkActivityIdConfigurationFile" trace="disable" xmlns="http://ws.apache.org/ns/synapse">
    <sequence key="GGMDKPIMonitorCheckActivityId"/>
    <sequence key="GGMDKPIMonitorReplaceMsgBodyWithDeliveryPayload"/>
    <filter xpath="get-property('isActivityIdPresent') = 'true'">
        <then>
            <property description="HoursLeave" expression="$ctx:AppointmentTime" name="HoursLeave" scope="default" type="STRING"/>
            <property description="HoursWorked" name="HoursWorked" scope="default" type="STRING" value="0.0"/>
            <!-- <log level="custom">
                <property expression="$ctx:AppointmentTime" name="HoursLeave"/>
            </log>
            <log level="custom">
                <property name="HoursWorked" value="0.0"/>
            </log> -->
        </then>
        <else>
            <property description="HoursWorked" expression="//*[local-name()='direct_time'] + //*[local-name()='indirect_time']" name="HoursWorked" scope="default" type="STRING"/>
            <property description="HoursLeave" name="HoursLeave" scope="default" type="STRING" value="0.0"/>
            <!-- <log level="custom">
                <property expression="//*[local-name()='direct_time'] + //*[local-name()='indirect_time']" name="HoursWorked"/>
            </log>
            <log level="custom">
                <property name="HoursLeave" value="0.0"/>
            </log> -->
        </else>
    </filter>
</sequence>
