<?xml version="1.0" encoding="UTF-8"?>
<sequence name="GGMDKPIMonitorSetBillableTimeHoursWorkedAndHoursLeave" trace="disable" xmlns="http://ws.apache.org/ns/synapse">
    <enrich description="SetBillableTime">
        <source clone="true" property="BillableTime" type="property"/>
        <target xmlns:ns2="http://www.weintegrate.nl/ggmd/data/service/delivery" xpath="//ns2:CreateDelivery/ns2:BillableTime"/>
    </enrich>
    <enrich description="SetHoursWorked">
        <source clone="true" property="HoursWorked" type="property"/>
        <target xmlns:ns2="http://www.weintegrate.nl/ggmd/data/service/delivery" xpath="//ns2:CreateDelivery/ns2:EmployeeNumberOfHoursWorked"/>
    </enrich>
    <enrich description="SetHoursLeave">
        <source clone="true" property="HoursLeave" type="property"/>
        <target xmlns:ns2="http://www.weintegrate.nl/ggmd/data/service/delivery" xpath="//ns2:CreateDelivery/ns2:EmployeeNumberOfHoursVacation"/>
    </enrich>
</sequence>
