<?xml version="1.0" encoding="UTF-8"?>
<sequence name="GGMDKPIMonitorDepartnmentDataService" trace="disable" xmlns="http://ws.apache.org/ns/synapse">
    <payloadFactory media-type="xml">
        <format>
            <this:GetDepartmentNameByDepartmentId xmlns:this="http://www.ggmdkpi.nl/data/service/department">
                <this:DepartmentId>$1</this:DepartmentId>
            </this:GetDepartmentNameByDepartmentId>
        </format>
        <args>
            <arg evaluator="xml" expression="get-property('DepartmentId')"/>
        </args>
    </payloadFactory>
    <property description="ContentType" name="ContentType" scope="axis2" type="STRING" value="application/xml"/>
    <property description="messageType" name="messageType" scope="axis2" type="STRING" value="application/xml"/>
    <header name="Accept" scope="transport" value="application/xml"/>
    <header name="Action" scope="default" value="urn:GetDepartmentNameByDepartmentId"/>
    <property description="OUT_ONLY" name="OUT_ONLY" scope="default" type="STRING" value="false"/>
    <call>
        <endpoint key="gov:nl/ggmd/service/delivery/v1/endpoints/GGMDKPIMonitorDepartmentDataServiceEP.xml"/>
    </call>
    <property expression="//*[local-name()='DepartmentName']" name="DepartmentName" scope="default" type="STRING"/>
</sequence>
