<?xml version="1.0" encoding="UTF-8"?>
<sequence name="GGMDKPIMonitorGetEmployeeData" trace="disable" xmlns="http://ws.apache.org/ns/synapse">
    <property description="CareWebEmployeeId" expression="//*[local-name()='EmployeeId']" name="uri.var.CareWebEmployeeId" scope="default" type="STRING"/>
    <property description="DeliveryDate" expression="//*[local-name()='DeliveryDate']" name="uri.var.DeliveryDate" scope="default" type="STRING"/>
    <header name="Accept" scope="transport" value="application/xml"/>
    <property description="ContentType" name="ContentType" scope="axis2" type="STRING" value="application/xml"/>
    <property description="messageType" name="messageType" scope="axis2" type="STRING" value="application/xml"/>
    <property description="OUT_ONLY" name="OUT_ONLY" scope="default" type="STRING" value="false"/>
    <call>
        <endpoint key="gov:nl/ggmd/service/delivery/v1/endpoints/GGMDKPIMonitorGetEmployeeEP.xml"/>
    </call>
    <filter description="GetEmployee" xpath="//*[local-name()='Employee'] !=''">
        <then>
            <filter description="" xpath="//*[local-name()='EmployeeContract'] != ''">
                <then>
                    <property description="GetAllContracts" expression="//*[local-name()='EmployeeContract']" name="EmployeeContracts" scope="default" type="STRING"/>
                    <script description="CalculateContractsCount" language="js"><![CDATA[var contracts = mc.getPayloadXML();
	   		var count = contracts.EmployeeContracts.EmployeeContract.length();
	   		mc.setProperty("ContractCount", count);]]></script>
                </then>
                <else>
                    <property description="SetContractCountToZero" name="ContractCount" scope="default" type="STRING" value="0.0"/>
                </else>
            </filter>
            <filter description="" regex="true" source="get-property('ContractCount') = '1.0'">
                <then>
                    <property description="EmployeeFirstName" expression="//*[local-name()='EmployeeFirstName']" name="EmployeeFirstName" scope="default" type="STRING"/>
                    <property description="DesignationDescription" expression="//DesignationDescription/text()" name="DesignationDescription" scope="default" type="STRING"/>
                    <property description="EmployeeNumberOfHoursPerWeek" expression="//*[local-name()='EmployeeContractNumberOfHoursPerWeek']" name="EmployeeNumberOfHoursPerWeek" scope="default" type="STRING"/>
                    <property description="DepartmentId" expression="//*[local-name()='DepartmentId']" name="DepartmentId" scope="default" type="STRING"/>
                    <sequence key="GGMDKPIMonitorCheckDepartmentId"/>
                </then>
                <else>
                    <sequence key="GGMDKPIMonitorReplaceMsgBodyWithDeliveryPayload"/>
                    <sequence key="GGMDKPIMonitorMarkCDMDeliveryAsDiscarded"/>
                    <property description="REASON_FOR_DISCARDING" name="REASON_FOR_DISCARDING" scope="default" type="STRING" value="NoValidContractLineFoundInSDB"/>
                    <sequence key="GGMDKPIMonitorAddReasonForDiscardingToCDMDelivery"/>
                    <sequence key="GGMDKPIMonitorSendCreateDeliveryRequestToDeliveryDataService"/>
                </else>
            </filter>
        </then>
        <else>
            <sequence key="GGMDKPIMonitorReplaceMsgBodyWithDeliveryPayload"/>
            <sequence key="GGMDKPIMonitorMarkCDMDeliveryAsDiscarded"/>
            <property description="REASON_FOR_DISCARDING" name="REASON_FOR_DISCARDING" scope="default" type="STRING" value="NoEmployeeFoundInSDB"/>
            <sequence key="GGMDKPIMonitorAddReasonForDiscardingToCDMDelivery"/>
            <sequence key="GGMDKPIMonitorSendCreateDeliveryRequestToDeliveryDataService"/>
        </else>
    </filter>
</sequence>
