<?xml version="1.0" encoding="UTF-8"?>
<sequence name="GGMDKPIMonitorCheckDepartmentDescription" trace="disable" xmlns="http://ws.apache.org/ns/synapse">
    <filter description="DesignationDescription" xpath="//DesignationDescription/text()">
        <then>
            <sequence key="GGMDKPIMonitorDepartnmentDataService"/>
            <!--  <log level="custom" separator="==- Response DepartnmentDataService -=="/> -->
            <filter description="DepartmentName" xpath="//*[local-name()='DepartmentName'] !='' or //*[local-name()='DepartmentName'] !='0'">
                <then>
                    <sequence key="GGMDKPIMonitorReplaceMsgBodyWithDeliveryPayload"/>
                    <sequence key="GGMDKPIMonitorSetEmployeeFirstNameAndDesignation"/>
                    <sequence key="GGMDKPIMonitorValidatePerformanceIndicator"/>
                </then>
                <else>
                    <sequence key="GGMDKPIMonitorReplaceMsgBodyWithDeliveryPayload"/>
                    <sequence key="GGMDKPIMonitorMarkCDMDeliveryAsDiscarded"/>
                    <property description="REASON_FOR_DISCARDING" name="REASON_FOR_DISCARDING" scope="default" type="STRING" value="NoValidDepartment"/>
                    <sequence key="GGMDKPIMonitorAddReasonForDiscardingToCDMDelivery"/>
                    <!-- <log level="custom" separator="==- Discarding -=="/> -->
                    <sequence key="GGMDKPIMonitorSendCreateDeliveryRequestToDeliveryDataService"/>
                </else>
            </filter>
        </then>
        <else>
            <sequence key="GGMDKPIMonitorReplaceMsgBodyWithDeliveryPayload"/>
            <sequence key="GGMDKPIMonitorMarkCDMDeliveryAsDiscarded"/>
            <property description="REASON_FOR_DISCARDING" name="REASON_FOR_DISCARDING" scope="default" type="STRING" value="NoDesignationDefined"/>
            <sequence key="GGMDKPIMonitorAddReasonForDiscardingToCDMDelivery"/>
            <!-- <log level="custom" separator="==- Discarding -=="/> -->
            <sequence key="GGMDKPIMonitorSendCreateDeliveryRequestToDeliveryDataService"/>
        </else>
    </filter>
</sequence>
