<?xml version="1.0" encoding="UTF-8"?>
<sequence name="GGMDKPIMonitorCalculateAssignedAndDifference" trace="disable" xmlns="http://ws.apache.org/ns/synapse">
    <sequence key="GGMDKPIMonitorPreserveOriginalPayload"/>
    <property expression="//*[local-name()='TotalDeliveredPerDeliveryPeriod']" name="TotalDeliveredPerDeliveryPeriod" scope="default" type="STRING"/>
    <property expression="//*[local-name()='ContractId']" name="ContractId" scope="default" type="STRING"/>
    <payloadFactory media-type="xml">
        <format>
            <this:GetContractByContractIdentifier xmlns:this="http://www.ggmd.nl/data/service/kpicontract">
                <this:ContractId>$1</this:ContractId>
            </this:GetContractByContractIdentifier>
        </format>
        <args>
            <arg evaluator="xml" expression="get-property('ContractId')"/>
        </args>
    </payloadFactory>
    <property description="ContentType" name="ContentType" scope="axis2" type="STRING" value="application/xml"/>
    <property description="messageType" name="messageType" scope="axis2" type="STRING" value="application/xml"/>
    <header name="Accept" scope="transport" value="application/xml"/>
    <header name="Action" scope="default" value="urn:GetContractByContractIdentifier"/>
    <property description="OUT_ONLY" name="OUT_ONLY" scope="default" type="STRING" value="false"/>
    <call>
        <endpoint key="gov:nl/ggmd/service/delivery/v1/endpoints/GGMDKPIMonitorContractDataServiceEP.xml"/>
    </call>
    <property expression="//*[local-name()='DeliveryPeriod']" name="ContractDeliveryPeriod" scope="default" type="STRING"/>
    <property expression="//*[local-name()='VolumePerDeliveryPeriod']" name="VolumeAssignedByContract" scope="default" type="STRING"/>
    <property expression="//*[local-name()='ContractStartDate']" name="ContractStartDate" scope="default" type="STRING"/>
    <property expression="//*[local-name()='ContractEndDate']" name="ContractEndDate" scope="default" type="STRING"/>
    <sequence key="GGMDKPIMonitorCalculateDifferenceBetweenDates"/>
    <property expression="//*[local-name()='duration']" name="DateDifference" scope="default" type="STRING"/>
    <script language="js"><![CDATA[var days = mc.getProperty("DateDifference");
			            var result = Math.round(days / 7);
			            mc.setProperty("WeeksPerContract", result);]]></script>
    <property expression="get-property('registry','gov:/nl/ggmd/service/delivery/v1/configurationfiles/GGMDKPIMonitorDeliveryPeriodRules.xml')" name="xmlFile" scope="default" type="OM"/>
    <property expression="$ctx:xmlFile//DeliveryPeriod_1" name="DeliveryPeriods_1" scope="default" type="STRING"/>
    <property expression="$ctx:xmlFile//DeliveryPeriod_2" name="DeliveryPeriods_2" scope="default" type="STRING"/>
    <property expression="$ctx:xmlFile//DeliveryPeriod_3" name="DeliveryPeriods_3" scope="default" type="STRING"/>
    <property expression="$ctx:xmlFile//DeliveryPeriod_4" name="DeliveryPeriods_4" scope="default" type="STRING"/>
    <sequence key="GGMDKPIMonitorReplaceMsgBodyWithDeliveryPayload"/>
    <filter regex="true" source="get-property('ContractDeliveryPeriod') = get-property('DeliveryPeriods_1')">
        <then>
            <script language="js"><![CDATA[var totalDeliveredPerDeliveryPeriod = mc.getProperty("TotalDeliveredPerDeliveryPeriod");
			            var volumeAssignedByContract = mc.getProperty("VolumeAssignedByContract");
			            var roundDifferenceBetweenDeliveredAndAssigned = Math.round(totalDeliveredPerDeliveryPeriod / 60);
			            var finalDifferenceBetweenDeliveredAndAssigned = roundDifferenceBetweenDeliveredAndAssigned - volumeAssignedByContract;
			             mc.setProperty("VolumeAssignedByContract", volumeAssignedByContract);
			              mc.setProperty("RoundDifferenceBetweenDeliveredAndAssigned", roundDifferenceBetweenDeliveredAndAssigned);
			            mc.setProperty("DifferenceBetweenDeliveredAndAssigned", finalDifferenceBetweenDeliveredAndAssigned);]]></script>
        </then>
        <else>
            <filter regex="true" source="get-property('ContractDeliveryPeriod') = get-property('DeliveryPeriods_2')">
                <then>
                    <script language="js"><![CDATA[var totalDeliveryPeroid = mc.getProperty("TotalDeliveredPerDeliveryPeriod");
					            var volumeAssigned = mc.getProperty("VolumeAssignedByContract");
					            var volumePerDeliveryPeroid =  volumeAssigned * 4;
					            var result = Math.round(totalDeliveryPeroid/60) - volumePerDeliveryPeroid;
					            mc.setProperty("DifferenceBetweenDeliveredAndAssigned", result);
					            mc.setProperty("VolumeAssignedByContract", volumePerDeliveryPeroid);]]></script>
                </then>
                <else>
                    <filter regex="true" source="get-property('ContractDeliveryPeriod') = get-property('DeliveryPeriods_3')">
                        <then>
                            <script language="js"><![CDATA[var totalDeliveryPeroid = mc.getProperty("TotalDeliveredPerDeliveryPeriod");
					           				 var volumeAssigned = mc.getProperty("VolumeAssignedByContract");
					           				 var weekPerContract = mc.getProperty("WeeksPerContract");
					           				 var myVolumePerDeliveryPeroid = 4 * (volumeAssigned/weekPerContract); 
   					           				 var volumePerDeliveryPeroid = Math.round(myVolumePerDeliveryPeroid); 
					         				 var result = Math.round(totalDeliveryPeroid/60) - volumePerDeliveryPeroid;
					         				 var finalDifference = Math.round(result);
					          				 mc.setProperty("VolumeAssignedByContract", volumePerDeliveryPeroid);
					          				 mc.setProperty("DifferenceBetweenDeliveredAndAssigned", finalDifference);]]></script>
                        </then>
                        <else>
                            <filter regex="true" source="get-property('ContractDeliveryPeriod') = get-property('DeliveryPeriods_4')">
                                <then>
                                    <script language="js"><![CDATA[var totalDeliveryPeroid = mc.getProperty("TotalDeliveredPerDeliveryPeriod");
					           				 var volumeAssigned = mc.getProperty("VolumeAssignedByContract");
					           				 var myVolumePerDeliveryPeroid = 4 * (volumeAssigned/52)
					           				 var volumePerDeliveryPeroid = Math.round(myVolumePerDeliveryPeroid); 
					         				 var result = Math.round(totalDeliveryPeroid/60) - volumePerDeliveryPeroid;
					         				 var finalDifference = Math.round(result);
					          				 mc.setProperty("VolumeAssignedByContract", volumePerDeliveryPeroid);
					          				 mc.setProperty("DifferenceBetweenDeliveredAndAssigned", finalDifference);]]></script>
                                </then>
                                <else>
                                    <sequence key="GGMDKPIMonitorMarkCDMDeliveryAsDiscarded"/>
                                    <property name="REASON_FOR_DISCARDING" scope="default" type="STRING" value="NoValidDeliveryPeroid"/>
                                    <sequence key="GGMDKPIMonitorAddReasonForDiscardingToCDMDelivery"/>
                                    <sequence key="GGMDKPIMonitorSendCreateDeliveryRequestToDeliveryDataService"/>
                                </else>
                            </filter>
                        </else>
                    </filter>
                </else>
            </filter>
        </else>
    </filter>
    <sequence key="GGMDKPIMonitorPreserveOriginalPayload"/>
    <sequence key="GGMDKPIMonitorSetVolumeAndDifference"/>
    <sequence key="GGMDKPIMonitorCallDeliveryDataService"/>
    <sequence key="GGMDKPIMonitorGetEmployeeData"/>
</sequence>
