<?xml version="1.0" encoding="UTF-8"?>
<sequence name="GGMDKPIMonitorCallDeliveryDataService" trace="disable" xmlns="http://ws.apache.org/ns/synapse">
    <property expression="//*[local-name()='DifferenceBetweenDeliveredAndAssigned']" name="MyDifferenceBetweenDeliveredAndAssigned" scope="default" type="STRING"/>
    <property expression="//*[local-name()='VolumeAssignedByContract']" name="MyVolumeAssignedByContract" scope="default" type="STRING"/>
    <property expression="//*[local-name()='CustomerIdentifier']" name="MyCustomerIdentifier" scope="default" type="STRING"/>
    <property expression="//*[local-name()='DeliveryPeriod']" name="MyDeliveryPeriod" scope="default" type="STRING"/>
    <!-- <log level="custom">
    <property
      expression="//*[local-name()='DifferenceBetweenDeliveredAndAssigned']" name="DifferenceBetweenDeliveredAndAssigned"/>
  </log>
  <log level="custom">
    <property expression="//*[local-name()='VolumeAssignedByContract']" name="VolumeAssignedByContract"/>
  </log>
  <log level="custom">
    <property expression="//*[local-name()='CustomerIdentifier']" name="MyCustomerIdentifier"/>
  </log>
  <log level="custom">
    <property expression="//*[local-name()='DeliveryPeriod']" name="MyDeliveryPeriod"/>
  </log> -->
    <payloadFactory media-type="xml">
        <format>
            <this:UpdateDeliveryByDifferenceBetweenDeliveredAndAssigned xmlns:this="http://www.weintegrate.nl/ggmd/data/service/delivery">
                <this:DifferenceBetweenDeliveredAndAssigned>$1</this:DifferenceBetweenDeliveredAndAssigned>
                <this:DeliveryPeriod>$2</this:DeliveryPeriod>
                <this:CustomerIdentifier>$3</this:CustomerIdentifier>
            </this:UpdateDeliveryByDifferenceBetweenDeliveredAndAssigned>
        </format>
        <args>
            <arg evaluator="xml" expression="get-property('MyDifferenceBetweenDeliveredAndAssigned')"/>
            <arg evaluator="xml" expression="get-property('MyMyDeliveryPeriod')"/>
            <arg evaluator="xml" expression="get-property('MyCustomerIdentifier')"/>
        </args>
    </payloadFactory>
    <property description="ContentType" name="ContentType" scope="axis2" type="STRING" value="application/xml"/>
    <property description="messageType" name="messageType" scope="axis2" type="STRING" value="application/xml"/>
    <header name="Accept" scope="transport" value="application/xml"/>
    <header name="Action" scope="default" value="urn:UpdateDeliveryByDifferenceBetweenDeliveredAndAssigned"/>
    <property description="OUT_ONLY" name="OUT_ONLY" scope="default" type="STRING" value="false"/>
    <call>
        <endpoint key="gov:nl/ggmd/service/delivery/v1/endpoints/GGMDKPIMonitorDeliveryDataServiceEP.xml"/>
    </call>
    <property expression="//*[local-name()='Value']" name="UpdatedRowCountForDifference" scope="default" type="STRING"/>
    <payloadFactory media-type="xml">
        <format>
            <this:UpdateDeliveryByVolumeAssignedByContract xmlns:this="http://www.weintegrate.nl/ggmd/data/service/delivery">
                <this:VolumeAssignedByContract>$1</this:VolumeAssignedByContract>
                <this:DeliveryPeriod>$2</this:DeliveryPeriod>
                <this:CustomerIdentifier>$3</this:CustomerIdentifier>
            </this:UpdateDeliveryByVolumeAssignedByContract>
        </format>
        <args>
            <arg evaluator="xml" expression="get-property('MyVolumeAssignedByContract')"/>
            <arg evaluator="xml" expression="get-property('MyDeliveryPeriod')"/>
            <arg evaluator="xml" expression="get-property('MyCustomerIdentifier')"/>
        </args>
    </payloadFactory>
    <property description="ContentType" name="ContentType" scope="axis2" type="STRING" value="application/xml"/>
    <property description="messageType" name="messageType" scope="axis2" type="STRING" value="application/xml"/>
    <header name="Accept" scope="transport" value="application/xml"/>
    <header name="Action" scope="default" value="urn:UpdateDeliveryByVolumeAssignedByContract"/>
    <property description="OUT_ONLY" name="OUT_ONLY" scope="default" type="STRING" value="false"/>
    <call>
        <endpoint key="gov:nl/ggmd/service/delivery/v1/endpoints/GGMDKPIMonitorDeliveryDataServiceEP.xml"/>
    </call>
    <property expression="//*[local-name()='Value']" name="UpdatedRowCountForVolume" scope="default" type="STRING"/>
</sequence>
