<?xml version="1.0" encoding="UTF-8"?>
<sequence name="GGMDKPIMonitorCheckDepartmentId" trace="disable" xmlns="http://ws.apache.org/ns/synapse">
    <filter description="DepartmentId" xpath="//*[local-name()='DepartmentId'] !='' or //*[local-name()='DepartmentId'] !='0' or //*[local-name()='DepartmentId'] !=' '">
        <then>
            <sequence key="GGMDKPIMonitorCheckDepartmentDescription"/>
        </then>
        <else>
            <sequence key="GGMDKPIMonitorReplaceMsgBodyWithDeliveryPayload"/>
            <sequence key="GGMDKPIMonitorMarkCDMDeliveryAsDiscarded"/>
            <property description="REASON_FOR_DISCARDING" name="REASON_FOR_DISCARDING" scope="default" type="STRING" value="NoDepartmentId"/>
            <sequence key="GGMDKPIMonitorAddReasonForDiscardingToCDMDelivery"/>
            <sequence key="GGMDKPIMonitorSendCreateDeliveryRequestToDeliveryDataService"/>
        </else>
    </filter>
</sequence>
