<?xml version="1.0" encoding="UTF-8"?>
<sequence name="GGMDKPIMonitorEmployeeNumberOfHoursVacation" trace="disable" xmlns="http://ws.apache.org/ns/synapse">
    <property description="EmployeeNumberOfHoursVacation" expression="//*[local-name()='EmployeeNumberOfHoursVacation']" name="EmployeeNumberOfHoursVacation" scope="default" type="STRING"/>
    <property description="EmployeeId" expression="//*[local-name()='EmployeeId']" name="EmployeeId" scope="default" type="STRING"/>
    <payloadFactory media-type="xml">
        <format>
            <this:GetEmployeeTotalNumberOfHoursVacation xmlns:this="http://www.weintegrate.nl/ggmd/data/service/delivery">
                <this:EmployeeId>$1</this:EmployeeId>
            </this:GetEmployeeTotalNumberOfHoursVacation>
        </format>
        <args>
            <arg evaluator="xml" expression="get-property('EmployeeId')"/>
        </args>
    </payloadFactory>
    <header name="Action" scope="default" value="urn:GetEmployeeTotalNumberOfHoursVacation"/>
    <property description="OUT_ONLY" name="OUT_ONLY" scope="default" type="STRING" value="false"/>
    <call>
        <endpoint key="gov:nl/ggmd/service/delivery/v1/endpoints/GGMDKPIMonitorDeliveryDataServiceEP.xml"/>
    </call>
    <filter xpath="//*[local-name()='EmployeeTotalNumberOfHoursVacation']!=''">
        <then>
            <property expression="//*[local-name()='EmployeeTotalNumberOfHoursVacation']" name="EmployeeTotalNumberOfHoursVacation" scope="default" type="STRING"/>
            <property expression="$ctx:EmployeeTotalNumberOfHoursVacation + $ctx:EmployeeNumberOfHoursVacation" name="CalculateEmployeeTotalNumberOfHoursVacation" scope="default" type="STRING"/>
        </then>
        <else>
            <property description="EmployeeNumberOfHoursVacation" name="CalculateEmployeeTotalNumberOfHoursVacation" scope="default" type="STRING" value="0.0"/>
        </else>
    </filter>
</sequence>
