<?xml version="1.0" encoding="UTF-8"?>
<sequence name="GGMDKPIMonitorSetTotalDeliveredPerDeliveryPeriod" trace="disable" xmlns="http://ws.apache.org/ns/synapse">
    <log description="PrintFlowNo" separator="------Flow no 4 started ----------"/>
    <sequence key="GGMDKPIMonitorPreserveOriginalPayload"/>
    <sequence key="GGMDKPIMonitorGetTotalDeliveredPerDeliveryPeriod"/>
    <property description="CalculateTotalDeliveredPerDeliveryPeriod" expression="$ctx:RawTotalDeliveredPerDeliveryPeriod + $ctx:BillableTime" name="TotalDelivered" scope="default" type="STRING"/>
    <property description="RefineTotalDeliveredPerDeliveryPeriod" expression="$ctx:TotalDelivered" name="TotalDeliveredPerDeliveryPeriod" scope="default" type="STRING"/>
    <sequence key="GGMDKPIMonitorUpdateTotalDeliveredPerDeliveryPeriod"/>
    <sequence key="GGMDKPIMonitorReplaceMsgBodyWithDeliveryPayload"/>
    <sequence key="GGMDKPIMonitorSetTotalDeliveredPeriodPerDeliveryPeriod"/>
</sequence>
