<?xml version="1.0" encoding="UTF-8"?>
<sequence name="GGMDKPIMonitorMatchDeliveryPeriods" trace="disable" xmlns="http://ws.apache.org/ns/synapse">
    <property description="GetDeliveryDate" expression="//*[local-name()='DeliveryDate']" name="DeliveryDate" scope="default" type="STRING"/>
    <!-- <log category="INFO" description="LogDeliveryDate" level="custom">
        <property expression="//*[local-name()='DeliveryDate']" name="DeliveryDate"/>
    </log> -->
    <sequence key="GGMDKPIMonitorPreserveOriginalPayload"/>
    <payloadFactory description="GetDeliveryDate" media-type="xml">
        <format>
            <DeliveryDate>$1</DeliveryDate>
        </format>
        <args>
            <arg evaluator="xml" expression="get-property('DeliveryDate')"/>
        </args>
    </payloadFactory>
    <filter description="CheckDeliveryDateIsPresent" xpath="//*[local-name()='DeliveryDate']!='' and //*[local-name()='DeliveryDate']!='0'">
        <then>
            <payloadFactory description="GetDeliveryPeriodsConfigurations" media-type="xml">
                <format key="gov:/nl/ggmd/service/delivery/v1/configurationfiles/GGMDKPIMonitorDeliveryPeriods.xml"/>
                <args/>
            </payloadFactory>
            <payloadFactory description="TransformIntoJSON" media-type="json">
                <format>{ "CurrentDeliveryDate" : $1 }</format>
                <args>
                    <arg evaluator="xml" expression="$body"/>
                </args>
            </payloadFactory>
            <script description="ValidateDeliveryPeriod" language="js"><![CDATA[var payload = mc.getPayloadJSON();
							var array = payload.CurrentDeliveryDate.Body.Periods.DeliveryPeriod; 
							var log = mc.getServiceLog();
							var currentDate = mc.getProperty("DeliveryDate");
							var startDate = new Date();
							var endDate = new Date();
							var result = "";
							var dateTime = currentDate.split(' ');
	
							for(var index=0 ; index < array.length; index++){
							        var rawStartDate = array[index].DeliveryPeriodStartDate;
							        var rawEndDate = array[index].DeliveryPeriodEndDate;
								var period = array[index].Period;
								/*log.info("start Date:" + rawStartDate );
								log.info("end Date:" + rawEndDate );
								log.info("period:" + period);*/
								if(dateTime[0] >= rawStartDate && dateTime[0] <= rawEndDate ){
								  result = period;
								    startDate = rawStartDate ;
								    endDate = rawEndDate ;
							           break; 
							        } else {
							           result = "Mismatch";
							        }
							   	  }
							   	  mc.setProperty('StartDate', startDate);
							   	  mc.setProperty('EndDate', endDate);
							mc.setProperty('FinalPeriod', result);]]></script>
            <filter regex="true" source="get-property('FinalPeriod') = 'Mismatch'">
                <then>
                    <sequence key="GGMDKPIMonitorReplaceMsgBodyWithDeliveryPayload"/>
                    <sequence key="GGMDKPIMonitorMarkCDMDeliveryAsDiscarded"/>
                    <property description="REASON_FOR_DISCARDING" name="REASON_FOR_DISCARDING" scope="default" type="STRING" value="NoMatchingDeliveryPeriod"/>
                    <sequence key="GGMDKPIMonitorAddReasonForDiscardingToCDMDelivery"/>
                    <!-- <log category="INFO" description="LogCompleteDeliveryPayload" level="custom" separator="==- Create Delivery Request -=="/> -->
                    <sequence key="GGMDKPIMonitorSendCreateDeliveryRequestToDeliveryDataService"/>
                </then>
                <else>
                    <sequence key="GGMDKPIMonitorReplaceMsgBodyWithDeliveryPayload"/>
                    <sequence key="GGMDKPIMonitorSetFinalDeliveryPeriod"/>
                    <sequence key="GGMDKPIMonitorPreserveOriginalPayload"/>
                    <!-- <log category="INFO" description="LogCompleteDeliveryPayload" level="FULL" separator="==- SetDeliveryPeroid -=="/> -->
                </else>
            </filter>
        </then>
        <else>
            <sequence key="GGMDKPIMonitorReplaceMsgBodyWithDeliveryPayload"/>
            <sequence key="GGMDKPIMonitorMarkCDMDeliveryAsDiscarded"/>
            <property description="REASON_FOR_DISCARDING" name="REASON_FOR_DISCARDING" scope="default" type="STRING" value="NoDeliveryDate"/>
            <sequence key="GGMDKPIMonitorAddReasonForDiscardingToCDMDelivery"/>
        </else>
    </filter>
</sequence>
