<?xml version="1.0" encoding="UTF-8"?>
<sequence name="GGMDKPIMonitorCalculateVolumeAssignedByContract" trace="disable" xmlns="http://ws.apache.org/ns/synapse">
    <filter description="" xpath="//*[local-name()='ContractId'] != ''">
        <then>
            <sequence key="GGMDKPIMonitorPreserveOriginalPayload"/>
            <property expression="$ctx:DeliveryPeriod" name="ContractDeliveryPeriod" scope="default" type="STRING"/>
            <property expression="$ctx:VolumePerDeliveryPeriod" name="VolumePerDeliveryPeriod" scope="default" type="STRING"/>
            <property expression="$ctx:ContractStartDate" name="ContractStartDate" scope="default" type="STRING"/>
            <property expression="$ctx:ContractEndDate" name="ContractEndDate" scope="default" type="STRING"/>
            <sequence key="GGMDKPIMonitorCalculateDifferenceBetweenDates"/>
            <property description="GetDeliveryPeriodFile" expression="get-property('registry','gov:/nl/ggmd/service/delivery/v1/configurationfiles/GGMDKPIMonitorDeliveryPeriodRules.xml')" name="xmlFile" scope="default" type="OM"/>
            <property expression="$ctx:xmlFile//DeliveryPeriod_1" name="DeliveryPeriods_1" scope="default" type="STRING"/>
            <property expression="$ctx:xmlFile//DeliveryPeriod_2" name="DeliveryPeriods_2" scope="default" type="STRING"/>
            <property expression="$ctx:xmlFile//DeliveryPeriod_3" name="DeliveryPeriods_3" scope="default" type="STRING"/>
            <property expression="$ctx:xmlFile//DeliveryPeriod_4" name="DeliveryPeriods_4" scope="default" type="STRING"/>
            <property expression="$ctx:xmlFile//DeliveryPeriod_5" name="DeliveryPeriods_5" scope="default" type="STRING"/>
            <sequence key="GGMDKPIMonitorReplaceMsgBodyWithDeliveryPayload"/>
            <property name="VolumeAssignedByContract" scope="default" type="INTEGER" value="0"/>
            <filter regex="true" source="get-property('ContractDeliveryPeriod') = get-property('DeliveryPeriods_1')">
                <then>
                    <script language="js"><![CDATA[var volumeAssignedByContract = mc.getProperty("VolumePerDeliveryPeriod");
			            mc.setProperty("VolumeAssignedByContract", volumeAssignedByContract);]]></script>
                    <property expression="get-property('VolumeAssignedByContract')" name="CalculatedVolumeAssignedByContract" scope="default" type="STRING"/>
                </then>
                <else>
                    <filter regex="true" source="get-property('ContractDeliveryPeriod') = get-property('DeliveryPeriods_2')">
                        <then>
                            <script language="js"><![CDATA[var volumePerDeliveryPeriod = mc.getProperty("VolumePerDeliveryPeriod");
					            var volumeAssignedByContract =  volumePerDeliveryPeriod * 4;
					            mc.setProperty("VolumeAssignedByContract", volumeAssignedByContract);]]></script>
                            <property expression="get-property('VolumeAssignedByContract')" name="CalculatedVolumeAssignedByContract" scope="default" type="STRING"/>
                        </then>
                        <else>
                            <filter regex="true" source="get-property('ContractDeliveryPeriod') = get-property('DeliveryPeriods_3')">
                                <then>
                                    <script language="js"><![CDATA[var volumePerDeliveryPeriod = mc.getProperty("VolumePerDeliveryPeriod");
					           				 var weekPerContract = mc.getProperty("WeeksPerContract");
					           				 var myVolumePerDeliveryPeriod = 4 * (volumePerDeliveryPeriod/weekPerContract); 
   					           				 var volumeAssignedByContract = Math.round(myVolumePerDeliveryPeriod); 
					          				 mc.setProperty("VolumeAssignedByContract", volumeAssignedByContract);]]></script>
                                    <property expression="get-property('VolumeAssignedByContract')" name="CalculatedVolumeAssignedByContract" scope="default" type="STRING"/>
                                </then>
                                <else>
                                    <filter regex="true" source="get-property('ContractDeliveryPeriod') = get-property('DeliveryPeriods_4')">
                                        <then>
                                            <script language="js"><![CDATA[var volumePerDeliveryPeriod = mc.getProperty("VolumePerDeliveryPeriod");
					           				 var myVolumePerDeliveryPeriod = 4 * (volumePerDeliveryPeriod/52);
					           				 var volumeAssignedByContract = Math.round(myVolumePerDeliveryPeriod); 
					         				 mc.setProperty("VolumeAssignedByContract", volumeAssignedByContract);]]></script>
                                            <property expression="get-property('VolumeAssignedByContract')" name="CalculatedVolumeAssignedByContract" scope="default" type="STRING"/>
                                        </then>
                                        <else>
                                            <filter regex="true" source="get-property('ContractDeliveryPeriod') = get-property('DeliveryPeriods_5')">
                                                <then>
                                                    <script language="js"><![CDATA[var volumePerDeliveryPeriod = mc.getProperty("VolumePerDeliveryPeriod");
					           				         var myVolumePerDeliveryPeriod = 4 * (volumePerDeliveryPeriod*12/52);
					           				         var volumeAssignedByContract = Math.round(myVolumePerDeliveryPeriod); 
					         				         mc.setProperty("VolumeAssignedByContract", volumeAssignedByContract);]]></script>
                                                    <property expression="get-property('VolumeAssignedByContract')" name="CalculatedVolumeAssignedByContract" scope="default" type="STRING"/>
                                                </then>
                                                <else>
                                                    <sequence key="GGMDKPIMonitorMarkCDMDeliveryAsDiscarded"/>
                                                    <property name="REASON_FOR_DISCARDING" scope="default" type="STRING" value="NoValidDeliveryPeriod"/>
                                                    <sequence key="GGMDKPIMonitorAddReasonForDiscardingToCDMDelivery"/>
                                                    <property description="VolumeAssignedByContract" name="CalculatedVolumeAssignedByContract" scope="default" type="STRING" value="0"/>
                                                </else>
                                            </filter>
                                        </else>
                                    </filter>
                                </else>
                            </filter>
                        </else>
                    </filter>
                </else>
            </filter>
            <enrich description="SetVolumeAssigned">
                <source clone="true" property="CalculatedVolumeAssignedByContract" type="property"/>
                <target xmlns:ns2="http://www.weintegrate.nl/ggmd/data/service/delivery" xpath="//ns2:CreateDelivery/ns2:VolumeAssignedByContract"/>
            </enrich>
        </then>
        <else/>
    </filter>
</sequence>
