<?xml version="1.0" encoding="UTF-8"?>
<sequence name="GGMDKPIMonitorSendCreateDeliveryRequestToDeliveryDataService" trace="disable" xmlns="http://ws.apache.org/ns/synapse">
    <property description="ContentType" name="ContentType" scope="axis2" type="STRING" value="application/xml"/>
    <property description="messageType" name="messageType" scope="axis2" type="STRING" value="application/xml"/>
    <header name="Accept" scope="transport" value="application/xml"/>
    <header name="Action" scope="default" value="urn:CreateDelivery"/>
    <property description="OUT_ONLY" name="OUT_ONLY" scope="default" type="STRING" value="false"/>
    <!-- <log category="INFO" level="custom" separator="-===Going to send==-"/> -->
    <call>
        <endpoint key="gov:nl/ggmd/service/delivery/v1/endpoints/GGMDKPIMonitorDeliveryDataServiceEP.xml"/>
    </call>
    <filter xpath="//*[local-name()='Value']='1'">
        <then>
            <property description="SetDeliveryResponse" name="DeliveryDataServiceResponse" scope="default" type="STRING" value="true"/>
        </then>
        <else>
            <property description="SetDeliveryResponse" name="DeliveryDataServiceResponse" scope="default" type="STRING" value="false"/>
            <sequence key="GGMDKPIMonitorSendMessageToErrorQueue"/>
        </else>
    </filter>
</sequence>
