<?xml version="1.0" encoding="UTF-8"?>
<sequence name="GGMDKPIMonitorUpdateEmployeeNumberOfHoursVacation" trace="disable" xmlns="http://ws.apache.org/ns/synapse">
    <payloadFactory media-type="xml">
        <format>
            <this:UpdateEmployeeTotalNumberOfHoursVacation xmlns:this="http://www.weintegrate.nl/ggmd/data/service/delivery">
                <this:EmployeeTotalNumberOfHoursVacation>$1</this:EmployeeTotalNumberOfHoursVacation>
                <this:EmployeeId>$2</this:EmployeeId>
            </this:UpdateEmployeeTotalNumberOfHoursVacation>
        </format>
        <args>
            <arg evaluator="xml" expression="get-property('CalculateEmployeeTotalNumberOfHoursVacation')"/>
            <arg evaluator="xml" expression="get-property('EmployeeId')"/>
        </args>
    </payloadFactory>
    <header name="Action" scope="default" value="urn:UpdateEmployeeTotalNumberOfHoursVacation"/>
    <property description="OUT_ONLY" name="OUT_ONLY" scope="default" type="STRING" value="false"/>
    <call>
        <endpoint key="gov:nl/ggmd/service/delivery/v1/endpoints/GGMDKPIMonitorDeliveryDataServiceEP.xml"/>
    </call>
    <filter xpath="//*[local-name()='Value']!='0'">
        <then>
            <sequence key="GGMDKPIMonitorReplaceMsgBodyWithDeliveryPayload"/>
            <property expression="//*[local-name()='Value']" name="RowCount" scope="default" type="STRING"/>
        </then>
        <else>
            <sequence key="GGMDKPIMonitorReplaceMsgBodyWithDeliveryPayload"/>
            <enrich description="RetrievedEmployeeTotalNumberOfHoursVacation">
                <source clone="true" property="CalculateEmployeeTotalNumberOfHoursVacation" type="property"/>
                <target xmlns:ns2="http://www.weintegrate.nl/ggmd/data/service/delivery" xpath="//ns2:CreateDelivery/ns2:EmployeeTotalNumberOfHoursVacation"/>
            </enrich>
        </else>
    </filter>
</sequence>
