<?xml version="1.0" encoding="UTF-8"?>
<sequence name="GGMDKPIMonitorGetContractsByCustomerIdFromContractDataService" trace="disable" xmlns="http://ws.apache.org/ns/synapse">
    <payloadFactory description="CreateRequestPayload" media-type="xml">
        <format>
            <this:GetContractByCustomerIdentifier xmlns:this="http://www.ggmd.nl/data/service/kpicontract">
                <this:CustomerIdentifier>$1</this:CustomerIdentifier>
            </this:GetContractByCustomerIdentifier>
        </format>
        <args>
            <arg evaluator="xml" expression="get-property('CustomerIdentifier')"/>
        </args>
    </payloadFactory>
    <property description="ContentTypeHeader" name="ContentType" scope="axis2" type="STRING" value="application/xml"/>
    <property description="messageTypeHeader" name="messageType" scope="axis2" type="STRING" value="application/xml"/>
    <header name="Accept" scope="transport" value="application/xml"/>
    <header name="Action" scope="default" value="urn:GetContractByCustomerIdentifier"/>
    <property description="OUT_ONLY" name="OUT_ONLY" scope="default" type="STRING" value="false"/>
    <call>
        <endpoint key="gov:nl/ggmd/service/delivery/v1/endpoints/GGMDKPIMonitorContractDataServiceEP.xml"/>
    </call>
</sequence>
