<?xml version="1.0" encoding="UTF-8"?>
<sequence name="SetTheFinanceCodeSEQ" trace="disable" xmlns="http://ws.apache.org/ns/synapse">
    <filter description="Finance_Filter_VK" xpath="substring(get-property('ActivityCode'),1,6) = 'act.VK'">
        <then>
            <property description="SetVK" name="FinanceCode" scope="default" type="STRING" value="VK"/>
        </then>
        <else>
            <filter description="Finance_Filter_ZG" xpath="substring(get-property('ActivityCode'),1,8) = 'act.awbz' or substring(get-property('ActivityCode'),1,7) = 'act.wlz'">
                <then>
                    <property description="SetZG" name="FinanceCode" scope="default" type="STRING" value="ZG"/>
                </then>
                <else>
                    <filter description="Finance_Filter_JW" xpath="substring(get-property('ActivityCode'),1,6) = 'act.jw'">
                        <then>
                            <property description="SetJW" name="FinanceCode" scope="default" type="STRING" value="JeugdWet"/>
                        </then>
                        <else>
                            <filter description="Finance_Filter_WMO" xpath="get-property('Product_ID')='1103' or                                          get-property('Product_ID')='2497' or                                          get-property('Product_ID')='2499' or                                          get-property('Product_ID')='2500' or                                          get-property('Product_ID')='2970'">
                                <then>
                                    <property description="SetWMO" name="FinanceCode" scope="default" type="STRING" value="WMO"/>
                                </then>
                                <else>
                                    <property description="SetNONE" name="FinanceCode" scope="default" type="STRING" value="NONE"/>
                                </else>
                            </filter>
                        </else>
                    </filter>
                </else>
            </filter>
        </else>
    </filter>
</sequence>
