<?xml version="1.0" encoding="UTF-8"?>
<sequence name="DeviceManagementResponseSender" trace="disable" xmlns="http://ws.apache.org/ns/synapse">
    <call-template target="gov:com/commons/util/v1/templates/LoggerTemplate.xml">
        <with-param name="SequenceName" value="DeviceManagementResponseSender"/>
        <with-param name="Message" value="Going to send Response."/>
        <with-param name="LogLevel" value="INFO"/>
    </call-template>
    <header name="Accept" scope="transport" value="application/json"/>
    <property description="ContentType" name="ContentType" scope="axis2" type="STRING" value="application/json"/>
    <property description="messageType" name="messageType" scope="axis2" type="STRING" value="application/json"/>
    <respond/>
</sequence>
