<?xml version="1.0" encoding="UTF-8"?>
<sequence name="GetDevicesOutSequence" trace="disable" xmlns="http://ws.apache.org/ns/synapse">
    <log level="full" separator="----== GetDevicesOutSequence ==----"/>
    <property description="TotalDeviceCount" expression="//*[local-name()='DeviceIdentifier']" name="DeviceCount" scope="default" type="STRING"/>
    <log level="custom" separator="---==== property===---">
        <property expression="boolean(get-property('DeviceCount'))" name="count"/>
    </log>
    <filter xpath="boolean(get-property('DeviceCount'))">
        <then>
            <log separator="--- Success ----"/>
            <xslt key="gov:nl/weintegrate/wealert/service/devicemanagement/v1/xslt/GetDeviceDataRequestToJSONRequest.xslt"/>
        </then>
        <else>
            <log separator="--- Error ---"/>
            <payloadFactory media-type="xml">
                <format>
                    <this:GetDeviceResponse xmlns:this="http://www.w-integrate.nl/data/service/devicemanagement_01">
                        <this:Result>
                            <this:ResponseCode>DM-W-0001</this:ResponseCode>
                            <this:ResponseMessage>Record does not exist. Please check input parameters.</this:ResponseMessage>
                        </this:Result>
                    </this:GetDeviceResponse>
                </format>
                <args/>
            </payloadFactory>
        </else>
    </filter>
    <sequence key="DeviceManagementResponseSender"/>
</sequence>
