<?xml version="1.0" encoding="UTF-8"?>
<sequence name="IdentifyErrorSequence" trace="disable" xmlns="http://ws.apache.org/ns/synapse">
    <call-template description="Log-INFO" target="gov:com/commons/util/v1/templates/LoggerTemplate.xml">
        <with-param name="SequenceName" value="ErrorIdentifySequence"/>
        <with-param name="Message" value="Error detected in reponse."/>
        <with-param name="LogLevel" value="INFO"/>
    </call-template>
    <switch description="" source="get-property('EXCEPTION')">
        <case regex="(?s)The value length must be*(.*)">
            <log level="custom" separator="----== Value ==----">
                <property expression="get-property('EXCEPTION')" name="error"/>
            </log>
            <property description="ERROR_MSG" name="ERROR_MSG" scope="default" type="STRING" value="Request is invalid. Please check input parameters."/>
            <property description="ERROR_CODE" name="ERROR_CODE" scope="default" type="STRING" value="DM-E-0009"/>
        </case>
        <case regex=".*Duplicate entry.*">
            <log level="custom" separator="-----== Duplicate ==-------">
                <property expression="get-property('EXCEPTION')" name="error"/>
            </log>
            <property description="ERROR_MSG" name="ERROR_MSG" scope="default" type="STRING" value="Please check the input parameters. Duplicate entries are not allowed."/>
            <property description="ERROR_CODE" name="ERROR_CODE" scope="default" type="STRING" value="DM-E-0007"/>
        </case>
        <default>
            <log level="custom" separator="-----== Default ==-------">
                <property expression="get-property('EXCEPTION')" name="error"/>
            </log>
            <property description="ERROR_MSG" name="ERROR_MSG" scope="default" type="STRING" value="Unexpected error has occurred"/>
            <property description="ERROR_CODE" name="ERROR_CODE" scope="default" type="STRING" value="DM-E-9999"/>
        </default>
    </switch>
</sequence>
