<?xml version="1.0" encoding="UTF-8"?>
<sequence name="RegisterDeviceToDeviceDataInSequence" trace="disable" xmlns="http://ws.apache.org/ns/synapse">
    <log description="Log-INFO" level="full" separator="---== RegisterDeviceInSequence ==---"/>
    <property description="OperationName" name="RequestOperationName" scope="default" type="STRING" value="RegisterDevice"/>
    <payloadFactory media-type="xml">
        <format>
            <this:RegisterDevice xmlns:this="http://www.w-integrate.nl/data/service/devicemanagement_01">
                <this:UserName>$1</this:UserName>
                <this:DeviceIdentifier>$2</this:DeviceIdentifier>
                <this:OperatingSystemType>$3</this:OperatingSystemType>
                <this:OperatingSystemVersion>$4</this:OperatingSystemVersion>
                <this:EnvironmentType>$5</this:EnvironmentType>
            </this:RegisterDevice>
        </format>
        <args>
            <arg evaluator="xml" expression="//*[local-name()='UserName']"/>
            <arg evaluator="xml" expression="//*[local-name()='DeviceIdentifier']"/>
            <arg evaluator="xml" expression="//*[local-name()='OperatingSystemType']"/>
            <arg evaluator="xml" expression="//*[local-name()='OperatingSystemVersion']"/>
            <arg evaluator="xml" expression="//*[local-name()='EnvironmentType']"/>
        </args>
    </payloadFactory>
    <sequence key="SendRequestToDeviceData"/>
</sequence>
