<?xml version="1.0" encoding="UTF-8"?>
<sequence name="RegisterDeviceToDeviceDataOutSequence" trace="disable" xmlns="http://ws.apache.org/ns/synapse">
    <log description="log-INFO" level="full" separator="----== RegisterDeviceOutSequence ==----"/>
    <property expression="//*[local-name()='nested_exception']" name="EXCEPTION" scope="default" type="STRING"/>
    <property description="UpdatedRowCount" expression="//*[local-name()='Value']" name="RowCount" scope="default" type="STRING"/>
    <filter regex="^[1-9]" source="get-property('RowCount')">
        <then>
            <log separator="----== Success==----"/>
            <payloadFactory media-type="xml">
                <format>
                    <this:RegisterDeviceResponse xmlns:this="http://www.w-integrate.nl/data/service/devicemanagement_01">
                        <this:Result>
                            <this:ResponseCode>DM-N-0000</this:ResponseCode>
                            <this:ResponseMessage>Success</this:ResponseMessage>
                        </this:Result>
                    </this:RegisterDeviceResponse>
                </format>
                <args/>
            </payloadFactory>
        </then>
        <else>
            <log separator="----== Error ==----"/>
            <sequence key="IdentifyErrorSequence"/>
            <payloadFactory media-type="xml">
                <format>
                    <this:RegisterDeviceResponse xmlns:this="http://www.w-integrate.nl/data/service/devicemanagement_01">
                        <this:Result>
                            <this:ResponseCode>$1</this:ResponseCode>
                            <this:ResponseMessage>$2</this:ResponseMessage>
                        </this:Result>
                    </this:RegisterDeviceResponse>
                </format>
                <args>
                    <arg evaluator="xml" expression="get-property('ERROR_CODE')"/>
                    <arg evaluator="xml" expression="get-property('ERROR_MSG')"/>
                </args>
            </payloadFactory>
        </else>
    </filter>
    <sequence key="DeviceManagementResponseSender"/>
</sequence>
