<?xml version="1.0" encoding="UTF-8"?>
<sequence name="RegisterDeviceToDeviceDataFaultSequence" trace="disable" xmlns="http://ws.apache.org/ns/synapse">
    <call-template description="Log-INFO" target="gov:com/commons/util/v1/templates/LoggerTemplate.xml">
        <with-param name="SequenceName" value="RegisterDeviceFaultSequence"/>
        <with-param name="Message" value="Error occurred in RegisterDevice."/>
        <with-param name="LogLevel" value="INFO"/>
    </call-template>
    <property description="UserMessage" name="UserMessage" scope="default" type="STRING" value="An unexpected error has occurred."/>
    <payloadFactory media-type="xml">
        <format>
            <this:RegisterDeviceResponse xmlns:this="http://www.w-integrate.nl/data/service/devicemanagement_01">
                <this:Result>
                    <this:ResponseCode>DM-E-9999</this:ResponseCode>
                    <this:ResponseMessage>$1</this:ResponseMessage>
                </this:Result>
            </this:RegisterDeviceResponse>
        </format>
        <args>
            <arg evaluator="xml" expression="get-property('UserMessage')" xmlns:ns="http://org.apache.synapse/xsd"/>
        </args>
    </payloadFactory>
    <header name="Accept" scope="transport" value="application/json"/>
    <property description="ContentType" name="ContentType" scope="axis2" type="STRING" value="application/json"/>
    <property description="messageType" name="messageType" scope="axis2" type="STRING" value="application/json"/>
    <respond/>
</sequence>
