<?xml version="1.0" encoding="UTF-8"?>
<sequence name="SendRequestToDeviceData" trace="disable" xmlns="http://ws.apache.org/ns/synapse">
    <call-template target="gov:com/commons/util/v1/templates/LoggerTemplate.xml">
        <with-param name="SequenceName" value="SendRequestToDeviceData"/>
        <with-param name="Message" value="Going to Request to Device Data Service."/>
        <with-param name="LogLevel" value="INFO"/>
    </call-template>
    <header name="Accept" scope="transport" value="application/xml"/>
    <property description="ContentType" name="ContentType" scope="axis2" type="STRING" value="application/xml"/>
    <property description="messageType" name="messageType" scope="axis2" type="STRING" value="application/xml"/>
    <switch description="" source="get-property('RequestOperationName')">
        <case regex="RegisterDevice">
            <property description="OUT_ONLY" name="OUT_ONLY" scope="default" type="STRING" value="false"/>
            <header name="Action" scope="default" value="urn:RegisterDevice"/>
            <send>
                <endpoint key="gov:nl/weintegrate/wealert/service/devicemanagement/v1/endpoint/CreateDeviceDataEndpoint.xml"/>
            </send>
        </case>
        <case regex="UnregisterDevice">
            <property description="OUT_ONLY" name="OUT_ONLY" scope="default" type="STRING" value="false"/>
            <header name="Action" scope="default" value="urn:UnregisterDevice"/>
            <send>
                <endpoint key="gov:nl/weintegrate/wealert/service/devicemanagement/v1/endpoint/CreateDeviceDataEndpoint.xml"/>
            </send>
        </case>
        <case regex="ListDevice">
            <property description="OUT_ONLY" name="OUT_ONLY" scope="default" type="STRING" value="false"/>
            <header name="Action" scope="default" value="urn:ListDevices"/>
            <send>
                <endpoint key="gov:nl/weintegrate/wealert/service/devicemanagement/v1/endpoint/CreateDeviceDataEndpoint.xml"/>
            </send>
        </case>
        <case regex="GetDevice">
            <property description="OUT_ONLY" name="OUT_ONLY" scope="default" type="STRING" value="false"/>
            <header name="Action" scope="default" value="urn:GetDevicePerUser"/>
            <send>
                <endpoint key="gov:nl/weintegrate/wealert/service/devicemanagement/v1/endpoint/CreateDeviceDataEndpoint.xml"/>
            </send>
        </case>
        <case regex="UnsubscribeUser">
            <property description="OUT_ONLY" name="OUT_ONLY" scope="default" type="STRING" value="false"/>
            <header name="Action" scope="default" value="urn:UnsubscribeUser"/>
            <send>
                <endpoint key="gov:nl/weintegrate/wealert/service/devicemanagement/v1/endpoint/CreateDeviceDataEndpoint.xml"/>
            </send>
        </case>
        <default>
            <log category="WARN" level="full" separator="---=== Invalid Request ===---"/>
            <drop/>
        </default>
    </switch>
</sequence>
