<?xml version="1.0" encoding="UTF-8"?>
<sequence name="UnregisterDeviceOutSequence" trace="disable" xmlns="http://ws.apache.org/ns/synapse">
    <log description="log-INFO" level="full" separator="----== UnegisterDeviceOutSequence ==----"/>
    <property description="UpdatedRowCount" expression="//*[local-name()='Value']" name="RowCount" scope="default" type="STRING"/>
    <filter regex="^[1-9]" source="get-property('RowCount')">
        <then>
            <log separator="----== Success==----"/>
            <payloadFactory media-type="xml">
                <format>
                    <this:UnregisterDeviceResponse xmlns:this="http://www.w-integrate.nl/data/service/devicemanagement_01">
                        <this:Result>
                            <this:ResponseCode>DM-N-0000</this:ResponseCode>
                            <this:ResponseMessage>Success</this:ResponseMessage>
                        </this:Result>
                    </this:UnregisterDeviceResponse>
                </format>
                <args/>
            </payloadFactory>
        </then>
        <else>
            <log separator="----== Error ==----"/>
            <payloadFactory media-type="xml">
                <format>
                    <this:UnregisterDeviceResponse xmlns:this="http://www.w-integrate.nl/data/service/devicemanagement_01">
                        <this:Result>
                            <this:ResponseCode>DM-W-0001</this:ResponseCode>
                            <this:ResponseMessage>Record does not exist. Please check input parameters.</this:ResponseMessage>
                        </this:Result>
                    </this:UnregisterDeviceResponse>
                </format>
                <args/>
            </payloadFactory>
        </else>
    </filter>
    <sequence key="DeviceManagementResponseSender"/>
</sequence>
