<?xml version="1.0" encoding="UTF-8"?>

<mule xmlns:jms="http://www.mulesoft.org/schema/mule/jms" xmlns:db="http://www.mulesoft.org/schema/mule/db"
	xmlns:http="http://www.mulesoft.org/schema/mule/http" xmlns="http://www.mulesoft.org/schema/mule/core"
	xmlns:doc="http://www.mulesoft.org/schema/mule/documentation"
	xmlns:xsi="http://www.w3.org/2001/XMLSchema-instance"
	xsi:schemaLocation="
http://www.mulesoft.org/schema/mule/db http://www.mulesoft.org/schema/mule/db/current/mule-db.xsd http://www.mulesoft.org/schema/mule/core http://www.mulesoft.org/schema/mule/core/current/mule.xsd
http://www.mulesoft.org/schema/mule/http http://www.mulesoft.org/schema/mule/http/current/mule-http.xsd
http://www.mulesoft.org/schema/mule/jms http://www.mulesoft.org/schema/mule/jms/current/mule-jms.xsd">
	<db:config name="Database_Config" doc:name="Database Config"
		doc:id="194ca1b3-13a4-4b23-bb2f-aea9e658d5ec">
		<db:my-sql-connection host="localhost" port="3306"
			user="GGMD" password="nhf64tw2!dcDDn" database="GGMDLOAD">
			<db:connection-properties>
			</db:connection-properties>
		</db:my-sql-connection>
	</db:config>
	<jms:config name="JMS_Config" doc:name="JMS Config"
		doc:id="4c61e84b-4f8a-4f68-bf56-167cad6237bf">
		<jms:active-mq-connection username="admin"
			password="admin">
			<jms:factory-configuration brokerUrl="tcp://localhost:61616" />
		</jms:active-mq-connection>
	</jms:config>
	<flow name="store_transaction_data" doc:id="429e4c21-08b8-4dbf-b18b-51246b32a52a">
		<jms:listener doc:name="Listener"
			doc:id="7bc26333-4d1e-44b9-af44-96f0029476fc" config-ref="JMS_Config"
			destination="transaction_rows_from_exact" />
		<db:stored-procedure doc:name="Stored procedure" doc:id="b1bc9431-04f0-4a07-b109-41eb8de43c2a" config-ref="Database_Config">
			<db:sql >call load_transaction_row(:Year,
:Month,
:Date,
:CostCenterCode,
:CostCenter,
:Category1Code,
:Category1,
:Category2Code,
:Category2,
:Category3Code,
:Category3,
:Category4Code,
:Category4,
:Amount
)</db:sql>
			<db:input-parameters ><![CDATA[#[{
  Year:payload.Year,
  Month:payload.Month,
  Date:payload.Date,
  CostCenterCode:payload.CostCenterCode,
  CostCenter:payload.CostCenter,
  Category1Code:payload.Category1Code,
  Category1:payload.Category1,
  Category2Code:payload.Category2Code,
  Category2:payload.Category2,
  Category3Code:payload.Category3Code,
  Category3:payload.Category3,
  Category4Code:payload.Category4Code,
  Category4:payload.Category4,
  Amount:payload.Amount
}]]]></db:input-parameters>
		</db:stored-procedure>
	</flow>
	<flow name="store_budget_data" doc:id="697cfc86-ddd7-4724-9d81-92120a72e3d5" >
		<jms:listener doc:name="Listener"
			doc:id="60a5055a-8983-42df-9112-2cd7acbbcdf5" config-ref="JMS_Config" destination="budget_rows_from_exact" />
		<db:stored-procedure doc:name="Stored procedure" doc:id="ace5c35e-cbdb-403e-a52a-92b4cc67f25c" config-ref="Database_Config">
			<db:sql >call load_budget_row(:Year,
:Month,
:Date,
:CostCenterCode,
:CostCenter,
:Category1Code,
:Category1,
:Category2Code,
:Category2,
:Category3Code,
:Category3,
:Category4Code,
:Category4,
:Amount
)</db:sql>
			<db:input-parameters ><![CDATA[#[{
  Year:payload.Year,
  Month:payload.Month,
  Date:payload.Date,
  CostCenterCode:payload.CostCenterCode,
  CostCenter:payload.CostCenter,
  Category1Code:payload.Category1Code,
  Category1:payload.Category1,
  Category2Code:payload.Category2Code,
  Category2:payload.Category2,
  Category3Code:payload.Category3Code,
  Category3:payload.Category3,
  Category4Code:payload.Category4Code,
  Category4:payload.Category4,
  Amount:payload.Amount
}]]]></db:input-parameters>
		</db:stored-procedure>
	</flow>
</mule>
