<?xml version="1.0" encoding="UTF-8"?><artifacts>
    <artifact name="Address_01_xsd" groupId="com.weintegrate.W-AlertCommonsREG.resource" version="1.0.0" type="registry/resource" serverRole="GovernanceRegistry">
        <item>
            <file>Address_01.xsd</file>
            <path>/_system/governance/nl/weintegrate/wealert/cdm/xsd</path>
            <mediaType>application/x-xsd+xml</mediaType>
        </item>
    </artifact>
    
    <artifact name="ApplicationGroup_01_xsd" groupId="com.weintegrate.W-AlertCommonsREG.resource" version="1.0.0" type="registry/resource" serverRole="GovernanceRegistry">
        <item>
            <file>ApplicationGroup_01.xsd</file>
            <path>/_system/governance/nl/weintegrate/wealert/cdm/xsd</path>
            <mediaType>application/x-xsd+xml</mediaType>
        </item>
    </artifact>
     <artifact name="EventSubscription_01_xsd" groupId="com.weintegrate.W-AlertCommonsREG.resource" version="1.0.0" type="registry/resource" serverRole="GovernanceRegistry">
        <item>
            <file>EventSubscription_01.xsd</file>
            <path>/_system/governance/nl/weintegrate/wealert/cdm/xsd</path>
            <mediaType>application/x-xsd+xml</mediaType>
        </item>
    </artifact>
    <artifact name="CommunicationChannel_01_xsd" groupId="com.weintegrate.W-AlertCommonsREG.resource" version="1.0.0" type="registry/resource" serverRole="GovernanceRegistry">
        <item>
            <file>CommunicationChannel_01.xsd</file>
            <path>/_system/governance/nl/weintegrate/wealert/cdm/xsd</path>
            <mediaType>application/x-xsd+xml</mediaType>
        </item>
    </artifact>
    
    <artifact name="Person_01_xsd" groupId="com.weintegrate.W-AlertCommonsREG.resource" version="1.0.0" type="registry/resource" serverRole="GovernanceRegistry">
        <item>
            <file>Person_01.xsd</file>
            <path>/_system/governance/nl/weintegrate/wealert/cdm/xsd</path>
            <mediaType>application/x-xsd+xml</mediaType>
        </item>
    </artifact>
    <artifact name="Role_01_xsd" groupId="com.weintegrate.W-AlertCommonsREG.resource" version="1.0.0" type="registry/resource" serverRole="GovernanceRegistry">
        <item>
            <file>Role_01.xsd</file>
            <path>/_system/governance/nl/weintegrate/wealert/cdm/xsd</path>
            <mediaType>application/x-xsd+xml</mediaType>
        </item>
    </artifact>
    
    <artifact name="User_01_xsd" groupId="com.weintegrate.W-AlertCommonsREG.resource" version="1.0.0" type="registry/resource" serverRole="GovernanceRegistry">
        <item>
            <file>User_01.xsd</file>
            <path>/_system/governance/nl/weintegrate/wealert/cdm/xsd</path>
            <mediaType>application/x-xsd+xml</mediaType>
        </item>
    </artifact>
    
   
    <artifact name="Organization_01_xsd" groupId="com.weintegrate.W-AlertCommonsREG.resource" version="1.0.0" type="registry/resource" serverRole="GovernanceRegistry">
        <item>
            <file>Organization_01.xsd</file>
            <path>/_system/governance/nl/weintegrate/wealert/cdm/xsd</path>
            <mediaType>application/x-xsd+xml</mediaType>
        </item>
    </artifact>
    <artifact name="EventSubscriptionManagement_01_RequestResponse_xsd" groupId="com.weintegrate.W-AlertCommonsREG.resource" version="1.0.0" type="registry/resource" serverRole="GovernanceRegistry">
        <item>
            <file>EventSubscriptionManagement_01_RequestResponse.xsd</file>
            <path>/_system/governance/nl/weintegrate/wealert/cdm/xsd</path>
            <mediaType>application/x-xsd+xml</mediaType>
        </item>
    </artifact>
	<artifact name="EventPublicationManagement_01_RequestResponse_xsd" groupId="com.weintegrate.W-AlertCommonsREG.resource" version="1.0.0" type="registry/resource" serverRole="GovernanceRegistry">
        <item>
            <file>EventPublicationManagement_01_RequestResponse.xsd</file>
            <path>/_system/governance/nl/weintegrate/wealert/cdm/xsd</path>
            <mediaType>application/x-xsd+xml</mediaType>
        </item>
    </artifact>
	<artifact name="EventRouter_01_RequestResponse_xsd" groupId="com.weintegrate.W-AlertCommonsREG.resource" version="1.0.0" type="registry/resource" serverRole="GovernanceRegistry">
        <item>
            <file>EventRouter_01_RequestResponse.xsd</file>
            <path>/_system/governance/nl/weintegrate/wealert/cdm/xsd</path>
            <mediaType>application/x-xsd+xml</mediaType>
        </item>
    </artifact>
    <artifact name="IdentityAndAccessManagement_01_RequestResponse_xsd" groupId="com.weintegrate.W-AlertCommonsREG.resource" version="1.0.0" type="registry/resource" serverRole="GovernanceRegistry">
        <item>
            <file>IdentityAndAccessManagement_01_RequestResponse.xsd</file>
            <path>/_system/governance/nl/weintegrate/wealert/cdm/xsd</path>
            <mediaType>application/x-xsd+xml</mediaType>
        </item>
    </artifact>
	<artifact name="ClientManagement_01_RequestResponse_xsd" groupId="com.weintegrate.W-AlertCommonsREG.resource" version="1.0.0" type="registry/resource" serverRole="GovernanceRegistry">
        <item>
            <file>ClientManagement_01_RequestResponse.xsd</file>
            <path>/_system/governance/nl/weintegrate/wealert/cdm/xsd</path>
            <mediaType>application/x-xsd+xml</mediaType>
        </item>
    </artifact>
    <artifact name="CMMHeader_01_xsd" groupId="com.weintegrate.W-AlertCommonsREG.resource" version="1.0.0" type="registry/resource" serverRole="GovernanceRegistry">
        <item>
            <file>CMMHeader_01.xsd</file>
            <path>/_system/governance/nl/weintegrate/wealert/cdm/xsd</path>
            <mediaType>application/x-xsd+xml</mediaType>
        </item>
    </artifact>
    <artifact name="Alert_01_xsd" groupId="com.weintegrate.W-AlertCommonsREG.resource" version="1.0.0" type="registry/resource" serverRole="GovernanceRegistry">
        <item>
            <file>Alert_01.xsd</file>
            <path>/_system/governance/nl/weintegrate/wealert/cdm/xsd</path>
            <mediaType>application/x-xsd+xml</mediaType>
        </item>
    </artifact>
    <artifact name="Event_01_xsd" groupId="com.weintegrate.W-AlertCommonsREG.resource" version="1.0.0" type="registry/resource" serverRole="GovernanceRegistry">
        <item>
            <file>Event_01.xsd</file>
            <path>/_system/governance/nl/weintegrate/wealert/cdm/xsd</path>
            <mediaType>application/x-xsd+xml</mediaType>
        </item>
    </artifact>
</artifacts>
