<?xml version="1.0" encoding="UTF-8"?>
<this:PublishEventRequest xmlns:address="http://www.w-integrate.nl/cdm/xsd/address_01" xmlns:applicationgroup="http://www.w-integrate.nl/cdm/xsd/applicationgroup_01" xmlns:cmm="http://www.w-integrate.nl/cmm/xsd/cmm_01" xmlns:organization="http://www.w-integrate.nl/cdm/xsd/organization_01" xmlns:this="http://www.w-integrate.nl/xsd/eventpublicationmanagement_01/requestresponse" xmlns:tns="http://www.w-integrate.nl/cdm/xsd/event_01" xmlns:xsi="http://www.w3.org/2001/XMLSchema-instance" xsi:schemaLocation="http://www.w-integrate.nl/xsd/eventpublicationmanagement_01/requestresponse EventPublicationManagement_01_RequestResponse.xsd ">
  <cmm:CMMHeader>
    <cmm:CorrelationId>cmm:CorrelationId</cmm:CorrelationId>
  </cmm:CMMHeader>
  <this:ClientContext>
    <organization:OrganizationId>organization:OrganizationId</organization:OrganizationId>
    <applicationgroup:ApplicationGroupId>applicationgroup:ApplicationGroupId</applicationgroup:ApplicationGroupId>
  </this:ClientContext>
  <this:Event>
    <tns:EventId>tns:EventId</tns:EventId>
    <tns:EventTitle>tns:EventTitle</tns:EventTitle>
    <tns:EventMessage>tns:EventMessage</tns:EventMessage>
    <tns:EventType>tns:EventType</tns:EventType>
    <tns:EventSeverity>tns:EventSeverity</tns:EventSeverity>
    <tns:HostName>tns:HostName</tns:HostName>
    <tns:ProcessId>tns:ProcessId</tns:ProcessId>
    <tns:ProcessName>tns:ProcessName</tns:ProcessName>
    <tns:ServerIP>tns:ServerIP</tns:ServerIP>
    <tns:SourceSystemId>tns:SourceSystemId</tns:SourceSystemId>
    <tns:ThreadId>tns:ThreadId</tns:ThreadId>
    <tns:ComponentName>tns:ComponentName</tns:ComponentName>
    <tns:EnvironmentName>tns:EnvironmentName</tns:EnvironmentName>
    <tns:TimeStamp>2001-12-31T12:00:00</tns:TimeStamp>
    <tns:StackTrace>tns:StackTrace</tns:StackTrace>
  </this:Event>
</this:PublishEventRequest>
