<?xml version="1.0" encoding="UTF-8"?>
<this:RouteEventRequest xmlns:applicationgroup="http://www.w-integrate.nl/cdm/xsd/applicationgroup_01" xmlns:channel="http://www.w-integrate.nl/cdm/xsd/communicationchannel_01" xmlns:cmm="http://www.w-integrate.nl/cmm/xsd/cmm_01" xmlns:person="http://www.w-integrate.nl/cdm/xsd/person_01" xmlns:role="http://www.w-integrate.nl/cdm/xsd/role_01" xmlns:this="http://www.w-integrate.nl/xsd/eventpublicationmanagement_01/requestresponse" xmlns:tns="http://www.w-integrate.nl/cdm/xsd/alert_01" xmlns:user="http://www.w-integrate.nl/cdm/xsd/user_01" xmlns:xsi="http://www.w3.org/2001/XMLSchema-instance" xsi:schemaLocation="http://www.w-integrate.nl/xsd/eventpublicationmanagement_01/requestresponse EventRouter_01_RequestResponse.xsd ">
  <cmm:CMMHeader>
    <cmm:CorrelationId>cmm:CorrelationId</cmm:CorrelationId>
  </cmm:CMMHeader>
  <this:ClientContext>
    <user:UserName>user:UserName</user:UserName>
  </this:ClientContext>
  <applicationgroup:ApplicationGroupId>applicationgroup:ApplicationGroupId</applicationgroup:ApplicationGroupId>
  <this:Alert>
    <tns:AlertId>tns:AlertId</tns:AlertId>
    <tns:AlertTitle>tns:AlertTitle</tns:AlertTitle>
    <tns:AlertMessage>tns:AlertMessage</tns:AlertMessage>
    <tns:AlertType>tns:AlertType</tns:AlertType>
    <tns:Severity>tns:Severity</tns:Severity>
    <tns:ComponentName>tns:ComponentName</tns:ComponentName>
    <tns:EnvironmentName>tns:EnvironmentName</tns:EnvironmentName>
    <tns:HostName>tns:HostName</tns:HostName>
    <tns:SourceSystemId>tns:SourceSystemId</tns:SourceSystemId>
    <tns:TimeStamp>2001-12-31T12:00:00</tns:TimeStamp>
  </this:Alert>
</this:RouteEventRequest>
