<?xml version="1.0" encoding="UTF-8"?><artifacts>
    <artifact name="ErrorQueueEndpoint" groupId="nl.weintegrate.wealert.services.identityandaccessmanagement.wso2.resource" version="1.0.0" type="registry/resource" serverRole="EnterpriseServiceBus">
        <item>
            <file>ErrorQueueEndpoint.xml</file>
            <path>/_system/governance/nl/weintegrate/wealert/service/identityandaccessmanagement/v1/endpoint</path>
            <mediaType>application/vnd.wso2.esb.endpoint</mediaType>
        </item>
    </artifact>
    <artifact name="ProvisionUserISEndpoint" groupId="nl.weintegrate.wealert.services.identityandaccessmanagement.wso2.resource" version="1.0.0" type="registry/resource" serverRole="EnterpriseServiceBus">
        <item>
            <file>ProvisionUserISEndpoint.xml</file>
            <path>/_system/governance/nl/weintegrate/wealert/service/identityandaccessmanagement/v1/endpoint</path>
            <mediaType>application/vnd.wso2.esb.endpoint</mediaType>
        </item>
    </artifact>
    <artifact name="ProvisionUserCDMRequestToISRequest" groupId="nl.weintegrate.wealert.services.identityandaccessmanagement.wso2.resource" version="1.0.0" type="registry/resource" serverRole="EnterpriseServiceBus">
        <item>
            <file>ProvisionUserCDMRequestToISRequest.xslt</file>
            <path>/_system/governance/nl/weintegrate/wealert/service/identityandaccessmanagement/v1/xslt</path>
            <mediaType>application/xslt+xml</mediaType>
        </item>
    </artifact>
    <artifact name="ProvisionUserISResponseToCDMResponse" groupId="nl.weintegrate.wealert.services.identityandaccessmanagement.wso2.resource" version="1.0.0" type="registry/resource" serverRole="EnterpriseServiceBus">
        <item>
            <file>ProvisionUserISResponseToCDMResponse.xslt</file>
            <path>/_system/governance/nl/weintegrate/wealert/service/identityandaccessmanagement/v1/xslt</path>
            <mediaType>application/xslt+xml</mediaType>
        </item>
    </artifact>
    <artifact name="RemoveUserISEndpoint" groupId="nl.weintegrate.wealert.services.identityandaccessmanagement.wso2.resource" version="1.0.0" type="registry/resource" serverRole="EnterpriseServiceBus">
        <item>
            <file>RemoveUserISEndpoint.xml</file>
            <path>/_system/governance/nl/weintegrate/wealert/service/identityandaccessmanagement/v1/endpoint</path>
            <mediaType>application/vnd.wso2.esb.endpoint</mediaType>
        </item>
    </artifact>
    <artifact name="RemoveUserCDMRequestToISRequest" groupId="nl.weintegrate.wealert.services.identityandaccessmanagement.wso2.resource" version="1.0.0" type="registry/resource" serverRole="EnterpriseServiceBus">
        <item>
            <file>RemoveUserCDMRequestToISRequest.xslt</file>
            <path>/_system/governance/nl/weintegrate/wealert/service/identityandaccessmanagement/v1/xslt</path>
            <mediaType>application/xslt+xml</mediaType>
        </item>
    </artifact>
    <artifact name="RemoveUserISResponseToCDMResponse" groupId="nl.weintegrate.wealert.services.identityandaccessmanagement.wso2.resource" version="1.0.0" type="registry/resource" serverRole="EnterpriseServiceBus">
        <item>
            <file>RemoveUserISResponseToCDMResponse.xslt</file>
            <path>/_system/governance/nl/weintegrate/wealert/service/identityandaccessmanagement/v1/xslt</path>
            <mediaType>application/xslt+xml</mediaType>
        </item>
    </artifact>
    <artifact name="UpdateUserISEndpoint" groupId="nl.weintegrate.wealert.services.identityandaccessmanagement.wso2.resource" version="1.0.0" type="registry/resource" serverRole="EnterpriseServiceBus">
        <item>
            <file>UpdateUserISEndpoint.xml</file>
            <path>/_system/governance/nl/weintegrate/wealert/service/identityandaccessmanagement/v1/endpoint</path>
            <mediaType>application/vnd.wso2.esb.endpoint</mediaType>
        </item>
    </artifact>
    <artifact name="UpdateUserCDMRequestToISRequest" groupId="nl.weintegrate.wealert.services.identityandaccessmanagement.wso2.resource" version="1.0.0" type="registry/resource" serverRole="EnterpriseServiceBus">
        <item>
            <file>UpdateUserCDMRequestToISRequest.xslt</file>
            <path>/_system/governance/nl/weintegrate/wealert/service/identityandaccessmanagement/v1/xslt</path>
            <mediaType>application/xslt+xml</mediaType>
        </item>
    </artifact>
    <artifact name="UpdateUserISResponseToCDMResponse" groupId="nl.weintegrate.wealert.services.identityandaccessmanagement.wso2.resource" version="1.0.0" type="registry/resource" serverRole="EnterpriseServiceBus">
        <item>
            <file>UpdateUserISResponseToCDMResponse.xslt</file>
            <path>/_system/governance/nl/weintegrate/wealert/service/identityandaccessmanagement/v1/xslt</path>
            <mediaType>application/xslt+xml</mediaType>
        </item>
    </artifact>
    <artifact name="ProvisionClientISEndpoint" groupId="nl.weintegrate.wealert.services.identityandaccessmanagement.wso2.resource" version="1.0.0" type="registry/resource" serverRole="EnterpriseServiceBus">
        <item>
            <file>ProvisionClientISEndpoint.xml</file>
            <path>/_system/governance/nl/weintegrate/wealert/service/identityandaccessmanagement/v1/endpoint</path>
            <mediaType>application/vnd.wso2.esb.endpoint</mediaType>
        </item>
    </artifact>
    <artifact name="ProvisionClientCDMRequestToISRequest" groupId="nl.weintegrate.wealert.services.identityandaccessmanagement.wso2.resource" version="1.0.0" type="registry/resource" serverRole="EnterpriseServiceBus">
        <item>
            <file>ProvisionClientCDMRequestToISRequest.xslt</file>
            <path>/_system/governance/nl/weintegrate/wealert/service/identityandaccessmanagement/v1/xslt</path>
            <mediaType>application/xslt+xml</mediaType>
        </item>
    </artifact>
    <artifact name="ProvisionClientISResponseToCDMResponse" groupId="nl.weintegrate.wealert.services.identityandaccessmanagement.wso2.resource" version="1.0.0" type="registry/resource" serverRole="EnterpriseServiceBus">
        <item>
            <file>ProvisionClientISResponseToCDMResponse.xslt</file>
            <path>/_system/governance/nl/weintegrate/wealert/service/identityandaccessmanagement/v1/xslt</path>
            <mediaType>application/xslt+xml</mediaType>
        </item>
    </artifact>
    <artifact name="ProvisionApplicationGroupISEndpoint" groupId="nl.weintegrate.wealert.services.identityandaccessmanagement.wso2.resource" version="1.0.0" type="registry/resource" serverRole="EnterpriseServiceBus">
        <item>
            <file>ProvisionApplicationGroupISEndpoint.xml</file>
            <path>/_system/governance/nl/weintegrate/wealert/service/identityandaccessmanagement/v1/endpoint</path>
            <mediaType>application/vnd.wso2.esb.endpoint</mediaType>
        </item>
    </artifact>
    <artifact name="ProvisionApplicationGroupCDMRequestToISRequest" groupId="nl.weintegrate.wealert.services.identityandaccessmanagement.wso2.resource" version="1.0.0" type="registry/resource" serverRole="EnterpriseServiceBus">
        <item>
            <file>ProvisionApplicationGroupCDMRequestToISRequest.xslt</file>
            <path>/_system/governance/nl/weintegrate/wealert/service/identityandaccessmanagement/v1/xslt</path>
            <mediaType>application/xslt+xml</mediaType>
        </item>
    </artifact>
    <artifact name="ProvisionApplicationGroupISResponseToCDMResponse" groupId="nl.weintegrate.wealert.services.identityandaccessmanagement.wso2.resource" version="1.0.0" type="registry/resource" serverRole="EnterpriseServiceBus">
        <item>
            <file>ProvisionApplicationGroupISResponseToCDMResponse.xslt</file>
            <path>/_system/governance/nl/weintegrate/wealert/service/identityandaccessmanagement/v1/xslt</path>
            <mediaType>application/xslt+xml</mediaType>
        </item>
    </artifact>
    <artifact name="AssignUserToApplicationGroupISEndpoint" groupId="nl.weintegrate.wealert.services.identityandaccessmanagement.wso2.resource" version="1.0.0" type="registry/resource" serverRole="EnterpriseServiceBus">
        <item>
            <file>AssignUserToApplicationGroupISEndpoint.xml</file>
            <path>/_system/governance/nl/weintegrate/wealert/service/identityandaccessmanagement/v1/endpoint</path>
            <mediaType>application/vnd.wso2.esb.endpoint</mediaType>
        </item>
    </artifact>
    <artifact name="AssignUserToApplicationGroupCDMRequestToISRequest" groupId="nl.weintegrate.wealert.services.identityandaccessmanagement.wso2.resource" version="1.0.0" type="registry/resource" serverRole="EnterpriseServiceBus">
        <item>
            <file>AssignUserToApplicationGroupCDMRequestToISRequest.xslt</file>
            <path>/_system/governance/nl/weintegrate/wealert/service/identityandaccessmanagement/v1/xslt</path>
            <mediaType>application/xslt+xml</mediaType>
        </item>
    </artifact>
    <artifact name="AssignUserToApplicationGroupISResponseToCDMResponse" groupId="nl.weintegrate.wealert.services.identityandaccessmanagement.wso2.resource" version="1.0.0" type="registry/resource" serverRole="EnterpriseServiceBus">
        <item>
            <file>AssignUserToApplicationGroupISResponseToCDMResponse.xslt</file>
            <path>/_system/governance/nl/weintegrate/wealert/service/identityandaccessmanagement/v1/xslt</path>
            <mediaType>application/xslt+xml</mediaType>
        </item>
    </artifact>
    <artifact name="RemoveUserFromApplicationGroupISEndpoint" groupId="nl.weintegrate.wealert.services.identityandaccessmanagement.wso2.resource" version="1.0.0" type="registry/resource" serverRole="EnterpriseServiceBus">
        <item>
            <file>RemoveUserFromApplicationGroupISEndpoint.xml</file>
            <path>/_system/governance/nl/weintegrate/wealert/service/identityandaccessmanagement/v1/endpoint</path>
            <mediaType>application/vnd.wso2.esb.endpoint</mediaType>
        </item>
    </artifact>
    <artifact name="RemoveUserFromApplicationGroupCDMRequestToISRequest" groupId="nl.weintegrate.wealert.services.identityandaccessmanagement.wso2.resource" version="1.0.0" type="registry/resource" serverRole="EnterpriseServiceBus">
        <item>
            <file>RemoveUserFromApplicationGroupCDMRequestToISRequest.xslt</file>
            <path>/_system/governance/nl/weintegrate/wealert/service/identityandaccessmanagement/v1/xslt</path>
            <mediaType>application/xslt+xml</mediaType>
        </item>
    </artifact>
    <artifact name="RemoveUserFromApplicationGroupISResponseToCDMResponse" groupId="nl.weintegrate.wealert.services.identityandaccessmanagement.wso2.resource" version="1.0.0" type="registry/resource" serverRole="EnterpriseServiceBus">
        <item>
            <file>RemoveUserFromApplicationGroupISResponseToCDMResponse.xslt</file>
            <path>/_system/governance/nl/weintegrate/wealert/service/identityandaccessmanagement/v1/xslt</path>
            <mediaType>application/xslt+xml</mediaType>
        </item>
    </artifact>
    <artifact name="AuthenticateISEndpoint" groupId="nl.weintegrate.wealert.services.identityandaccessmanagement.wso2.resource" version="1.0.0" type="registry/resource" serverRole="EnterpriseServiceBus">
        <item>
            <file>AuthenticateISEndpoint.xml</file>
            <path>/_system/governance/nl/weintegrate/wealert/service/identityandaccessmanagement/v1/endpoint</path>
            <mediaType>application/vnd.wso2.esb.endpoint</mediaType>
        </item>
    </artifact>
    <artifact name="AuthenticateCDMRequestToISRequest" groupId="nl.weintegrate.wealert.services.identityandaccessmanagement.wso2.resource" version="1.0.0" type="registry/resource" serverRole="EnterpriseServiceBus">
        <item>
            <file>AuthenticateCDMRequestToISRequest.xslt</file>
            <path>/_system/governance/nl/weintegrate/wealert/service/identityandaccessmanagement/v1/xslt</path>
            <mediaType>application/xslt+xml</mediaType>
        </item>
    </artifact>
    <artifact name="AuthenticateISResponseToCDMResponse" groupId="nl.weintegrate.wealert.services.identityandaccessmanagement.wso2.resource" version="1.0.0" type="registry/resource" serverRole="EnterpriseServiceBus">
        <item>
            <file>AuthenticateISResponseToCDMResponse.xslt</file>
            <path>/_system/governance/nl/weintegrate/wealert/service/identityandaccessmanagement/v1/xslt</path>
            <mediaType>application/xslt+xml</mediaType>
        </item>
    </artifact>
    <artifact name="ChangePasswordISEndpoint" groupId="nl.weintegrate.wealert.services.identityandaccessmanagement.wso2.resource" version="1.0.0" type="registry/resource" serverRole="EnterpriseServiceBus">
        <item>
            <file>ChangePasswordISEndpoint.xml</file>
            <path>/_system/governance/nl/weintegrate/wealert/service/identityandaccessmanagement/v1/endpoint</path>
            <mediaType>application/vnd.wso2.esb.endpoint</mediaType>
        </item>
    </artifact>
    <artifact name="ChangePasswordCDMRequestToISRequest" groupId="nl.weintegrate.wealert.services.identityandaccessmanagement.wso2.resource" version="1.0.0" type="registry/resource" serverRole="EnterpriseServiceBus">
        <item>
            <file>ChangePasswordCDMRequestToISRequest.xslt</file>
            <path>/_system/governance/nl/weintegrate/wealert/service/identityandaccessmanagement/v1/xslt</path>
            <mediaType>application/xslt+xml</mediaType>
        </item>
    </artifact>
    <artifact name="ChangePasswordISResponseToCDMResponse" groupId="nl.weintegrate.wealert.services.identityandaccessmanagement.wso2.resource" version="1.0.0" type="registry/resource" serverRole="EnterpriseServiceBus">
        <item>
            <file>ChangePasswordISResponseToCDMResponse.xslt</file>
            <path>/_system/governance/nl/weintegrate/wealert/service/identityandaccessmanagement/v1/xslt</path>
            <mediaType>application/xslt+xml</mediaType>
        </item>
    </artifact>
    <artifact name="ResetPasswordISEndpoint" groupId="nl.weintegrate.wealert.services.identityandaccessmanagement.wso2.resource" version="1.0.0" type="registry/resource" serverRole="EnterpriseServiceBus">
        <item>
            <file>ResetPasswordISEndpoint.xml</file>
            <path>/_system/governance/nl/weintegrate/wealert/service/identityandaccessmanagement/v1/endpoint</path>
            <mediaType>application/vnd.wso2.esb.endpoint</mediaType>
        </item>
    </artifact>
    <artifact name="ResetPasswordCDMRequestToISRequest" groupId="nl.weintegrate.wealert.services.identityandaccessmanagement.wso2.resource" version="1.0.0" type="registry/resource" serverRole="EnterpriseServiceBus">
        <item>
            <file>ResetPasswordCDMRequestToISRequest.xslt</file>
            <path>/_system/governance/nl/weintegrate/wealert/service/identityandaccessmanagement/v1/xslt</path>
            <mediaType>application/xslt+xml</mediaType>
        </item>
    </artifact>
    <artifact name="ResetPasswordISResponseToCDMResponse" groupId="nl.weintegrate.wealert.services.identityandaccessmanagement.wso2.resource" version="1.0.0" type="registry/resource" serverRole="EnterpriseServiceBus">
        <item>
            <file>ResetPasswordISResponseToCDMResponse.xslt</file>
            <path>/_system/governance/nl/weintegrate/wealert/service/identityandaccessmanagement/v1/xslt</path>
            <mediaType>application/xslt+xml</mediaType>
        </item>
    </artifact>
    <artifact name="RegisterDeviceISEndpoint" groupId="nl.weintegrate.wealert.services.identityandaccessmanagement.wso2.resource" version="1.0.0" type="registry/resource" serverRole="EnterpriseServiceBus">
        <item>
            <file>RegisterDeviceISEndpoint.xml</file>
            <path>/_system/governance/nl/weintegrate/wealert/service/identityandaccessmanagement/v1/endpoint</path>
            <mediaType>application/vnd.wso2.esb.endpoint</mediaType>
        </item>
    </artifact>
    <artifact name="RegisterDeviceCDMRequestToISRequest" groupId="nl.weintegrate.wealert.services.identityandaccessmanagement.wso2.resource" version="1.0.0" type="registry/resource" serverRole="EnterpriseServiceBus">
        <item>
            <file>RegisterDeviceCDMRequestToISRequest.xslt</file>
            <path>/_system/governance/nl/weintegrate/wealert/service/identityandaccessmanagement/v1/xslt</path>
            <mediaType>application/xslt+xml</mediaType>
        </item>
    </artifact>
    <artifact name="RegisterDeviceISResponseToCDMResponse" groupId="nl.weintegrate.wealert.services.identityandaccessmanagement.wso2.resource" version="1.0.0" type="registry/resource" serverRole="EnterpriseServiceBus">
        <item>
            <file>RegisterDeviceISResponseToCDMResponse.xslt</file>
            <path>/_system/governance/nl/weintegrate/wealert/service/identityandaccessmanagement/v1/xslt</path>
            <mediaType>application/xslt+xml</mediaType>
        </item>
    </artifact>
    <artifact name="AuthenticateJsonToCDMRequest" groupId="nl.weintegrate.wealert.services.identityandaccessmanagement.wso2.resource" version="1.0.0" type="registry/resource" serverRole="EnterpriseServiceBus">
        <item>
            <file>AuthenticateJsonToCDMRequest.xslt</file>
            <path>/_system/governance/nl/weintegrate/wealert/service/identityandaccessmanagement/v1/xslt</path>
            <mediaType>application/xslt+xml</mediaType>
        </item>
    </artifact>
    <artifact name="ProvisionClientJsonToCDMRequest" groupId="nl.weintegrate.wealert.services.identityandaccessmanagement.wso2.resource" version="1.0.0" type="registry/resource" serverRole="GovernanceRegistry">
        <item>
            <file>ProvisionClientJsonToCDMRequest.xslt</file>
            <path>/_system/governance/nl/weintegrate/wealert/service/identityandaccessmanagement/v1/xslt</path>
            <mediaType>application/xslt+xml</mediaType>
        </item>
    </artifact>
    <artifact name="CreatePolicyISEndpoint" groupId="nl.weintegrate.wealert.services.identityandaccessmanagement.wso2.resource" version="1.0.0" type="registry/resource" serverRole="GovernanceRegistry">
        <item>
            <file>CreatePolicyISEndpoint.xml</file>
            <path>/_system/governance/nl/weintegrate/wealert/service/identityandaccessmanagement/v1/endpoint</path>
            <mediaType>application/vnd.wso2.esb.endpoint</mediaType>
        </item>
    </artifact>
    <artifact name="RoleISEndpoint" groupId="nl.weintegrate.wealert.services.identityandaccessmanagement.wso2.resource" version="1.0.0" type="registry/resource" serverRole="GovernanceRegistry">
        <item>
            <file>RoleISEndpoint.xml</file>
            <path>/_system/governance/nl/weintegrate/wealert/service/identityandaccessmanagement/v1/endpoint</path>
            <mediaType>application/vnd.wso2.esb.endpoint</mediaType>
        </item>
    </artifact>
    <artifact name="CreateAdminUserForClientCDMToISRequest" groupId="nl.weintegrate.wealert.services.identityandaccessmanagement.wso2.resource" version="1.0.0" type="registry/resource" serverRole="GovernanceRegistry">
        <item>
            <file>CreateAdminUserForClientCDMToISRequest.xslt</file>
            <path>/_system/governance/nl/weintegrate/wealert/service/identityandaccessmanagement/v1/xslt</path>
            <mediaType>application/xsl+xml</mediaType>
        </item>
    </artifact>
    <artifact name="AuthorizationPolicyISEndpoint" groupId="nl.weintegrate.wealert.services.identityandaccessmanagement.wso2.resource" version="1.0.0" type="registry/resource" serverRole="GovernanceRegistry">
        <item>
            <file>AuthorizationPolicyISEndpoint.xml</file>
            <path>/_system/governance/nl/weintegrate/wealert/service/identityandaccessmanagement/v1/endpoint</path>
            <mediaType>application/vnd.wso2.esb.endpoint</mediaType>
        </item>
    </artifact>
    <artifact name="AddApplicationGroupToAuthorizationPolicy" groupId="nl.weintegrate.wealert.services.identityandaccessmanagement.wso2.resource" version="1.0.0" type="registry/resource" serverRole="GovernanceRegistry">
        <item>
            <file>AddApplicationGroupToAuthorizationPolicy.xslt</file>
            <path>/_system/governance/nl/weintegrate/wealert/service/identityandaccessmanagement/v1/xslt</path>
            <mediaType>application/xslt+xml</mediaType>
        </item>
    </artifact>
    <artifact name="AddCDATAInUpdateAuthorizationPolicyRequest" groupId="nl.weintegrate.wealert.services.identityandaccessmanagement.wso2.resource" version="1.0.0" type="registry/resource" serverRole="GovernanceRegistry">
        <item>
            <file>AddCDATAInUpdateAuthorizationPolicyRequest.xslt</file>
            <path>/_system/governance/nl/weintegrate/wealert/service/identityandaccessmanagement/v1/xslt</path>
            <mediaType>application/xslt+xml</mediaType>
        </item>
    </artifact>
    <artifact name="ChangePasswordJsonToCDMRequest" groupId="nl.weintegrate.wealert.services.identityandaccessmanagement.wso2.resource" version="1.0.0" type="registry/resource" serverRole="GovernanceRegistry">
        <item>
            <file>ChangePasswordJsonToCDMRequest.xslt</file>
            <path>/_system/governance/nl/weintegrate/wealert/service/identityandaccessmanagement/v1/xslt</path>
            <mediaType>application/xslt+xml</mediaType>
        </item>
    </artifact>
    <artifact name="ResetPasswordJsonToCDMRequest" groupId="nl.weintegrate.wealert.services.identityandaccessmanagement.wso2.resource" version="1.0.0" type="registry/resource" serverRole="GovernanceRegistry">
        <item>
            <file>ResetPasswordJsonToCDMRequest.xslt</file>
            <path>/_system/governance/nl/weintegrate/wealert/service/identityandaccessmanagement/v1/xslt</path>
            <mediaType>application/xslt+xml</mediaType>
        </item>
    </artifact>
    <artifact name="RegisterDeviceJsonToCDMRequest" groupId="nl.weintegrate.wealert.services.identityandaccessmanagement.wso2.resource" version="1.0.0" type="registry/resource" serverRole="GovernanceRegistry">
        <item>
            <file>RegisterDeviceJsonToCDMRequest.xslt</file>
            <path>/_system/governance/nl/weintegrate/wealert/service/identityandaccessmanagement/v1/xslt</path>
            <mediaType>application/xslt+xml</mediaType>
        </item>
    </artifact>
    <artifact name="RemoveApplicationGroupISEndpoint" groupId="nl.weintegrate.wealert.services.identityandaccessmanagement.wso2.resource" version="1.0.0" type="registry/resource" serverRole="GovernanceRegistry">
        <item>
            <file>RemoveApplicationGroupISEndpoint.xml</file>
            <path>/_system/governance/nl/weintegrate/wealert/service/identityandaccessmanagement/v1/endpoint</path>
            <mediaType>application/vnd.wso2.esb.endpoint</mediaType>
        </item>
    </artifact>
    <artifact name="GetUserProfileISEndpoint" groupId="nl.weintegrate.wealert.services.identityandaccessmanagement.wso2.resource" version="1.0.0" type="registry/resource" serverRole="GovernanceRegistry">
        <item>
            <file>GetUserProfileISEndpoint.xml</file>
            <path>/_system/governance/nl/weintegrate/wealert/service/identityandaccessmanagement/v1/endpoint</path>
            <mediaType>application/vnd.wso2.esb.endpoint</mediaType>
        </item>
    </artifact>
    <artifact name="GetUserProfileISResponseToUserRoleResponse_xslt" groupId="nl.weintegrate.wealert.services.identityandaccessmanagement.wso2.resource" version="1.0.0" type="registry/resource" serverRole="GovernanceRegistry">
        <item>
            <file>GetUserProfileISResponseToUserRoleResponse.xslt</file>
            <path>/_system/governance/nl/weintegrate/wealert/service/identityandaccessmanagement/v1/xslt</path>
            <mediaType>application/xslt+xml</mediaType>
        </item>
    </artifact>
    <artifact name="VerifyUserName" groupId="nl.weintegrate.wealert.services.identityandaccessmanagement.wso2.resource" version="1.0.0" type="registry/resource" serverRole="GovernanceRegistry">
        <item>
            <file>VerifyUsernameJsonToCDMRequest.xslt</file>
            <path>/_system/governance/nl/weintegrate/wealert/service/identityandaccessmanagement/v1/xslt</path>
            <mediaType>application/xslt+xml</mediaType>
        </item>
    </artifact>
    <artifact name="VerifyUsernameISEndpoint" groupId="nl.weintegrate.wealert.services.identityandaccessmanagement.wso2.resource" version="1.0.0" type="registry/resource" serverRole="GovernanceRegistry">
        <item>
            <file>VerifyUsernameISEndpoint.xml</file>
            <path>/_system/governance/nl/weintegrate/wealert/service/identityandaccessmanagement/v1/endpoint</path>
            <mediaType>application/vnd.wso2.esb.endpoint</mediaType>
        </item>
    </artifact>
    <artifact name="VerifyConfirmationCodeJsonToCDMRequest" groupId="nl.weintegrate.wealert.services.identityandaccessmanagement.wso2.resource" version="1.0.0" type="registry/resource" serverRole="GovernanceRegistry">
        <item>
            <file>VerifyConfirmationCodeJsonToCDMRequest.xslt</file>
            <path>/_system/governance/nl/weintegrate/wealert/service/identityandaccessmanagement/v1/xslt</path>
            <mediaType>application/xslt+xml</mediaType>
        </item>
    </artifact>
    <artifact name="UpdatePasswordJsonToCDMRequest" groupId="nl.weintegrate.wealert.services.identityandaccessmanagement.wso2.resource" version="1.0.0" type="registry/resource" serverRole="GovernanceRegistry">
        <item>
            <file>UpdatePasswordJsonToCDMRequest.xslt</file>
            <path>/_system/governance/nl/weintegrate/wealert/service/identityandaccessmanagement/v1/xslt</path>
            <mediaType>application/xslt+xml</mediaType>
        </item>
    </artifact>
</artifacts>
