<?xml version="1.0" encoding="UTF-8"?>
<cdm:CustomerAccount xmlns:cdm="http://www.uiab.com/cdm/v1" xmlns:xsi="http://www.w3.org/2001/XMLSchema-instance" xsi:schemaLocation="http://www.uiab.com/cdm/v1 uiabcdm_v3.xsd ">
  <cdm:Code>cdm:Code</cdm:Code>
  <cdm:CustomerCode>cdm:CustomerCode</cdm:CustomerCode>
  <cdm:Description>cdm:Description</cdm:Description>
  <cdm:CurrencyCode>cdm:CurrencyCode</cdm:CurrencyCode>
  <cdm:Status>cdm:Status</cdm:Status>
  <cdm:PaymentMethodCode>cdm:PaymentMethodCode</cdm:PaymentMethodCode>
  <cdm:CreditCategoryCode>cdm:CreditCategoryCode</cdm:CreditCategoryCode>
  <cdm:AccountOperations>
    <cdm:AccountOperation xsi:type="cdm:AccountOperationType">
      <cdm:OccDescription>cdm:OccDescription</cdm:OccDescription>
    </cdm:AccountOperation>
  </cdm:AccountOperations>
  <cdm:StatusDate>2001-01-01</cdm:StatusDate>
  <cdm:DunningLevelDate>2001-01-01</cdm:DunningLevelDate>
  <cdm:ContactInformation>
    <cdm:Email>cdm:Email</cdm:Email>
    <cdm:Phone>cdm:Phone</cdm:Phone>
    <cdm:Mobile>cdm:Mobile</cdm:Mobile>
    <cdm:Fax>cdm:Fax</cdm:Fax>
  </cdm:ContactInformation>
  <cdm:DunningLevelCode>cdm:DunningLevelCode</cdm:DunningLevelCode>
  <cdm:MandateIdentification>cdm:MandateIdentification</cdm:MandateIdentification>
  <cdm:MandateDate>2001-01-01</cdm:MandateDate>
  <cdm:Balance>0.0</cdm:Balance>
  <cdm:TerminationDate>2001-01-01</cdm:TerminationDate>
  <cdm:BillingAccounts>
    <cdm:BillingAccount>
      <cdm:Code>cdm:Code</cdm:Code>
      <cdm:CustomerAccountCode>cdm:CustomerAccountCode</cdm:CustomerAccountCode>
      <cdm:Description>cdm:Description</cdm:Description>
      <cdm:BillingCycleCode>cdm:BillingCycleCode</cdm:BillingCycleCode>
      <cdm:CountryCode>cdm:CountryCode</cdm:CountryCode>
      <cdm:LanguageCode>cdm:LanguageCode</cdm:LanguageCode>
      <cdm:PaymentMethodCode>cdm:PaymentMethodCode</cdm:PaymentMethodCode>
      <cdm:Status>cdm:Status</cdm:Status>
      <cdm:Locations/>
    </cdm:BillingAccount>
  </cdm:BillingAccounts>
</cdm:CustomerAccount>
