<?xml version="1.0" encoding="UTF-8"?><artifacts>
    <artifact name="AuthorizationPolicyErrorQueueEndpoint" groupId="nl.weintegrate.wealert.api.authorizationpolicy.wso2.resource" version="1.0.0" type="registry/resource" serverRole="EnterpriseServiceBus">
        <item>
            <file>AuthorizationPolicyErrorQueueEndpoint.xml</file>
            <path>/_system/governance/nl/weintegrate/wealert/service/authorizationpolicy/v1/endpoint</path>
            <mediaType>application/vnd.wso2.esb.endpoint</mediaType>
        </item>
    </artifact>
    <artifact name="GetAuthorizationPolicyPerCodeISEndpoint" groupId="nl.weintegrate.wealert.api.authorizationpolicy.wso2.resource" version="1.0.0" type="registry/resource" serverRole="EnterpriseServiceBus">
        <item>
            <file>GetAuthorizationPolicyPerCodeISEndpoint.xml</file>
            <path>/_system/governance/nl/weintegrate/wealert/service/authorizationpolicy/v1/endpoint</path>
            <mediaType>application/vnd.wso2.esb.endpoint</mediaType>
        </item>
    </artifact>
    <artifact name="GetAuthorizationPolicyPerCodeCDMRequestToISRequest" groupId="nl.weintegrate.wealert.api.authorizationpolicy.wso2.resource" version="1.0.0" type="registry/resource" serverRole="EnterpriseServiceBus">
        <item>
            <file>GetAuthorizationPolicyPerCodeCDMRequestToISRequest.xslt</file>
            <path>/_system/governance/nl/weintegrate/wealert/service/authorizationpolicy/v1/xslt</path>
            <mediaType>application/xslt+xml</mediaType>
        </item>
    </artifact>
    <artifact name="GetAuthorizationPolicyPerCodeISResponseToCDMResponse" groupId="nl.weintegrate.wealert.api.authorizationpolicy.wso2.resource" version="1.0.0" type="registry/resource" serverRole="EnterpriseServiceBus">
        <item>
            <file>GetAuthorizationPolicyPerCodeISResponseToCDMResponse.xslt</file>
            <path>/_system/governance/nl/weintegrate/wealert/service/authorizationpolicy/v1/xslt</path>
            <mediaType>application/xslt+xml</mediaType>
        </item>
    </artifact>
    <artifact name="AuthorizeAuthorizationPolicyISEndpoint" groupId="nl.weintegrate.wealert.api.authorizationpolicy.wso2.resource" version="1.0.0" type="registry/resource" serverRole="EnterpriseServiceBus">
        <item>
            <file>AuthorizeAuthorizationPolicyISEndpoint.xml</file>
            <path>/_system/governance/nl/weintegrate/wealert/service/authorizationpolicy/v1/endpoint</path>
            <mediaType>application/vnd.wso2.esb.endpoint</mediaType>
        </item>
    </artifact>
    <artifact name="AuthorizeAuthorizationPolicyCDMRequestToISRequest" groupId="nl.weintegrate.wealert.api.authorizationpolicy.wso2.resource" version="1.0.0" type="registry/resource" serverRole="EnterpriseServiceBus">
        <item>
            <file>AuthorizeAuthorizationPolicyCDMRequestToISRequest.xslt</file>
            <path>/_system/governance/nl/weintegrate/wealert/service/authorizationpolicy/v1/xslt</path>
            <mediaType>application/xslt+xml</mediaType>
        </item>
    </artifact>
    <artifact name="AuthorizeAuthorizationPolicyISResponseToCDMResponse" groupId="nl.weintegrate.wealert.api.authorizationpolicy.wso2.resource" version="1.0.0" type="registry/resource" serverRole="EnterpriseServiceBus">
        <item>
            <file>AuthorizeAuthorizationPolicyISResponseToCDMResponse.xslt</file>
            <path>/_system/governance/nl/weintegrate/wealert/service/authorizationpolicy/v1/xslt</path>
            <mediaType>application/xslt+xml</mediaType>
        </item>
    </artifact>
    <artifact name="CreateAuthorizationPolicyJSONXMLToCDMRequest" groupId="nl.weintegrate.wealert.api.authorizationpolicy.wso2.resource" version="1.0.0" type="registry/resource" serverRole="EnterpriseServiceBus">
        <item>
            <file>CreateAuthorizationPolicyJSONXMLToCDMRequest.xslt</file>
            <path>/_system/governance/nl/weintegrate/wealert/service/authorizationpolicy/v1/xslt</path>
            <mediaType>application/xslt+xml</mediaType>
        </item>
    </artifact>
    <artifact name="CreateAuthorizationPolicyISEndpoint" groupId="nl.weintegrate.wealert.api.authorizationpolicy.wso2.resource" version="1.0.0" type="registry/resource" serverRole="EnterpriseServiceBus">
        <item>
            <file>CreateAuthorizationPolicyISEndpoint.xml</file>
            <path>/_system/governance/nl/weintegrate/wealert/service/authorizationpolicy/v1/endpoint</path>
            <mediaType>application/vnd.wso2.esb.endpoint</mediaType>
        </item>
    </artifact>
    <artifact name="CreateAuthorizationPolicyCDMRequestToISRequest" groupId="nl.weintegrate.wealert.api.authorizationpolicy.wso2.resource" version="1.0.0" type="registry/resource" serverRole="EnterpriseServiceBus">
        <item>
            <file>CreateAuthorizationPolicyCDMRequestToISRequest.xslt</file>
            <path>/_system/governance/nl/weintegrate/wealert/service/authorizationpolicy/v1/xslt</path>
            <mediaType>application/xslt+xml</mediaType>
        </item>
    </artifact>
    <artifact name="CreateAuthorizationPolicyISResponseToCDMResponse" groupId="nl.weintegrate.wealert.api.authorizationpolicy.wso2.resource" version="1.0.0" type="registry/resource" serverRole="EnterpriseServiceBus">
        <item>
            <file>CreateAuthorizationPolicyISResponseToCDMResponse.xslt</file>
            <path>/_system/governance/nl/weintegrate/wealert/service/authorizationpolicy/v1/xslt</path>
            <mediaType>application/xslt+xml</mediaType>
        </item>
    </artifact>
    <artifact name="UpdateAuthorizationPolicyJSONXMLToCDMRequest" groupId="nl.weintegrate.wealert.api.authorizationpolicy.wso2.resource" version="1.0.0" type="registry/resource" serverRole="EnterpriseServiceBus">
        <item>
            <file>UpdateAuthorizationPolicyJSONXMLToCDMRequest.xslt</file>
            <path>/_system/governance/nl/weintegrate/wealert/service/authorizationpolicy/v1/xslt</path>
            <mediaType>application/xslt+xml</mediaType>
        </item>
    </artifact>
    <artifact name="UpdateAuthorizationPolicyISEndpoint" groupId="nl.weintegrate.wealert.api.authorizationpolicy.wso2.resource" version="1.0.0" type="registry/resource" serverRole="EnterpriseServiceBus">
        <item>
            <file>UpdateAuthorizationPolicyISEndpoint.xml</file>
            <path>/_system/governance/nl/weintegrate/wealert/service/authorizationpolicy/v1/endpoint</path>
            <mediaType>application/vnd.wso2.esb.endpoint</mediaType>
        </item>
    </artifact>
    <artifact name="UpdateAuthorizationPolicyCDMRequestToISRequest" groupId="nl.weintegrate.wealert.api.authorizationpolicy.wso2.resource" version="1.0.0" type="registry/resource" serverRole="EnterpriseServiceBus">
        <item>
            <file>UpdateAuthorizationPolicyCDMRequestToISRequest.xslt</file>
            <path>/_system/governance/nl/weintegrate/wealert/service/authorizationpolicy/v1/xslt</path>
            <mediaType>application/xslt+xml</mediaType>
        </item>
    </artifact>
    <artifact name="UpdateAuthorizationPolicyISResponseToCDMResponse" groupId="nl.weintegrate.wealert.api.authorizationpolicy.wso2.resource" version="1.0.0" type="registry/resource" serverRole="EnterpriseServiceBus">
        <item>
            <file>UpdateAuthorizationPolicyISResponseToCDMResponse.xslt</file>
            <path>/_system/governance/nl/weintegrate/wealert/service/authorizationpolicy/v1/xslt</path>
            <mediaType>application/xslt+xml</mediaType>
        </item>
    </artifact>
    <artifact name="DeleteAuthorizationPolicyISEndpoint" groupId="nl.weintegrate.wealert.api.authorizationpolicy.wso2.resource" version="1.0.0" type="registry/resource" serverRole="EnterpriseServiceBus">
        <item>
            <file>DeleteAuthorizationPolicyISEndpoint.xml</file>
            <path>/_system/governance/nl/weintegrate/wealert/service/authorizationpolicy/v1/endpoint</path>
            <mediaType>application/vnd.wso2.esb.endpoint</mediaType>
        </item>
    </artifact>
    <artifact name="DeleteAuthorizationPolicyCDMRequestToISRequest" groupId="nl.weintegrate.wealert.api.authorizationpolicy.wso2.resource" version="1.0.0" type="registry/resource" serverRole="EnterpriseServiceBus">
        <item>
            <file>DeleteAuthorizationPolicyCDMRequestToISRequest.xslt</file>
            <path>/_system/governance/nl/weintegrate/wealert/service/authorizationpolicy/v1/xslt</path>
            <mediaType>application/xslt+xml</mediaType>
        </item>
    </artifact>
    <artifact name="DeleteAuthorizationPolicyISResponseToCDMResponse" groupId="nl.weintegrate.wealert.api.authorizationpolicy.wso2.resource" version="1.0.0" type="registry/resource" serverRole="EnterpriseServiceBus">
        <item>
            <file>DeleteAuthorizationPolicyISResponseToCDMResponse.xslt</file>
            <path>/_system/governance/nl/weintegrate/wealert/service/authorizationpolicy/v1/xslt</path>
            <mediaType>application/xslt+xml</mediaType>
        </item>
    </artifact>
    <artifact name="AuthorizeAuthorizationPolicyCDATAtoXMLResponse.xslt" groupId="nl.weintegrate.wealert.api.authorizationpolicy.wso2.resource" version="1.0.0" type="registry/resource" serverRole="EnterpriseServiceBus">
        <item>
            <file>AuthorizeAuthorizationPolicyCDATAtoXMLResponse.xslt</file>
            <path>/_system/governance/nl/weintegrate/wealert/service/authorizationpolicy/v1/xslt</path>
            <mediaType>application/xslt+xml</mediaType>
        </item>
    </artifact>
    <artifact name="CreateAuthorizationXMLtoCDATA" groupId="nl.weintegrate.wealert.api.authorizationpolicy.wso2.resource" version="1.0.0" type="registry/resource" serverRole="GovernanceRegistry">
        <item>
            <file>CreateAuthorizationPolicyXMLtoCDATA.xslt</file>
            <path>/_system/governance/nl/weintegrate/wealert/service/authorizationpolicy/v1/xslt</path>
            <mediaType>application/xslt+xml</mediaType>
        </item>
    </artifact>
    <artifact name="AuthorizationPolicyUpdateDeviceId" groupId="nl.weintegrate.wealert.api.authorizationpolicy.wso2.resource" version="1.0.0" type="registry/resource" serverRole="GovernanceRegistry">
        <item>
            <file>AuthorizationPolicyUpdateDeviceId.xslt</file>
            <path>/_system/governance/nl/weintegrate/wealert/service/authorizationpolicy/v1/xslt</path>
            <mediaType>application/xslt+xml</mediaType>
        </item>
    </artifact>
    <artifact name="AuthorizationPolicyRemoveUserFromPolicy" groupId="nl.weintegrate.wealert.api.authorizationpolicy.wso2.resource" version="1.0.0" type="registry/resource" serverRole="GovernanceRegistry">
        <item>
            <file>AuthorizationPolicyRemoveUserFromPolicy.xslt</file>
            <path>/_system/governance/nl/weintegrate/wealert/service/authorizationpolicy/v1/xslt</path>
            <mediaType>application/xslt+xml</mediaType>
        </item>
    </artifact>
    <artifact name="AuthorizationPolicyGetPolicyEndpoint" groupId="nl.weintegrate.wealert.api.authorizationpolicy.wso2.resource" version="1.0.0" type="registry/resource" serverRole="GovernanceRegistry">
        <item>
            <file>AuthorizationPolicyGetPolicyEndpoint.xml</file>
            <path>/_system/governance/nl/weintegrate/wealert/service/authorizationpolicy/v1/endpoint</path>
            <mediaType>application/vnd.wso2.esb.endpoint</mediaType>
        </item>
    </artifact>
    <artifact name="AuthorizationPolicyUpdatePolicyEndpoint" groupId="nl.weintegrate.wealert.api.authorizationpolicy.wso2.resource" version="1.0.0" type="registry/resource" serverRole="GovernanceRegistry">
        <item>
            <file>AuthorizationPolicyUpdatePolicyEndpoint.xml</file>
            <path>/_system/governance/nl/weintegrate/wealert/service/authorizationpolicy/v1/endpoint</path>
            <mediaType>application/vnd.wso2.esb.endpoint</mediaType>
        </item>
    </artifact>
</artifacts>
