<?xml version="1.0" encoding="UTF-8"?>
<sequence name="AuthenticateInSequence" trace="disable" xmlns="http://ws.apache.org/ns/synapse">
    <log level="full" separator="---=== AuthenticateInSequence ===---"/>
    <property description="OperationName" name="RequestOperationName" scope="default" type="STRING" value="Authenticate"/>
    <property description="MessageFrom" name="MessageFrom" scope="default" type="STRING" value="Client"/>
    <property description="MessageDestination" name="MessageDestination" scope="default" type="STRING" value="IS"/>
    <property description="ResponseType" expression="get-property('transport', 'Accept')" name="ResponseType" scope="default" type="STRING" xmlns:ns="http://org.apache.synapse/xsd"/>
    <property description="ContentType" name="ContentType" scope="axis2" type="STRING" value="application/xml"/>
    <property description="messageType" name="messageType" scope="axis2" type="STRING" value="application/xml"/>
    <log level="full" separator="---=== AuthenticateInSequence ===---"/>
    <filter description="CheckAcceptType" regex="application/json" source="get-property('ResponseType')">
        <then>
            <xslt description="AuthenticateJsonToCDMRequest" key="gov:nl/ggmd/service/iam/v1/xslt/AuthenticateJsonToCDMRequest.xslt">
                <resource key="gov:nl/ggmd/service/iam/v1/xslt/AuthenticateJsonToCDMRequest.xslt" location="AuthenticateJsonToCDMRequest.xslt"/>
            </xslt>
            <log separator="json converted to XML request."/>
        </then>
        <else/>
    </filter>
    <log level="full" separator="---=== AuthenticateInSequence ===---"/>
    <property description="CorrelationId" expression="//*[local-name()='CorrelationId']" name="CorrelationId" scope="default" type="STRING" xmlns:ns="http://org.apache.synapse/xsd"/>
    <property description="UserName" expression="//*[local-name()='UserName']" name="UserName" scope="default" type="STRING" xmlns:ns="http://org.apache.synapse/xsd"/>
    <sequence key="ValidateAuthenticateCDMRequest"/>
    <sequence key="ConvertAuthenticateCDMRequestToISRequest"/>
    <sequence key="SendRequestToIS"/>
    <property description="AuthenticationStatus" expression="//*[local-name()='return']" name="AuthenticationStatus" scope="default" type="STRING" xmlns:ns="http://org.apache.synapse/xsd"/>
    <filter xpath="//*[local-name()='return']='true'">
        <then>
            <sequence key="GetUserRole"/>
            <property description="RoleName" expression="//*[local-name()='return'][2]" name="RoleName" scope="default" type="STRING" xmlns:ns="http://org.apache.synapse/xsd"/>
            <loopback/>
        </then>
        <else>
            <loopback/>
        </else>
    </filter>
</sequence>
