<?xml version="1.0" encoding="UTF-8"?>
<sequence name="ChangePasswordOutSequence" trace="disable" xmlns="http://ws.apache.org/ns/synapse">
  <log level="full" separator="---=== ChangePasswordOutSequence ===---"/>
  <property description="SequenceType" name="MessageFrom"
    scope="default" type="STRING" value="IS"/>
  <property description="SequenceType" name="MessageDestination"
    scope="default" type="STRING" value="Client"/>
  <property expression="get-property('axis2', 'HTTP_SC')" name="Status"
    scope="default" type="STRING"/>
  <property expression="//*[local-name()='message']" name="FaultString"
    scope="default" type="STRING"/>
  <property expression="//*[local-name()='return']" name="Return"
    scope="default" type="STRING"/>
  <filter xpath="fn:contains(get-property('Return'),'true')">
    <then>
      <payloadFactory media-type="xml">
        <format>
          <this:ChangePasswordResponse
            xmlns:cmm="http://www.ggmd.nl/cmm/xsd/cmm_01"
            xmlns:this="http://www.ggmd.nl/xsd/identityandaccessmanagement_01/requestresponse"
            xmlns:user="http://www.ggmd.nl/cdm/xsd/user_01" xmlns:xsi="http://www.w3.org/2001/XMLSchema-instance">
            <this:Header>
              <cmm:CMMHeader>
                <cmm:CorrelationId>$1</cmm:CorrelationId>
              </cmm:CMMHeader>
            </this:Header>
            <this:Result>
              <cmm:ResponseCode>IAM-N-0000</cmm:ResponseCode>
              <cmm:ResponseMessage>No error or warnings.</cmm:ResponseMessage>
            </this:Result>
          </this:ChangePasswordResponse>
        </format>
        <args>
          <arg evaluator="xml"
            expression="get-property('CorrelationId')" xmlns:ns="http://org.apache.synapse/xsd"/>
          <arg evaluator="xml"
            expression="get-property('axis2', 'HTTP_SC')" xmlns:ns="http://org.apache.synapse/xsd"/>
        </args>
      </payloadFactory>
    </then>
    <else>
      <filter xpath="fn:contains(get-property('FaultString'),'Error while updating password. Wrong old credential provided')">
        <then>
          <payloadFactory media-type="xml">
            <format>
              <this:ChangePasswordResponse
                xmlns:cmm="http://www.ggmd.nl/cmm/xsd/cmm_01"
                xmlns:this="http://www.ggmd.nl/xsd/identityandaccessmanagement_01/requestresponse"
                xmlns:user="http://www.ggmd.nl/cdm/xsd/user_01" xmlns:xsi="http://www.w3.org/2001/XMLSchema-instance">
                <this:Header>
                  <cmm:CMMHeader>
                    <cmm:CorrelationId>$1</cmm:CorrelationId>
                  </cmm:CMMHeader>
                </this:Header>
                <this:Result>
                  <cmm:ResponseCode>IAM-E-2001</cmm:ResponseCode>
                  <cmm:ResponseMessage>Error while updating password. Wrong old credential provided.</cmm:ResponseMessage>
                </this:Result>
              </this:ChangePasswordResponse>
            </format>
            <args>
              <arg evaluator="xml"
                expression="get-property('CorrelationId')" xmlns:ns="http://org.apache.synapse/xsd"/>
            </args>
          </payloadFactory>
        </then>
        <else>
          <payloadFactory media-type="xml">
            <format>
              <this:ChangePasswordResponse
                xmlns:cmm="http://www.ggmd.nl/cmm/xsd/cmm_01"
                xmlns:this="http://www.ggmd.nl/xsd/identityandaccessmanagement_01/requestresponse"
                xmlns:user="http://www.ggmd.nl/cdm/xsd/user_01" xmlns:xsi="http://www.w3.org/2001/XMLSchema-instance">
                <this:Header>
                  <cmm:CMMHeader>
                    <cmm:CorrelationId>$1</cmm:CorrelationId>
                  </cmm:CMMHeader>
                </this:Header>
                <this:Result>
                  <cmm:ResponseCode>IAM-E-9999</cmm:ResponseCode>
                  <cmm:ResponseMessage>Internal server Error</cmm:ResponseMessage>
                </this:Result>
              </this:ChangePasswordResponse>
            </format>
            <args>
              <arg evaluator="xml"
                expression="get-property('CorrelationId')" xmlns:ns="http://org.apache.synapse/xsd"/>
            </args>
          </payloadFactory>
        </else>
      </filter>
    </else>
  </filter>
  <!--  <sequence key="ConvertChangePasswordISResponseToCDMResponse"/>
  <sequence key="ValidateChangePasswordCDMResponse"/>-->
  <switch source="get-property('ResponseType')" xmlns:ns="http://org.apache.synapse/xsd">
    <case regex="application/xml">
      <header name="Accept" scope="transport" value="application/xml"/>
      <property description="ContentType" name="ContentType"
        scope="axis2" type="STRING" value="application/xml"/>
      <property description="messageType" name="messageType"
        scope="axis2" type="STRING" value="application/xml"/>
    </case>
    <case regex="application/json">
      <header name="Accept" scope="transport" value="application/json"/>
      <property description="ContentType" name="ContentType"
        scope="axis2" type="STRING" value="application/json"/>
      <property description="messageType" name="messageType"
        scope="axis2" type="STRING" value="application/json"/>
    </case>
    <default>
      <header name="Accept" scope="transport" value="application/xml"/>
      <property description="ContentType" name="ContentType"
        scope="axis2" type="STRING" value="application/xml"/>
      <property description="messageType" name="messageType"
        scope="axis2" type="STRING" value="application/xml"/>
    </default>
  </switch>
  <respond/>
</sequence>
