<?xml version="1.0" encoding="UTF-8"?>
<sequence name="ChangePasswordInSequence" trace="disable" xmlns="http://ws.apache.org/ns/synapse">
  <log level="full" separator="---=== ChangePasswordInSequence ===---"/>
  <property description="OperationName" name="RequestOperationName"
    scope="default" type="STRING" value="ChangePassword"/>
  <property description="MessageFrom" name="MessageFrom" scope="default"
    type="STRING" value="Client"/>
  <property description="MessageDestination" name="MessageDestination"
    scope="default" type="STRING" value="IS"/>
  <property description="ResponseType"
    expression="get-property('transport', 'Accept')" name="ResponseType"
    scope="default" type="STRING" xmlns:ns="http://org.apache.synapse/xsd"/>
  <property description="ContentType" name="ContentType" scope="axis2"
    type="STRING" value="application/xml"/>
  <property description="messageType" name="messageType" scope="axis2"
    type="STRING" value="application/xml"/>
  <filter description="CheckAcceptType" regex="application/json" source="get-property('ResponseType')">
    <then>
      <xslt description="ChangePasswordJsonToCDMRequest" key="gov:nl/ggmd/service/iam/v1/xslt/ChangePasswordJsonToCDMRequest.xslt">
        <resource
          key="gov:nl/ggmd/service/iam/v1/xslt/ChangePasswordJsonToCDMRequest.xslt" location="ChangePasswordJsonToCDMRequest.xslt"/>
      </xslt>
      <log separator="json converted to XML request."/>
    </then>
    <else/>
  </filter>
  <log level="full" separator="---=== ChangePasswordInSequence ===---"/>
  <property description="UserName"
    expression="//*[local-name()='UserName']" name="UserName"
    scope="default" type="STRING" xmlns:ns="http://org.apache.synapse/xsd"/>
  <property description="CorrelationId"
    expression="//*[local-name()='CorrelationId']" name="CorrelationId"
    scope="default" type="STRING"/>
  <sequence key="ValidateChangePasswordCDMRequest"/>
  <sequence key="ConvertChangePasswordCDMRequestToISRequest"/>
  <property name="Accept" scope="transport" type="STRING" value="application/xml"/>
  <sequence key="SendRequestToIS"/>
</sequence>
