<?xml version="1.0" encoding="UTF-8"?>
<sequence name="ConvertChangePasswordCDMRequestToISRequest"
  trace="disable" xmlns="http://ws.apache.org/ns/synapse">
  <call-template description="Log-INFO" target="gov:com/commons/util/v1/templates/LoggerTemplate.xml">
    <with-param name="SequenceName" value="ConvertChangePasswordCDMRequestToISRequest"/>
    <with-param name="Message" value="Going to convert ChangePassword CDM request to IS request."/>
    <with-param name="LogLevel" value="INFO"/>
  </call-template>
  <xslt description="CDMToISRequest" key="gov:nl/ggmd/service/iam/v1/xslt/ChangePasswordCDMRequestToISRequest.xslt">
    <resource
      key="gov:nl/ggmd/service/iam/v1/xslt/ChangePasswordCDMRequestToISRequest.xslt" location="ChangePasswordCDMRequestToISRequest.xslt"/>
  </xslt>
  <call-template description="Log-INFO" target="gov:com/commons/util/v1/templates/LoggerTemplate.xml">
    <with-param name="SequenceName" value="ConvertChangePasswordCDMRequestToISRequest"/>
    <with-param name="Message" value="Converted ChangePassword CDM request to IS request successfully."/>
    <with-param name="LogLevel" value="INFO"/>
  </call-template>
</sequence>
