<?xml version="1.0" encoding="UTF-8"?>
<sequence name="GetUserRole" trace="disable" xmlns="http://ws.apache.org/ns/synapse">
    <property description="Authorization" expression="fn:concat('Basic ',base64Encode(fn:concat('ggmdsystem@ggmd.nl',':','ggmdsystem')))" name="Authorization" scope="transport" type="STRING" xmlns:ns="http://org.apache.synapse/xsd"/>
    <header name="Action" scope="default" value="https://localhost:9444/services/RemoteUserStoreManagerService.RemoteUserStoreManagerServiceHttpsSoap11Endpoint/"/>
    <payloadFactory description="GetRoleRequest" media-type="xml">
        <format>
            <soapenv:Envelope xmlns:ser="http://service.ws.um.carbon.wso2.org" xmlns:soapenv="http://schemas.xmlsoap.org/soap/envelope/">
                <soapenv:Body>
                    <ser:getRoleListOfUser>
                        <ser:userName>$1</ser:userName>
                    </ser:getRoleListOfUser>
                </soapenv:Body>
            </soapenv:Envelope>
        </format>
        <args>
            <arg evaluator="xml" expression="get-property('UserName')"/>
        </args>
    </payloadFactory>
    <call>
        <endpoint key="gov:nl/ggmd/service/iam/v1/endpoint/AuthenticateISEndpoint.xml"/>
    </call>
    <log description="Response" level="full" separator="---=== Get Role Response ===---"/>
</sequence>
