<?xml version="1.0" encoding="UTF-8"?>
<sequence name="SendRequestToIS" trace="disable" xmlns="http://ws.apache.org/ns/synapse">
  <call-template description="" target="gov:com/commons/util/v1/templates/LoggerTemplate.xml">
    <with-param name="SequenceName" value="SendRequestToIS"/>
    <with-param name="Message" value="Going to send Request to IS."/>
    <with-param name="LogLevel" value="INFO"/>
  </call-template>
  <property expression="AUTHORIZATION" name="Authorization"
    scope="transport" type="STRING" xmlns:ns="http://org.apache.synapse/xsd"/>
  <switch source="get-property('RequestOperationName')">
    <case regex="Authenticate">
      <property description="Authorization"
        expression="fn:concat('Basic ',base64Encode(fn:concat('ggmdsystem@ggmd.nl',':','ggmdsystem')))"
        name="Authorization" scope="transport" type="STRING" xmlns:ns="http://org.apache.synapse/xsd"/>
      <header name="Action" scope="default" value="https://localhost:9444/services/RemoteUserStoreManagerService.RemoteUserStoreManagerServiceHttpsSoap11Endpoint/"/>
      <call>
        <endpoint key="gov:nl/ggmd/service/iam/v1/endpoint/AuthenticateISEndpoint.xml"/>
      </call>
    </case>
    <case regex="ChangePassword">
      <property description="Authorization"
        expression="fn:concat('Basic ',base64Encode(fn:concat('ggmdsystem@ggmd.nl',':','ggmdsystem')))"
        name="Authorization" scope="transport" type="STRING" xmlns:ns="http://org.apache.synapse/xsd"/>
      <header name="Action" scope="default" value="https://localhost:9444/services/UserAdmin.UserAdminHttpsSoap11Endpoint/"/>
      <call>
        <endpoint key="gov:nl/ggmd/service/iam/v1/endpoint/ChangePasswordISEndpoint.xml"/>
      </call>
      <loopback/>
    </case>
    <default>
      <log category="WARN" level="full" separator="---=== Invalid Request ===---"/>
      <drop/>
    </default>
  </switch>
</sequence>
