<?xml version="1.0" encoding="UTF-8"?><artifacts>
    <artifact name="SmooksDeliveriesConfigurations" groupId="nl.weintegrate.ggmd.service.GGMDKPIMonitorDeliveryFileAdapter.resource" version="1.0.0" type="registry/resource" serverRole="GovernanceRegistry">
        <item>
            <file>SmooksDeliveriesConfigurations.xml</file>
            <path>/_system/governance/nl/ggmd/service/delivery/v1/smooks</path>
            <mediaType>application/vnd+wso2.smooks</mediaType>
        </item>
    </artifact>
    <artifact name="GGMDKPIMonitorContractDataServiceEP" groupId="nl.weintegrate.ggmd.service.GGMDKPIMonitorDeliveryFileAdapter.resource" version="1.0.0" type="registry/resource" serverRole="GovernanceRegistry">
        <item>
            <file>GGMDKPIMonitorContractDataServiceEP.xml</file>
            <path>/_system/governance/nl/ggmd/service/delivery/v1/endpoints</path>
            <mediaType>application/vnd.wso2.esb.endpoint</mediaType>
        </item>
    </artifact>
    <artifact name="WorkActivityIdConfigurations" groupId="nl.weintegrate.ggmd.service.GGMDKPIMonitorDeliveryFileAdapter.resource" version="1.0.0" type="registry/resource" serverRole="GovernanceRegistry">
        <item>
            <file>WorkActivityIdConfigurations.xml</file>
            <path>/_system/governance/nl/ggmd/service/delivery/v1/configurationfiles</path>
            <mediaType>application/xml</mediaType>
        </item>
    </artifact>
    <artifact name="WorkActivityIdConfigurations_json" groupId="nl.weintegrate.ggmd.service.GGMDKPIMonitorDeliveryFileAdapter.resource" version="1.0.0" type="registry/resource" serverRole="GovernanceRegistry">
        <item>
            <file>WorkActivityIdConfigurations.json</file>
            <path>/_system/governance/nl/ggmd/service/delivery/v1/configurationfiles</path>
            <mediaType>application/json</mediaType>
        </item>
    </artifact>
    <artifact name="GGMDKPIMonitorConvertDataToDeliveryDataRequest" groupId="nl.weintegrate.ggmd.service.GGMDKPIMonitorDeliveryFileAdapter.resource" version="1.0.0" type="registry/resource" serverRole="GovernanceRegistry">
        <item>
            <file>GGMDKPIMonitorConvertDataToDeliveryDataRequest.xsl</file>
            <path>/_system/governance/nl/ggmd/service/delivery/v1/xslts</path>
            <mediaType>application/xsl+xml</mediaType>
        </item>
    </artifact>
    <artifact name="GGMDKPIMonitorDeliveryDataServiceEP" groupId="nl.weintegrate.ggmd.service.GGMDKPIMonitorDeliveryFileAdapter.resource" version="1.0.0" type="registry/resource" serverRole="GovernanceRegistry">
        <item>
            <file>GGMDKPIMonitorDeliveryDataServiceEP.xml</file>
            <path>/_system/governance/nl/ggmd/service/delivery/v1/endpoints</path>
            <mediaType>application/vnd.wso2.esb.endpoint</mediaType>
        </item>
    </artifact>
    <artifact name="GGMDKPIMonitorDeliveryPeriods_xml" groupId="nl.weintegrate.ggmd.service.GGMDKPIMonitorDeliveryFileAdapter.resource" version="1.0.0" type="registry/resource" serverRole="GovernanceRegistry">
        <item>
            <file>GGMDKPIMonitorDeliveryPeriods.xml</file>
            <path>/_system/governance/nl/ggmd/service/delivery/v1/configurationfiles</path>
            <mediaType>application/xml</mediaType>
        </item>
    </artifact>
    <artifact name="GGMDKPIMonitorDeliveryPeriodRules_xml" groupId="nl.weintegrate.ggmd.service.GGMDKPIMonitorDeliveryFileAdapter.resource" version="1.0.0" type="registry/resource" serverRole="GovernanceRegistry">
        <item>
            <file>GGMDKPIMonitorDeliveryPeriodRules.xml</file>
            <path>/_system/governance/nl/ggmd/service/delivery/v1/configurationfiles</path>
            <mediaType>application/xml</mediaType>
        </item>
    </artifact>
    <artifact name="GGMDKPIMonitorErrorQueueEP" groupId="nl.weintegrate.ggmd.service.GGMDKPIMonitorDeliveryFileAdapter.resource" version="1.0.0" type="registry/resource" serverRole="GovernanceRegistry">
        <item>
            <file>GGMDKPIMonitorErrorQueueEP.xml</file>
            <path>/_system/governance/nl/ggmd/service/delivery/v1/endpoints</path>
            <mediaType>application/vnd.wso2.esb.endpoint</mediaType>
        </item>
    </artifact>
    <artifact name="GGMDKPIMonitorPerformanceIndicatorDataServiceEP" groupId="nl.weintegrate.ggmd.service.GGMDKPIMonitorDeliveryFileAdapter.resource" version="1.0.0" type="registry/resource" serverRole="GovernanceRegistry">
        <item>
            <file>GGMDKPIMonitorPerformanceIndicatorDataServiceEP.xml</file>
            <path>/_system/governance/nl/ggmd/service/delivery/v1/endpoints</path>
            <mediaType>application/vnd.wso2.esb.endpoint</mediaType>
        </item>
    </artifact>
    <artifact name="GGMDKPIMonitorCalculateDifferenceInDate_xslt" groupId="nl.weintegrate.ggmd.service.GGMDKPIMonitorDeliveryFileAdapter.resource" version="1.0.0" type="registry/resource" serverRole="GovernanceRegistry">
        <item>
            <file>GGMDKPIMonitorCalculateDifferenceInDate.xslt</file>
            <path>/_system/governance/nl/ggmd/service/delivery/v1/xslts</path>
            <mediaType>application/xslt+xml</mediaType>
        </item>
    </artifact>
    <artifact name="GGMDKPIMonitorSetVolumeAndDifference_xslt" groupId="nl.weintegrate.ggmd.service.GGMDKPIMonitorDeliveryFileAdapter.resource" version="1.0.0" type="registry/resource" serverRole="GovernanceRegistry">
        <item>
            <file>GGMDKPIMonitorSetVolumeAndDifference.xslt</file>
            <path>/_system/governance/nl/ggmd/service/delivery/v1/xslts</path>
            <mediaType>application/xslt+xml</mediaType>
        </item>
    </artifact>
    <artifact name="GGMDKPIMonitorDepartmentDataServiceEP" groupId="nl.weintegrate.ggmd.service.GGMDKPIMonitorDeliveryFileAdapter.resource" version="1.0.0" type="registry/resource" serverRole="GovernanceRegistry">
        <item>
            <file>GGMDKPIMonitorDepartmentDataServiceEP.xml</file>
            <path>/_system/governance/nl/ggmd/service/delivery/v1/endpoints</path>
            <mediaType>application/vnd.wso2.esb.endpoint</mediaType>
        </item>
    </artifact>
    <artifact name="GGMDKPIMonitorDesignationConfiguration_xml" groupId="nl.weintegrate.ggmd.service.GGMDKPIMonitorDeliveryFileAdapter.resource" version="1.0.0" type="registry/resource" serverRole="GovernanceRegistry">
        <item>
            <file>GGMDKPIMonitorDesignationConfiguration.xml</file>
            <path>/_system/governance/nl/ggmd/service/delivery/v1/configurationfiles</path>
            <mediaType>application/xml</mediaType>
        </item>
    </artifact>
    <artifact name="GGMDKPIMonitorGetEmployeeMemberEP" groupId="nl.weintegrate.ggmd.service.GGMDKPIMonitorDeliveryFileAdapter.resource" version="1.0.0" type="registry/resource" serverRole="GovernanceRegistry">
        <item>
            <file>GGMDKPIMonitorGetEmployeeMemberEP.xml</file>
            <path>/_system/governance/nl/ggmd/service/delivery/v1/endpoints</path>
            <mediaType>application/vnd.wso2.esb.endpoint</mediaType>
        </item>
    </artifact>
    <artifact name="GGMDKPIMonitorGetEmployeeContractEP" groupId="nl.weintegrate.ggmd.service.GGMDKPIMonitorDeliveryFileAdapter.resource" version="1.0.0" type="registry/resource" serverRole="GovernanceRegistry">
        <item>
            <file>GGMDKPIMonitorGetEmployeeContractEP.xml</file>
            <path>/_system/governance/nl/ggmd/service/delivery/v1/endpoints</path>
            <mediaType>application/vnd.wso2.esb.endpoint</mediaType>
        </item>
    </artifact>
    <artifact name="GGMDKPIMonitorStoreQueueEP" groupId="nl.weintegrate.ggmd.service.GGMDKPIMonitorDeliveryFileAdapter.resource" version="1.0.0" type="registry/resource" serverRole="GovernanceRegistry">
        <item>
            <file>GGMDKPIMonitorStoreQueueEP.xml</file>
            <path>/_system/governance/nl/ggmd/service/delivery/v1/endpoints</path>
            <mediaType>application/vnd.wso2.esb.endpoint</mediaType>
        </item>
    </artifact>
    <artifact name="GGMDKPIMonitorGetEmployeeEP" groupId="nl.weintegrate.ggmd.service.GGMDKPIMonitorDeliveryFileAdapter.resource" version="1.0.0" type="registry/resource" serverRole="GovernanceRegistry">
        <item>
            <file>GGMDKPIMonitorGetEmployeeEP.xml</file>
            <path>/_system/governance/nl/ggmd/service/delivery/v1/endpoints</path>
            <mediaType>application/vnd.wso2.esb.endpoint</mediaType>
        </item>
    </artifact>
    <artifact name="GGMDKPIMonitorRemoteDBProcessorEP" groupId="nl.weintegrate.ggmd.service.GGMDKPIMonitorDeliveryFileAdapter.resource" version="1.0.0" type="registry/resource" serverRole="GovernanceRegistry">
        <item>
            <file>GGMDKPIMonitorRemoteDBProcessorEP.xml</file>
            <path>/_system/governance/nl/ggmd/service/delivery/v1/endpoints</path>
            <mediaType>application/vnd.wso2.esb.endpoint</mediaType>
        </item>
    </artifact>
    <artifact name="GGMDKPIEmployeeNormDeviationConfigurations_xml" groupId="nl.weintegrate.ggmd.service.GGMDKPIMonitorDeliveryFileAdapter.resource" version="1.0.0" type="registry/resource" serverRole="GovernanceRegistry">
        <item>
            <file>GGMDKPIEmployeeNormDeviationConfigurations.xml</file>
            <path>/_system/governance/nl/ggmd/service/delivery/v1/configurationfiles</path>
            <mediaType>application/xml</mediaType>
        </item>
    </artifact>
</artifacts>
