<?xml version="1.0" encoding="UTF-8"?>
<Periods>
      <DeliveryPeriod>
         <DeliveryPeriodStartDate>2017-01-02</DeliveryPeriodStartDate>
         <DeliveryPeriodEndDate>2017-01-29</DeliveryPeriodEndDate>
         <Period>2017_CAK_1</Period>
      </DeliveryPeriod>
      <DeliveryPeriod>
         <DeliveryPeriodStartDate>2017-01-30</DeliveryPeriodStartDate>
         <DeliveryPeriodEndDate>2017-02-26</DeliveryPeriodEndDate>
         <Period>2017_CAK_2</Period>
      </DeliveryPeriod>
      <DeliveryPeriod>
         <DeliveryPeriodStartDate>2017-02-27</DeliveryPeriodStartDate>
         <DeliveryPeriodEndDate>2017-03-26</DeliveryPeriodEndDate>
         <Period>2017_CAK_3</Period>
      </DeliveryPeriod>
      <DeliveryPeriod>
         <DeliveryPeriodStartDate>2017-03-27</DeliveryPeriodStartDate>
         <DeliveryPeriodEndDate>2017-04-23</DeliveryPeriodEndDate>
         <Period>2017_CAK_4</Period>
      </DeliveryPeriod>
      <DeliveryPeriod>
         <DeliveryPeriodStartDate>2017-04-24</DeliveryPeriodStartDate>
         <DeliveryPeriodEndDate>2017-05-21</DeliveryPeriodEndDate>
         <Period>2017_CAK_5</Period>
      </DeliveryPeriod>
      <DeliveryPeriod>
         <DeliveryPeriodStartDate>2017-05-22</DeliveryPeriodStartDate>
         <DeliveryPeriodEndDate>2017-06-18</DeliveryPeriodEndDate>
         <Period>2017_CAK_6</Period>
      </DeliveryPeriod>
      <DeliveryPeriod>
         <DeliveryPeriodStartDate>2017-06-19</DeliveryPeriodStartDate>
         <DeliveryPeriodEndDate>2017-07-16</DeliveryPeriodEndDate>
         <Period>2017_CAK_7</Period>
      </DeliveryPeriod>
      <DeliveryPeriod>
         <DeliveryPeriodStartDate>2017-07-17</DeliveryPeriodStartDate>
         <DeliveryPeriodEndDate>2017-08-13</DeliveryPeriodEndDate>
         <Period>2017_CAK_8</Period>
      </DeliveryPeriod>
      <DeliveryPeriod>
         <DeliveryPeriodStartDate>2017-08-14</DeliveryPeriodStartDate>
         <DeliveryPeriodEndDate>2017-09-10</DeliveryPeriodEndDate>
         <Period>2017_CAK_9</Period>
      </DeliveryPeriod>
      <DeliveryPeriod>
         <DeliveryPeriodStartDate>2017-09-11</DeliveryPeriodStartDate>
         <DeliveryPeriodEndDate>2017-10-08</DeliveryPeriodEndDate>
         <Period>2017_CAK_10</Period>
      </DeliveryPeriod>
      <DeliveryPeriod>
         <DeliveryPeriodStartDate>2017-10-09</DeliveryPeriodStartDate>
         <DeliveryPeriodEndDate>2017-11-05</DeliveryPeriodEndDate>
         <Period>2017_CAK_11</Period>
      </DeliveryPeriod>
      <DeliveryPeriod>
         <DeliveryPeriodStartDate>2017-11-06</DeliveryPeriodStartDate>
         <DeliveryPeriodEndDate>2017-12-03</DeliveryPeriodEndDate>
         <Period>2017_CAK_12</Period>
      </DeliveryPeriod>
      <DeliveryPeriod>
         <DeliveryPeriodStartDate>2017-12-04</DeliveryPeriodStartDate>
         <DeliveryPeriodEndDate>2017-12-31</DeliveryPeriodEndDate>
         <Period>2017_CAK_13</Period>
      </DeliveryPeriod>
      <DeliveryPeriod>
         <DeliveryPeriodStartDate>2018-01-01</DeliveryPeriodStartDate>
         <DeliveryPeriodEndDate>2018-01-28</DeliveryPeriodEndDate>
         <Period>2018_CAK_1_wk1-4</Period>
      </DeliveryPeriod>
      <DeliveryPeriod>
         <DeliveryPeriodStartDate>2018-01-29</DeliveryPeriodStartDate>
         <DeliveryPeriodEndDate>2018-02-25</DeliveryPeriodEndDate>
         <Period>2018_CAK_2_wk5-8</Period>
      </DeliveryPeriod>
      <DeliveryPeriod>
         <DeliveryPeriodStartDate>2018-02-26</DeliveryPeriodStartDate>
         <DeliveryPeriodEndDate>2018-03-25</DeliveryPeriodEndDate>
         <Period>2018_CAK_3_wk9-12</Period>
      </DeliveryPeriod>
      <DeliveryPeriod>
         <DeliveryPeriodStartDate>2018-03-26</DeliveryPeriodStartDate>
         <DeliveryPeriodEndDate>2018-04-22</DeliveryPeriodEndDate>
         <Period>2018_CAK_4_wk13-16</Period>
      </DeliveryPeriod>
      <DeliveryPeriod>
         <DeliveryPeriodStartDate>2018-04-23</DeliveryPeriodStartDate>
         <DeliveryPeriodEndDate>2018-05-20</DeliveryPeriodEndDate>
         <Period>2018_CAK_5_wk17-20</Period>
      </DeliveryPeriod>
      <DeliveryPeriod>
         <DeliveryPeriodStartDate>2018-05-21</DeliveryPeriodStartDate>
         <DeliveryPeriodEndDate>2018-06-17</DeliveryPeriodEndDate>
         <Period>2018_CAK_6_wk21-24</Period>
      </DeliveryPeriod>
      <DeliveryPeriod>
         <DeliveryPeriodStartDate>2018-06-18</DeliveryPeriodStartDate>
         <DeliveryPeriodEndDate>2018-07-15</DeliveryPeriodEndDate>
         <Period>2018_CAK_7_wk25-28</Period>
      </DeliveryPeriod>
      <DeliveryPeriod>
         <DeliveryPeriodStartDate>2018-07-16</DeliveryPeriodStartDate>
         <DeliveryPeriodEndDate>2018-08-12</DeliveryPeriodEndDate>
         <Period>2018_CAK_8_wk29-32</Period>
      </DeliveryPeriod>
      <DeliveryPeriod>
         <DeliveryPeriodStartDate>2018-08-13</DeliveryPeriodStartDate>
         <DeliveryPeriodEndDate>2018-09-09</DeliveryPeriodEndDate>
         <Period>2018_CAK_9_wk33-36</Period>
      </DeliveryPeriod>
      <DeliveryPeriod>
         <DeliveryPeriodStartDate>2018-09-10</DeliveryPeriodStartDate>
         <DeliveryPeriodEndDate>2018-10-07</DeliveryPeriodEndDate>
         <Period>2018_CAK_10_wk37-40</Period>
      </DeliveryPeriod>
      <DeliveryPeriod>
         <DeliveryPeriodStartDate>2018-10-08</DeliveryPeriodStartDate>
         <DeliveryPeriodEndDate>2018-11-04</DeliveryPeriodEndDate>
         <Period>2018_CAK_11_wk41-44</Period>
      </DeliveryPeriod>
      <DeliveryPeriod>
         <DeliveryPeriodStartDate>2018-11-05</DeliveryPeriodStartDate>
         <DeliveryPeriodEndDate>2018-12-02</DeliveryPeriodEndDate>
         <Period>2018_CAK_12_wk45-48</Period>
      </DeliveryPeriod>
      <DeliveryPeriod>
         <DeliveryPeriodStartDate>2018-12-03</DeliveryPeriodStartDate>
         <DeliveryPeriodEndDate>2018-12-30</DeliveryPeriodEndDate>
         <Period>2018_CAK_13_wk49-52</Period>
      </DeliveryPeriod>
      <DeliveryPeriod>
         <DeliveryPeriodStartDate>2018-12-31</DeliveryPeriodStartDate>
         <DeliveryPeriodEndDate>2019-01-27</DeliveryPeriodEndDate>
         <Period>2019_CAK_1_wk1-4</Period>
      </DeliveryPeriod>   
      <DeliveryPeriod>
         <DeliveryPeriodStartDate>2019-01-28</DeliveryPeriodStartDate>
         <DeliveryPeriodEndDate>2019-02-24</DeliveryPeriodEndDate>
         <Period>2019_CAK_2_wk5-8</Period>
      </DeliveryPeriod>
      <DeliveryPeriod>
         <DeliveryPeriodStartDate>2019-02-25</DeliveryPeriodStartDate>
         <DeliveryPeriodEndDate>2019-03-24</DeliveryPeriodEndDate>
         <Period>2019_CAK_3_wk9-12</Period>
      </DeliveryPeriod>
      <DeliveryPeriod>
         <DeliveryPeriodStartDate>2019-03-25</DeliveryPeriodStartDate>
         <DeliveryPeriodEndDate>2019-04-21</DeliveryPeriodEndDate>
         <Period>2019_CAK_4_wk13-16</Period>
      </DeliveryPeriod>
      <DeliveryPeriod>
         <DeliveryPeriodStartDate>2019-04-22</DeliveryPeriodStartDate>
         <DeliveryPeriodEndDate>2019-05-19</DeliveryPeriodEndDate>
         <Period>2019_CAK_5_wk17-20</Period>
      </DeliveryPeriod>
      <DeliveryPeriod>
         <DeliveryPeriodStartDate>2019-05-20</DeliveryPeriodStartDate>
         <DeliveryPeriodEndDate>2019-06-16</DeliveryPeriodEndDate>
         <Period>2019_CAK_6_wk21-24</Period>
      </DeliveryPeriod>
      <DeliveryPeriod>
         <DeliveryPeriodStartDate>2019-06-17</DeliveryPeriodStartDate>
         <DeliveryPeriodEndDate>2019-07-14</DeliveryPeriodEndDate>
         <Period>2019_CAK_7_wk25-28</Period>
      </DeliveryPeriod>
      <DeliveryPeriod>
         <DeliveryPeriodStartDate>2019-07-15</DeliveryPeriodStartDate>
         <DeliveryPeriodEndDate>2019-08-11</DeliveryPeriodEndDate>
         <Period>2019_CAK_8_wk29-32</Period>
      </DeliveryPeriod>
      <DeliveryPeriod>
         <DeliveryPeriodStartDate>2019-08-12</DeliveryPeriodStartDate>
         <DeliveryPeriodEndDate>2019-09-08</DeliveryPeriodEndDate>
         <Period>2019_CAK_9_wk33-36</Period>
      </DeliveryPeriod>
      <DeliveryPeriod>
         <DeliveryPeriodStartDate>2019-09-09</DeliveryPeriodStartDate>
         <DeliveryPeriodEndDate>2019-10-06</DeliveryPeriodEndDate>
         <Period>2019_CAK_10_wk37-40</Period>
      </DeliveryPeriod>
      <DeliveryPeriod>
         <DeliveryPeriodStartDate>2019-10-07</DeliveryPeriodStartDate>
         <DeliveryPeriodEndDate>2019-11-03</DeliveryPeriodEndDate>
         <Period>2019_CAK_11_wk41-44</Period>
      </DeliveryPeriod>
      <DeliveryPeriod>
         <DeliveryPeriodStartDate>2019-11-04</DeliveryPeriodStartDate>
         <DeliveryPeriodEndDate>2019-12-01</DeliveryPeriodEndDate>
         <Period>2019_CAK_12_wk45-48</Period>
      </DeliveryPeriod>
      <DeliveryPeriod>
         <DeliveryPeriodStartDate>2019-12-02</DeliveryPeriodStartDate>
         <DeliveryPeriodEndDate>2019-12-29</DeliveryPeriodEndDate>
         <Period>2019_CAK_13_wk49-52</Period>
      </DeliveryPeriod>
</Periods>