<?xml version="1.0" encoding="UTF-8"?>
<Designations>
   <Designation>
      <SDB_Designation>Adm. Medewerker</SDB_Designation>
      <GGMD_Designation>null</GGMD_Designation>
   </Designation>
   <Designation>
      <SDB_Designation>Amb secr. OR</SDB_Designation>
      <GGMD_Designation>null</GGMD_Designation>
   </Designation>
   <Designation>
      <SDB_Designation>Ambul. Verpleegk.</SDB_Designation>
      <GGMD_Designation>Ambulant Verpleegkundige</GGMD_Designation>
   </Designation>
   <Designation>
      <SDB_Designation>Arbeidsdeskundige</SDB_Designation>
      <GGMD_Designation>Arbeidsdeskundige</GGMD_Designation>
   </Designation>
   <Designation>
      <SDB_Designation>Begeleider DF/BLD</SDB_Designation>
      <GGMD_Designation>Woonbegeleider</GGMD_Designation>
   </Designation>
   <Designation>
      <SDB_Designation>Bestuurder</SDB_Designation>
      <GGMD_Designation>null</GGMD_Designation>
   </Designation>
   <Designation>
      <SDB_Designation>Bestuursadviseur</SDB_Designation>
      <GGMD_Designation>null</GGMD_Designation>
   </Designation>
   <Designation>
      <SDB_Designation>Bestuurssecret.</SDB_Designation>
      <GGMD_Designation>null</GGMD_Designation>
   </Designation>
   <Designation>
      <SDB_Designation>Communic.trainer</SDB_Designation>
      <GGMD_Designation>null</GGMD_Designation>
   </Designation>
   <Designation>
      <SDB_Designation>Contract Manager</SDB_Designation>
      <GGMD_Designation>null</GGMD_Designation>
   </Designation>
   <Designation>
      <SDB_Designation>Coordinator Ctr</SDB_Designation>
      <GGMD_Designation>null</GGMD_Designation>
   </Designation>
   <Designation>
      <SDB_Designation>Ergotherapeut</SDB_Designation>
      <GGMD_Designation>Ergotherapeut</GGMD_Designation>
   </Designation>
   <Designation>
      <SDB_Designation>Gastvrouw</SDB_Designation>
      <GGMD_Designation>null</GGMD_Designation>
   </Designation>
   <Designation>
      <SDB_Designation>Gz Psycholoog</SDB_Designation>
      <GGMD_Designation>GZ-psycholoog</GGMD_Designation>
   </Designation>
   <Designation>
      <SDB_Designation>Hoofd Po</SDB_Designation>
      <GGMD_Designation>null</GGMD_Designation>
   </Designation>
   <Designation>
      <SDB_Designation>HR Adviseur</SDB_Designation>
      <GGMD_Designation>null</GGMD_Designation>
   </Designation>
   <Designation>
      <SDB_Designation>Kwaliteitsadviseur</SDB_Designation>
      <GGMD_Designation>null</GGMD_Designation>
   </Designation>
   <Designation>
      <SDB_Designation>Ll Woonbegeleider</SDB_Designation>
      <GGMD_Designation>Woonbegeleider</GGMD_Designation>
   </Designation>
   <Designation>
      <SDB_Designation>Loopbaanbegeleider</SDB_Designation>
      <GGMD_Designation>Loopbaanbegeleider</GGMD_Designation>
   </Designation>
   <Designation>
      <SDB_Designation>Maatsch. Werker</SDB_Designation>
      <GGMD_Designation>Maatschappelijk werker 1</GGMD_Designation>
   </Designation>
   <Designation>
      <SDB_Designation>Manager Comm. Team</SDB_Designation>
      <GGMD_Designation>null</GGMD_Designation>
   </Designation>
   <Designation>
      <SDB_Designation>Med Fac Beleid Ont</SDB_Designation>
      <GGMD_Designation>null</GGMD_Designation>
   </Designation>
   <Designation>
      <SDB_Designation>Med Personeelszk</SDB_Designation>
      <GGMD_Designation>null</GGMD_Designation>
   </Designation>
   <Designation>
      <SDB_Designation>Med PR &amp; Vrlchtng</SDB_Designation>
      <GGMD_Designation>null</GGMD_Designation>
   </Designation>
   <Designation>
      <SDB_Designation>Med productie adm</SDB_Designation>
      <GGMD_Designation>null</GGMD_Designation>
   </Designation>
   <Designation>
      <SDB_Designation>Med Team Aanm-Cont</SDB_Designation>
      <GGMD_Designation>null</GGMD_Designation>
   </Designation>
   <Designation>
      <SDB_Designation>Medew Fin Adm</SDB_Designation>
      <GGMD_Designation>null</GGMD_Designation>
   </Designation>
   <Designation>
      <SDB_Designation>Onderz.coördinator</SDB_Designation>
      <GGMD_Designation>null</GGMD_Designation>
   </Designation>
   <Designation>
      <SDB_Designation>Opvoedtrainer</SDB_Designation>
      <GGMD_Designation>Opvoedtrainer</GGMD_Designation>
   </Designation>
   <Designation>
      <SDB_Designation>Organisatiecoach</SDB_Designation>
      <GGMD_Designation>Organisatiecoach</GGMD_Designation>
   </Designation>
   <Designation>
      <SDB_Designation>Orthopedagoog</SDB_Designation>
      <GGMD_Designation>Orthopedagoog</GGMD_Designation>
   </Designation>
   <Designation>
      <SDB_Designation>Pedagogisch behand</SDB_Designation>
      <GGMD_Designation>Pedagogisch Behandelaar</GGMD_Designation>
   </Designation>
   <Designation>
      <SDB_Designation>PMT</SDB_Designation>
      <GGMD_Designation>Psychomotorisch therapeut</GGMD_Designation>
   </Designation>
   <Designation>
      <SDB_Designation>Psychiater</SDB_Designation>
      <GGMD_Designation>Psychiater</GGMD_Designation>
   </Designation>
   <Designation>
      <SDB_Designation>Psycholoog</SDB_Designation>
      <GGMD_Designation>Psycholoog</GGMD_Designation>
   </Designation>
   <Designation>
      <SDB_Designation>Psychotherapeut</SDB_Designation>
      <GGMD_Designation>Psychotherapeut</GGMD_Designation>
   </Designation>
   <Designation>
      <SDB_Designation>Regio Secretatesse</SDB_Designation>
      <GGMD_Designation>null</GGMD_Designation>
   </Designation>
   <Designation>
      <SDB_Designation>Regiomanager</SDB_Designation>
      <GGMD_Designation>null</GGMD_Designation>
   </Designation>
   <Designation>
      <SDB_Designation>Regiosecretaresse</SDB_Designation>
      <GGMD_Designation>null</GGMD_Designation>
   </Designation>
   <Designation>
      <SDB_Designation>sec adm med</SDB_Designation>
      <GGMD_Designation>null</GGMD_Designation>
   </Designation>
   <Designation>
      <SDB_Designation>Soc Psych Verpl</SDB_Designation>
      <GGMD_Designation>Soc-Psychiatrisch verpleegk</GGMD_Designation>
   </Designation>
   <Designation>
      <SDB_Designation>Spec Hulpmiddelen</SDB_Designation>
      <GGMD_Designation>Specialist hulpmiddelen</GGMD_Designation>
   </Designation>
   <Designation>
      <SDB_Designation>Staflid R&amp;D</SDB_Designation>
      <GGMD_Designation>null</GGMD_Designation>
   </Designation>
   <Designation>
      <SDB_Designation>Stagiair</SDB_Designation>
      <GGMD_Designation>null</GGMD_Designation>
   </Designation>
   <Designation>
      <SDB_Designation>Systeembeheerder</SDB_Designation>
      <GGMD_Designation>Tolk Ngt</GGMD_Designation>
   </Designation>
   <Designation>
      <SDB_Designation>Systeembeheerder</SDB_Designation>
      <GGMD_Designation>null</GGMD_Designation>
   </Designation>
   <Designation>
      <SDB_Designation>Tolk Ngt</SDB_Designation>
      <GGMD_Designation>Tolk gebarentaal/Comm.specialist</GGMD_Designation>
   </Designation>
   <Designation>
      <SDB_Designation>Tolkenplanner</SDB_Designation>
      <GGMD_Designation>Tolk gebarentaal/Comm.specialist</GGMD_Designation>
   </Designation>
   <Designation>
      <SDB_Designation>Trainer</SDB_Designation>
      <GGMD_Designation>Communicatietrainer</GGMD_Designation>
   </Designation>
   <Designation>
      <SDB_Designation>Vakther Creatief</SDB_Designation>
      <GGMD_Designation>Vaktherapeut</GGMD_Designation>
   </Designation>
   <Designation>
      <SDB_Designation>Vakther.- Trainer</SDB_Designation>
      <GGMD_Designation>Vaktherapeut</GGMD_Designation>
   </Designation>
   <Designation>
      <SDB_Designation>Vaktherap-Psychom.</SDB_Designation>
      <GGMD_Designation>Vaktherapeut</GGMD_Designation>
   </Designation>
   <Designation>
      <SDB_Designation>Werknemer</SDB_Designation>
      <GGMD_Designation>null</GGMD_Designation>
   </Designation>
   <Designation>
      <SDB_Designation>Woonbegel. Liptb</SDB_Designation>
      <GGMD_Designation>Woonbegeleider</GGMD_Designation>
   </Designation>
   <Designation>
      <SDB_Designation>Woonbegeleider</SDB_Designation>
      <GGMD_Designation>Woonbegeleider</GGMD_Designation>
   </Designation>
</Designations>