<?xml version="1.0" encoding="UTF-8"?>
<root>
	<Deviation>
		<EmployeeId>118246</EmployeeId>
		<NormDeviation>-416</NormDeviation>
	</Deviation>
	<Deviation>
		<EmployeeId>401410</EmployeeId>
		<NormDeviation>-416</NormDeviation>
	</Deviation>
	<Deviation>
		<EmployeeId>327316</EmployeeId>
		<NormDeviation>-235</NormDeviation>
	</Deviation>
	<Deviation>
		<EmployeeId>402768</EmployeeId>
		<NormDeviation>-9</NormDeviation>
	</Deviation>
	<Deviation>
		<EmployeeId>402715</EmployeeId>
		<NormDeviation>-9</NormDeviation>
	</Deviation>
	<Deviation>
		<EmployeeId>118259</EmployeeId>
		<NormDeviation>-9</NormDeviation>
	</Deviation>
	<Deviation>
		<EmployeeId>400619</EmployeeId>
		<NormDeviation>-4</NormDeviation>
	</Deviation>
	<Deviation>
		<EmployeeId>402816</EmployeeId>
		<NormDeviation>-156</NormDeviation>
	</Deviation>
	<Deviation>
		<EmployeeId>401409</EmployeeId>
		<NormDeviation>-156</NormDeviation>
	</Deviation>
	<Deviation>
		<EmployeeId>402757</EmployeeId>
		<NormDeviation>-104</NormDeviation>
	</Deviation>
	<Deviation>
		<EmployeeId>118253</EmployeeId>
		<NormDeviation>-416</NormDeviation>
	</Deviation>
	<Deviation>
		<EmployeeId>402735</EmployeeId>
		<NormDeviation>-235</NormDeviation>
	</Deviation>
	<Deviation>
		<EmployeeId>401332</EmployeeId>
		<NormDeviation>-331</NormDeviation>
	</Deviation>
	<Deviation>
		<EmployeeId>118249</EmployeeId>
		<NormDeviation>-49</NormDeviation>
	</Deviation>
</root>	