<?xml version="1.0" encoding="UTF-8"?>
<endpoint name="GGMDKPIMonitorGetEmployeeEP" xmlns="http://ws.apache.org/ns/synapse">
  <http method="get" trace="disable" uri-template="http://localhost:8280/employeemanagement_01/employee?employeeid={uri.var.CareWebEmployeeId}&amp;deliverydate={uri.var.DeliveryDate}">
    <timeout>
      <duration>30000</duration>
      <responseAction>fault</responseAction>
    </timeout>
    <suspendOnFailure>
      <errorCodes>-1</errorCodes>
      <initialDuration>0</initialDuration>
      <progressionFactor>1.0</progressionFactor>
      <maximumDuration>0</maximumDuration>
    </suspendOnFailure>
    <markForSuspension>
      <errorCodes>-1</errorCodes>
    </markForSuspension>
  </http>
</endpoint>
