<?xml version="1.0" encoding="UTF-8"?>
<api context="/devicemanagement_01" name="DeviceManagement" xmlns="http://ws.apache.org/ns/synapse">
    <resource faultSequence="RegisterDeviceToDeviceDataFaultSequence" methods="POST" protocol="http" uri-template="/devices">
        <inSequence>
            <sequence key="RegisterDeviceToDeviceDataInSequence"/>
        </inSequence>
        <outSequence>
            <sequence key="RegisterDeviceToDeviceDataOutSequence"/>
        </outSequence>
    </resource>
    <resource faultSequence="GetDevicesFaultSequence" methods="POST" protocol="http" url-mapping="/users/devices">
        <inSequence>
            <sequence key="GetDevicesInSequence"/>
        </inSequence>
        <outSequence>
            <sequence key="GetDevicesOutSequence"/>
        </outSequence>
    </resource>
    <resource faultSequence="UnregisterDeviceFaultSequence" methods="POST" protocol="http" url-mapping="/devices/unregister">
        <inSequence>
            <sequence key="UnregisterDeviceInSequence"/>
        </inSequence>
        <outSequence>
            <sequence key="UnregisterDeviceOutSequence"/>
        </outSequence>
    </resource>
    <resource faultSequence="ListDeviceFaultSequence" methods="GET" protocol="http" url-mapping="/devices/list">
        <inSequence>
            <sequence key="ListDeviceInSequence"/>
        </inSequence>
        <outSequence>
            <sequence key="ListDeviceOutSequence"/>
        </outSequence>
    </resource>
    <resource faultSequence="UnsubscribeUserFaultSequence" methods="DELETE" protocol="http" uri-template="/users/{UserName}">
        <inSequence>
            <sequence key="UnsubscribeUserInSequence"/>
        </inSequence>
        <outSequence>
            <sequence key="UnsubscribeUserOutSequence"/>
        </outSequence>
    </resource>
</api>
